2026-03-26 19:54:12.902 Did not auto detect external IP.
Please go to https://docs.streamlit.io/ for debugging hints.

  You can now view your Streamlit app in your browser.

  Local URL: http://localhost:8501
  Network URL: http://10.249.142.120:8501

2026-03-26 19:55:30.692 Please replace `use_container_width` with `width`.

`use_container_width` will be removed after 2025-12-31.

For `use_container_width=True`, use `width='stretch'`. For `use_container_width=False`, use `width='content'`.
2026-03-26 19:55:30.717 Please replace `use_container_width` with `width`.

`use_container_width` will be removed after 2025-12-31.

For `use_container_width=True`, use `width='stretch'`. For `use_container_width=False`, use `width='content'`.
2026-03-26 19:55:30.769 `label` got an empty value. This is discouraged for accessibility reasons and may be disallowed in the future by raising an exception. Please provide a non-empty label and hide it with label_visibility if needed.
Stack (most recent call last):
  File "C:\Users\A0496749\AppData\Local\Programs\Python\Python312\Lib\threading.py", line 1032, in _bootstrap
    self._bootstrap_inner()
  File "C:\Users\A0496749\AppData\Local\Programs\Python\Python312\Lib\threading.py", line 1075, in _bootstrap_inner
    self.run()
  File "C:\Users\A0496749\AppData\Local\Programs\Python\Python312\Lib\threading.py", line 1012, in run
    self._target(*self._args, **self._kwargs)
  File "C:\Users\A0496749\AppData\Local\Programs\Python\Python312\Lib\site-packages\streamlit\runtime\scriptrunner\script_runner.py", line 379, in _run_script_thread
    self._run_script(request.rerun_data)
  File "C:\Users\A0496749\AppData\Local\Programs\Python\Python312\Lib\site-packages\streamlit\runtime\scriptrunner\script_runner.py", line 705, in _run_script
    ) = exec_func_with_error_handling(code_to_exec, ctx)
  File "C:\Users\A0496749\AppData\Local\Programs\Python\Python312\Lib\site-packages\streamlit\runtime\scriptrunner\exec_code.py", line 129, in exec_func_with_error_handling
    result = func()
  File "C:\Users\A0496749\AppData\Local\Programs\Python\Python312\Lib\site-packages\streamlit\runtime\scriptrunner\script_runner.py", line 689, in code_to_exec
    exec(code, module.__dict__)  # noqa: S102
  File "C:\Capstone_Project\app.py", line 1642, in <module>
    main()
  File "C:\Capstone_Project\app.py", line 1635, in main
    with tab2: tab_eda(df)
  File "C:\Capstone_Project\app.py", line 466, in tab_eda
    view = st.radio("", EDA_VIEWS, key="eda_nav", label_visibility="collapsed")
  File "C:\Users\A0496749\AppData\Local\Programs\Python\Python312\Lib\site-packages\streamlit\runtime\metrics_util.py", line 532, in wrapped_func
    result = non_optional_func(*args, **kwargs)
  File "C:\Users\A0496749\AppData\Local\Programs\Python\Python312\Lib\site-packages\streamlit\elements\widgets\radio.py", line 402, in radio
    return self._radio(
  File "C:\Users\A0496749\AppData\Local\Programs\Python\Python312\Lib\site-packages\streamlit\elements\widgets\radio.py", line 449, in _radio
    maybe_raise_label_warnings(label, label_visibility)
  File "C:\Users\A0496749\AppData\Local\Programs\Python\Python312\Lib\site-packages\streamlit\elements\lib\policies.py", line 187, in maybe_raise_label_warnings
    _LOGGER.warning(
2026-03-26 19:55:30.853 Please replace `use_container_width` with `width`.

`use_container_width` will be removed after 2025-12-31.

For `use_container_width=True`, use `width='stretch'`. For `use_container_width=False`, use `width='content'`.

1 Failed download:
['MSFT']: TypeError("'NoneType' object is not subscriptable")
2026-03-26 19:56:00.986 Please replace `use_container_width` with `width`.

`use_container_width` will be removed after 2025-12-31.

For `use_container_width=True`, use `width='stretch'`. For `use_container_width=False`, use `width='content'`.
2026-03-26 19:56:01.006 Please replace `use_container_width` with `width`.

`use_container_width` will be removed after 2025-12-31.

For `use_container_width=True`, use `width='stretch'`. For `use_container_width=False`, use `width='content'`.
2026-03-26 19:56:01.065 `label` got an empty value. This is discouraged for accessibility reasons and may be disallowed in the future by raising an exception. Please provide a non-empty label and hide it with label_visibility if needed.
Stack (most recent call last):
  File "C:\Users\A0496749\AppData\Local\Programs\Python\Python312\Lib\threading.py", line 1032, in _bootstrap
    self._bootstrap_inner()
  File "C:\Users\A0496749\AppData\Local\Programs\Python\Python312\Lib\threading.py", line 1075, in _bootstrap_inner
    self.run()
  File "C:\Users\A0496749\AppData\Local\Programs\Python\Python312\Lib\threading.py", line 1012, in run
    self._target(*self._args, **self._kwargs)
  File "C:\Users\A0496749\AppData\Local\Programs\Python\Python312\Lib\site-packages\streamlit\runtime\scriptrunner\script_runner.py", line 379, in _run_script_thread
    self._run_script(request.rerun_data)
  File "C:\Users\A0496749\AppData\Local\Programs\Python\Python312\Lib\site-packages\streamlit\runtime\scriptrunner\script_runner.py", line 705, in _run_script
    ) = exec_func_with_error_handling(code_to_exec, ctx)
  File "C:\Users\A0496749\AppData\Local\Programs\Python\Python312\Lib\site-packages\streamlit\runtime\scriptrunner\exec_code.py", line 129, in exec_func_with_error_handling
    result = func()
  File "C:\Users\A0496749\AppData\Local\Programs\Python\Python312\Lib\site-packages\streamlit\runtime\scriptrunner\script_runner.py", line 689, in code_to_exec
    exec(code, module.__dict__)  # noqa: S102
  File "C:\Capstone_Project\app.py", line 1642, in <module>
    main()
  File "C:\Capstone_Project\app.py", line 1635, in main
    with tab2: tab_eda(df)
  File "C:\Capstone_Project\app.py", line 466, in tab_eda
    view = st.radio("", EDA_VIEWS, key="eda_nav", label_visibility="collapsed")
  File "C:\Users\A0496749\AppData\Local\Programs\Python\Python312\Lib\site-packages\streamlit\runtime\metrics_util.py", line 532, in wrapped_func
    result = non_optional_func(*args, **kwargs)
  File "C:\Users\A0496749\AppData\Local\Programs\Python\Python312\Lib\site-packages\streamlit\elements\widgets\radio.py", line 402, in radio
    return self._radio(
  File "C:\Users\A0496749\AppData\Local\Programs\Python\Python312\Lib\site-packages\streamlit\elements\widgets\radio.py", line 449, in _radio
    maybe_raise_label_warnings(label, label_visibility)
  File "C:\Users\A0496749\AppData\Local\Programs\Python\Python312\Lib\site-packages\streamlit\elements\lib\policies.py", line 187, in maybe_raise_label_warnings
    _LOGGER.warning(
2026-03-26 19:56:01.413 Please replace `use_container_width` with `width`.

`use_container_width` will be removed after 2025-12-31.

For `use_container_width=True`, use `width='stretch'`. For `use_container_width=False`, use `width='content'`.
2026-03-26 19:56:07.785 Please replace `use_container_width` with `width`.

`use_container_width` will be removed after 2025-12-31.

For `use_container_width=True`, use `width='stretch'`. For `use_container_width=False`, use `width='content'`.
2026-03-26 19:56:07.807 Please replace `use_container_width` with `width`.

`use_container_width` will be removed after 2025-12-31.

For `use_container_width=True`, use `width='stretch'`. For `use_container_width=False`, use `width='content'`.
2026-03-26 19:56:07.871 `label` got an empty value. This is discouraged for accessibility reasons and may be disallowed in the future by raising an exception. Please provide a non-empty label and hide it with label_visibility if needed.
Stack (most recent call last):
  File "C:\Users\A0496749\AppData\Local\Programs\Python\Python312\Lib\threading.py", line 1032, in _bootstrap
    self._bootstrap_inner()
  File "C:\Users\A0496749\AppData\Local\Programs\Python\Python312\Lib\threading.py", line 1075, in _bootstrap_inner
    self.run()
  File "C:\Users\A0496749\AppData\Local\Programs\Python\Python312\Lib\threading.py", line 1012, in run
    self._target(*self._args, **self._kwargs)
  File "C:\Users\A0496749\AppData\Local\Programs\Python\Python312\Lib\site-packages\streamlit\runtime\scriptrunner\script_runner.py", line 379, in _run_script_thread
    self._run_script(request.rerun_data)
  File "C:\Users\A0496749\AppData\Local\Programs\Python\Python312\Lib\site-packages\streamlit\runtime\scriptrunner\script_runner.py", line 705, in _run_script
    ) = exec_func_with_error_handling(code_to_exec, ctx)
  File "C:\Users\A0496749\AppData\Local\Programs\Python\Python312\Lib\site-packages\streamlit\runtime\scriptrunner\exec_code.py", line 129, in exec_func_with_error_handling
    result = func()
  File "C:\Users\A0496749\AppData\Local\Programs\Python\Python312\Lib\site-packages\streamlit\runtime\scriptrunner\script_runner.py", line 689, in code_to_exec
    exec(code, module.__dict__)  # noqa: S102
  File "C:\Capstone_Project\app.py", line 1642, in <module>
    main()
  File "C:\Capstone_Project\app.py", line 1635, in main
    with tab2: tab_eda(df)
  File "C:\Capstone_Project\app.py", line 466, in tab_eda
    view = st.radio("", EDA_VIEWS, key="eda_nav", label_visibility="collapsed")
  File "C:\Users\A0496749\AppData\Local\Programs\Python\Python312\Lib\site-packages\streamlit\runtime\metrics_util.py", line 532, in wrapped_func
    result = non_optional_func(*args, **kwargs)
  File "C:\Users\A0496749\AppData\Local\Programs\Python\Python312\Lib\site-packages\streamlit\elements\widgets\radio.py", line 402, in radio
    return self._radio(
  File "C:\Users\A0496749\AppData\Local\Programs\Python\Python312\Lib\site-packages\streamlit\elements\widgets\radio.py", line 449, in _radio
    maybe_raise_label_warnings(label, label_visibility)
  File "C:\Users\A0496749\AppData\Local\Programs\Python\Python312\Lib\site-packages\streamlit\elements\lib\policies.py", line 187, in maybe_raise_label_warnings
    _LOGGER.warning(
2026-03-26 19:56:08.046 Please replace `use_container_width` with `width`.

`use_container_width` will be removed after 2025-12-31.

For `use_container_width=True`, use `width='stretch'`. For `use_container_width=False`, use `width='content'`.
2026-03-26 19:56:08.300 Please replace `use_container_width` with `width`.

`use_container_width` will be removed after 2025-12-31.

For `use_container_width=True`, use `width='stretch'`. For `use_container_width=False`, use `width='content'`.
2026-03-26 19:56:08.579 Please replace `use_container_width` with `width`.

`use_container_width` will be removed after 2025-12-31.

For `use_container_width=True`, use `width='stretch'`. For `use_container_width=False`, use `width='content'`.
2026-03-26 19:56:08.600 Please replace `use_container_width` with `width`.

`use_container_width` will be removed after 2025-12-31.

For `use_container_width=True`, use `width='stretch'`. For `use_container_width=False`, use `width='content'`.
2026-03-26 19:56:08.686 `label` got an empty value. This is discouraged for accessibility reasons and may be disallowed in the future by raising an exception. Please provide a non-empty label and hide it with label_visibility if needed.
Stack (most recent call last):
  File "C:\Users\A0496749\AppData\Local\Programs\Python\Python312\Lib\threading.py", line 1032, in _bootstrap
    self._bootstrap_inner()
  File "C:\Users\A0496749\AppData\Local\Programs\Python\Python312\Lib\threading.py", line 1075, in _bootstrap_inner
    self.run()
  File "C:\Users\A0496749\AppData\Local\Programs\Python\Python312\Lib\threading.py", line 1012, in run
    self._target(*self._args, **self._kwargs)
  File "C:\Users\A0496749\AppData\Local\Programs\Python\Python312\Lib\site-packages\streamlit\runtime\scriptrunner\script_runner.py", line 379, in _run_script_thread
    self._run_script(request.rerun_data)
  File "C:\Users\A0496749\AppData\Local\Programs\Python\Python312\Lib\site-packages\streamlit\runtime\scriptrunner\script_runner.py", line 705, in _run_script
    ) = exec_func_with_error_handling(code_to_exec, ctx)
  File "C:\Users\A0496749\AppData\Local\Programs\Python\Python312\Lib\site-packages\streamlit\runtime\scriptrunner\exec_code.py", line 129, in exec_func_with_error_handling
    result = func()
  File "C:\Users\A0496749\AppData\Local\Programs\Python\Python312\Lib\site-packages\streamlit\runtime\scriptrunner\script_runner.py", line 689, in code_to_exec
    exec(code, module.__dict__)  # noqa: S102
  File "C:\Capstone_Project\app.py", line 1642, in <module>
    main()
  File "C:\Capstone_Project\app.py", line 1635, in main
    with tab2: tab_eda(df)
  File "C:\Capstone_Project\app.py", line 466, in tab_eda
    view = st.radio("", EDA_VIEWS, key="eda_nav", label_visibility="collapsed")
  File "C:\Users\A0496749\AppData\Local\Programs\Python\Python312\Lib\site-packages\streamlit\runtime\metrics_util.py", line 532, in wrapped_func
    result = non_optional_func(*args, **kwargs)
  File "C:\Users\A0496749\AppData\Local\Programs\Python\Python312\Lib\site-packages\streamlit\elements\widgets\radio.py", line 402, in radio
    return self._radio(
  File "C:\Users\A0496749\AppData\Local\Programs\Python\Python312\Lib\site-packages\streamlit\elements\widgets\radio.py", line 449, in _radio
    maybe_raise_label_warnings(label, label_visibility)
  File "C:\Users\A0496749\AppData\Local\Programs\Python\Python312\Lib\site-packages\streamlit\elements\lib\policies.py", line 187, in maybe_raise_label_warnings
    _LOGGER.warning(
2026-03-26 19:56:08.744 Please replace `use_container_width` with `width`.

`use_container_width` will be removed after 2025-12-31.

For `use_container_width=True`, use `width='stretch'`. For `use_container_width=False`, use `width='content'`.
2026-03-26 19:56:12.668 Please replace `use_container_width` with `width`.

`use_container_width` will be removed after 2025-12-31.

For `use_container_width=True`, use `width='stretch'`. For `use_container_width=False`, use `width='content'`.
2026-03-26 19:56:12.684 Please replace `use_container_width` with `width`.

`use_container_width` will be removed after 2025-12-31.

For `use_container_width=True`, use `width='stretch'`. For `use_container_width=False`, use `width='content'`.
2026-03-26 19:56:12.722 `label` got an empty value. This is discouraged for accessibility reasons and may be disallowed in the future by raising an exception. Please provide a non-empty label and hide it with label_visibility if needed.
Stack (most recent call last):
  File "C:\Users\A0496749\AppData\Local\Programs\Python\Python312\Lib\threading.py", line 1032, in _bootstrap
    self._bootstrap_inner()
  File "C:\Users\A0496749\AppData\Local\Programs\Python\Python312\Lib\threading.py", line 1075, in _bootstrap_inner
    self.run()
  File "C:\Users\A0496749\AppData\Local\Programs\Python\Python312\Lib\threading.py", line 1012, in run
    self._target(*self._args, **self._kwargs)
  File "C:\Users\A0496749\AppData\Local\Programs\Python\Python312\Lib\site-packages\streamlit\runtime\scriptrunner\script_runner.py", line 379, in _run_script_thread
    self._run_script(request.rerun_data)
  File "C:\Users\A0496749\AppData\Local\Programs\Python\Python312\Lib\site-packages\streamlit\runtime\scriptrunner\script_runner.py", line 705, in _run_script
    ) = exec_func_with_error_handling(code_to_exec, ctx)
  File "C:\Users\A0496749\AppData\Local\Programs\Python\Python312\Lib\site-packages\streamlit\runtime\scriptrunner\exec_code.py", line 129, in exec_func_with_error_handling
    result = func()
  File "C:\Users\A0496749\AppData\Local\Programs\Python\Python312\Lib\site-packages\streamlit\runtime\scriptrunner\script_runner.py", line 689, in code_to_exec
    exec(code, module.__dict__)  # noqa: S102
  File "C:\Capstone_Project\app.py", line 1642, in <module>
    main()
  File "C:\Capstone_Project\app.py", line 1635, in main
    with tab2: tab_eda(df)
  File "C:\Capstone_Project\app.py", line 466, in tab_eda
    view = st.radio("", EDA_VIEWS, key="eda_nav", label_visibility="collapsed")
  File "C:\Users\A0496749\AppData\Local\Programs\Python\Python312\Lib\site-packages\streamlit\runtime\metrics_util.py", line 532, in wrapped_func
    result = non_optional_func(*args, **kwargs)
  File "C:\Users\A0496749\AppData\Local\Programs\Python\Python312\Lib\site-packages\streamlit\elements\widgets\radio.py", line 402, in radio
    return self._radio(
  File "C:\Users\A0496749\AppData\Local\Programs\Python\Python312\Lib\site-packages\streamlit\elements\widgets\radio.py", line 449, in _radio
    maybe_raise_label_warnings(label, label_visibility)
  File "C:\Users\A0496749\AppData\Local\Programs\Python\Python312\Lib\site-packages\streamlit\elements\lib\policies.py", line 187, in maybe_raise_label_warnings
    _LOGGER.warning(
2026-03-26 19:56:12.783 Please replace `use_container_width` with `width`.

`use_container_width` will be removed after 2025-12-31.

For `use_container_width=True`, use `width='stretch'`. For `use_container_width=False`, use `width='content'`.

1 Failed download:
['GOOGL']: TypeError("'NoneType' object is not subscriptable")
2026-03-26 19:56:24.429 Please replace `use_container_width` with `width`.

`use_container_width` will be removed after 2025-12-31.

For `use_container_width=True`, use `width='stretch'`. For `use_container_width=False`, use `width='content'`.
2026-03-26 19:56:24.447 Please replace `use_container_width` with `width`.

`use_container_width` will be removed after 2025-12-31.

For `use_container_width=True`, use `width='stretch'`. For `use_container_width=False`, use `width='content'`.
2026-03-26 19:56:24.501 Please replace `use_container_width` with `width`.

`use_container_width` will be removed after 2025-12-31.

For `use_container_width=True`, use `width='stretch'`. For `use_container_width=False`, use `width='content'`.
2026-03-26 19:56:24.532 Please replace `use_container_width` with `width`.

`use_container_width` will be removed after 2025-12-31.

For `use_container_width=True`, use `width='stretch'`. For `use_container_width=False`, use `width='content'`.
2026-03-26 19:57:56.234 Please replace `use_container_width` with `width`.

`use_container_width` will be removed after 2025-12-31.

For `use_container_width=True`, use `width='stretch'`. For `use_container_width=False`, use `width='content'`.
2026-03-26 19:57:56.243 Please replace `use_container_width` with `width`.

`use_container_width` will be removed after 2025-12-31.

For `use_container_width=True`, use `width='stretch'`. For `use_container_width=False`, use `width='content'`.
2026-03-26 19:57:56.264 `label` got an empty value. This is discouraged for accessibility reasons and may be disallowed in the future by raising an exception. Please provide a non-empty label and hide it with label_visibility if needed.
Stack (most recent call last):
  File "C:\Users\A0496749\AppData\Local\Programs\Python\Python312\Lib\threading.py", line 1032, in _bootstrap
    self._bootstrap_inner()
  File "C:\Users\A0496749\AppData\Local\Programs\Python\Python312\Lib\threading.py", line 1075, in _bootstrap_inner
    self.run()
  File "C:\Users\A0496749\AppData\Local\Programs\Python\Python312\Lib\threading.py", line 1012, in run
    self._target(*self._args, **self._kwargs)
  File "C:\Users\A0496749\AppData\Local\Programs\Python\Python312\Lib\site-packages\streamlit\runtime\scriptrunner\script_runner.py", line 379, in _run_script_thread
    self._run_script(request.rerun_data)
  File "C:\Users\A0496749\AppData\Local\Programs\Python\Python312\Lib\site-packages\streamlit\runtime\scriptrunner\script_runner.py", line 705, in _run_script
    ) = exec_func_with_error_handling(code_to_exec, ctx)
  File "C:\Users\A0496749\AppData\Local\Programs\Python\Python312\Lib\site-packages\streamlit\runtime\scriptrunner\exec_code.py", line 129, in exec_func_with_error_handling
    result = func()
  File "C:\Users\A0496749\AppData\Local\Programs\Python\Python312\Lib\site-packages\streamlit\runtime\scriptrunner\script_runner.py", line 689, in code_to_exec
    exec(code, module.__dict__)  # noqa: S102
  File "C:\Capstone_Project\app.py", line 1642, in <module>
    main()
  File "C:\Capstone_Project\app.py", line 1635, in main
    with tab2: tab_eda(df)
  File "C:\Capstone_Project\app.py", line 466, in tab_eda
    view = st.radio("", EDA_VIEWS, key="eda_nav", label_visibility="collapsed")
  File "C:\Users\A0496749\AppData\Local\Programs\Python\Python312\Lib\site-packages\streamlit\runtime\metrics_util.py", line 532, in wrapped_func
    result = non_optional_func(*args, **kwargs)
  File "C:\Users\A0496749\AppData\Local\Programs\Python\Python312\Lib\site-packages\streamlit\elements\widgets\radio.py", line 402, in radio
    return self._radio(
  File "C:\Users\A0496749\AppData\Local\Programs\Python\Python312\Lib\site-packages\streamlit\elements\widgets\radio.py", line 449, in _radio
    maybe_raise_label_warnings(label, label_visibility)
  File "C:\Users\A0496749\AppData\Local\Programs\Python\Python312\Lib\site-packages\streamlit\elements\lib\policies.py", line 187, in maybe_raise_label_warnings
    _LOGGER.warning(
2026-03-26 19:57:56.347 Please replace `use_container_width` with `width`.

`use_container_width` will be removed after 2025-12-31.

For `use_container_width=True`, use `width='stretch'`. For `use_container_width=False`, use `width='content'`.
2026-03-26 19:57:56.380 Please replace `use_container_width` with `width`.

`use_container_width` will be removed after 2025-12-31.

For `use_container_width=True`, use `width='stretch'`. For `use_container_width=False`, use `width='content'`.
2026-03-26 19:57:56.390 Please replace `use_container_width` with `width`.

`use_container_width` will be removed after 2025-12-31.

For `use_container_width=True`, use `width='stretch'`. For `use_container_width=False`, use `width='content'`.
2026-03-26 19:57:56.414 Please replace `use_container_width` with `width`.

`use_container_width` will be removed after 2025-12-31.

For `use_container_width=True`, use `width='stretch'`. For `use_container_width=False`, use `width='content'`.
2026-03-26 19:57:56.429 Please replace `use_container_width` with `width`.

`use_container_width` will be removed after 2025-12-31.

For `use_container_width=True`, use `width='stretch'`. For `use_container_width=False`, use `width='content'`.
2026-03-26 19:58:07.117 Please replace `use_container_width` with `width`.

`use_container_width` will be removed after 2025-12-31.

For `use_container_width=True`, use `width='stretch'`. For `use_container_width=False`, use `width='content'`.
2026-03-26 19:58:07.125 Please replace `use_container_width` with `width`.

`use_container_width` will be removed after 2025-12-31.

For `use_container_width=True`, use `width='stretch'`. For `use_container_width=False`, use `width='content'`.
2026-03-26 19:58:07.142 `label` got an empty value. This is discouraged for accessibility reasons and may be disallowed in the future by raising an exception. Please provide a non-empty label and hide it with label_visibility if needed.
Stack (most recent call last):
  File "C:\Users\A0496749\AppData\Local\Programs\Python\Python312\Lib\threading.py", line 1032, in _bootstrap
    self._bootstrap_inner()
  File "C:\Users\A0496749\AppData\Local\Programs\Python\Python312\Lib\threading.py", line 1075, in _bootstrap_inner
    self.run()
  File "C:\Users\A0496749\AppData\Local\Programs\Python\Python312\Lib\threading.py", line 1012, in run
    self._target(*self._args, **self._kwargs)
  File "C:\Users\A0496749\AppData\Local\Programs\Python\Python312\Lib\site-packages\streamlit\runtime\scriptrunner\script_runner.py", line 379, in _run_script_thread
    self._run_script(request.rerun_data)
  File "C:\Users\A0496749\AppData\Local\Programs\Python\Python312\Lib\site-packages\streamlit\runtime\scriptrunner\script_runner.py", line 705, in _run_script
    ) = exec_func_with_error_handling(code_to_exec, ctx)
  File "C:\Users\A0496749\AppData\Local\Programs\Python\Python312\Lib\site-packages\streamlit\runtime\scriptrunner\exec_code.py", line 129, in exec_func_with_error_handling
    result = func()
  File "C:\Users\A0496749\AppData\Local\Programs\Python\Python312\Lib\site-packages\streamlit\runtime\scriptrunner\script_runner.py", line 689, in code_to_exec
    exec(code, module.__dict__)  # noqa: S102
  File "C:\Capstone_Project\app.py", line 1642, in <module>
    main()
  File "C:\Capstone_Project\app.py", line 1635, in main
    with tab2: tab_eda(df)
  File "C:\Capstone_Project\app.py", line 466, in tab_eda
    view = st.radio("", EDA_VIEWS, key="eda_nav", label_visibility="collapsed")
  File "C:\Users\A0496749\AppData\Local\Programs\Python\Python312\Lib\site-packages\streamlit\runtime\metrics_util.py", line 532, in wrapped_func
    result = non_optional_func(*args, **kwargs)
  File "C:\Users\A0496749\AppData\Local\Programs\Python\Python312\Lib\site-packages\streamlit\elements\widgets\radio.py", line 402, in radio
    return self._radio(
  File "C:\Users\A0496749\AppData\Local\Programs\Python\Python312\Lib\site-packages\streamlit\elements\widgets\radio.py", line 449, in _radio
    maybe_raise_label_warnings(label, label_visibility)
  File "C:\Users\A0496749\AppData\Local\Programs\Python\Python312\Lib\site-packages\streamlit\elements\lib\policies.py", line 187, in maybe_raise_label_warnings
    _LOGGER.warning(
2026-03-26 19:58:07.230 Please replace `use_container_width` with `width`.

`use_container_width` will be removed after 2025-12-31.

For `use_container_width=True`, use `width='stretch'`. For `use_container_width=False`, use `width='content'`.
2026-03-26 19:58:07.268 Please replace `use_container_width` with `width`.

`use_container_width` will be removed after 2025-12-31.

For `use_container_width=True`, use `width='stretch'`. For `use_container_width=False`, use `width='content'`.
2026-03-26 19:58:07.277 Please replace `use_container_width` with `width`.

`use_container_width` will be removed after 2025-12-31.

For `use_container_width=True`, use `width='stretch'`. For `use_container_width=False`, use `width='content'`.
2026-03-26 19:58:07.296 Please replace `use_container_width` with `width`.

`use_container_width` will be removed after 2025-12-31.

For `use_container_width=True`, use `width='stretch'`. For `use_container_width=False`, use `width='content'`.
2026-03-26 19:58:07.309 Please replace `use_container_width` with `width`.

`use_container_width` will be removed after 2025-12-31.

For `use_container_width=True`, use `width='stretch'`. For `use_container_width=False`, use `width='content'`.
2026-03-26 19:58:20.989 Please replace `use_container_width` with `width`.

`use_container_width` will be removed after 2025-12-31.

For `use_container_width=True`, use `width='stretch'`. For `use_container_width=False`, use `width='content'`.
2026-03-26 19:58:20.998 Please replace `use_container_width` with `width`.

`use_container_width` will be removed after 2025-12-31.

For `use_container_width=True`, use `width='stretch'`. For `use_container_width=False`, use `width='content'`.
2026-03-26 19:58:21.022 `label` got an empty value. This is discouraged for accessibility reasons and may be disallowed in the future by raising an exception. Please provide a non-empty label and hide it with label_visibility if needed.
Stack (most recent call last):
  File "C:\Users\A0496749\AppData\Local\Programs\Python\Python312\Lib\threading.py", line 1032, in _bootstrap
    self._bootstrap_inner()
  File "C:\Users\A0496749\AppData\Local\Programs\Python\Python312\Lib\threading.py", line 1075, in _bootstrap_inner
    self.run()
  File "C:\Users\A0496749\AppData\Local\Programs\Python\Python312\Lib\threading.py", line 1012, in run
    self._target(*self._args, **self._kwargs)
  File "C:\Users\A0496749\AppData\Local\Programs\Python\Python312\Lib\site-packages\streamlit\runtime\scriptrunner\script_runner.py", line 379, in _run_script_thread
    self._run_script(request.rerun_data)
  File "C:\Users\A0496749\AppData\Local\Programs\Python\Python312\Lib\site-packages\streamlit\runtime\scriptrunner\script_runner.py", line 705, in _run_script
    ) = exec_func_with_error_handling(code_to_exec, ctx)
  File "C:\Users\A0496749\AppData\Local\Programs\Python\Python312\Lib\site-packages\streamlit\runtime\scriptrunner\exec_code.py", line 129, in exec_func_with_error_handling
    result = func()
  File "C:\Users\A0496749\AppData\Local\Programs\Python\Python312\Lib\site-packages\streamlit\runtime\scriptrunner\script_runner.py", line 689, in code_to_exec
    exec(code, module.__dict__)  # noqa: S102
  File "C:\Capstone_Project\app.py", line 1642, in <module>
    main()
  File "C:\Capstone_Project\app.py", line 1635, in main
    with tab2: tab_eda(df)
  File "C:\Capstone_Project\app.py", line 466, in tab_eda
    view = st.radio("", EDA_VIEWS, key="eda_nav", label_visibility="collapsed")
  File "C:\Users\A0496749\AppData\Local\Programs\Python\Python312\Lib\site-packages\streamlit\runtime\metrics_util.py", line 532, in wrapped_func
    result = non_optional_func(*args, **kwargs)
  File "C:\Users\A0496749\AppData\Local\Programs\Python\Python312\Lib\site-packages\streamlit\elements\widgets\radio.py", line 402, in radio
    return self._radio(
  File "C:\Users\A0496749\AppData\Local\Programs\Python\Python312\Lib\site-packages\streamlit\elements\widgets\radio.py", line 449, in _radio
    maybe_raise_label_warnings(label, label_visibility)
  File "C:\Users\A0496749\AppData\Local\Programs\Python\Python312\Lib\site-packages\streamlit\elements\lib\policies.py", line 187, in maybe_raise_label_warnings
    _LOGGER.warning(
2026-03-26 19:58:21.110 Please replace `use_container_width` with `width`.

`use_container_width` will be removed after 2025-12-31.

For `use_container_width=True`, use `width='stretch'`. For `use_container_width=False`, use `width='content'`.
2026-03-26 19:58:21.142 Please replace `use_container_width` with `width`.

`use_container_width` will be removed after 2025-12-31.

For `use_container_width=True`, use `width='stretch'`. For `use_container_width=False`, use `width='content'`.
2026-03-26 19:58:21.152 Please replace `use_container_width` with `width`.

`use_container_width` will be removed after 2025-12-31.

For `use_container_width=True`, use `width='stretch'`. For `use_container_width=False`, use `width='content'`.
2026-03-26 19:58:21.174 Please replace `use_container_width` with `width`.

`use_container_width` will be removed after 2025-12-31.

For `use_container_width=True`, use `width='stretch'`. For `use_container_width=False`, use `width='content'`.
2026-03-26 19:58:21.187 Please replace `use_container_width` with `width`.

`use_container_width` will be removed after 2025-12-31.

For `use_container_width=True`, use `width='stretch'`. For `use_container_width=False`, use `width='content'`.
2026-03-26 20:06:51.481 Please replace `use_container_width` with `width`.

`use_container_width` will be removed after 2025-12-31.

For `use_container_width=True`, use `width='stretch'`. For `use_container_width=False`, use `width='content'`.
2026-03-26 20:06:51.489 Please replace `use_container_width` with `width`.

`use_container_width` will be removed after 2025-12-31.

For `use_container_width=True`, use `width='stretch'`. For `use_container_width=False`, use `width='content'`.
2026-03-26 20:06:51.519 `label` got an empty value. This is discouraged for accessibility reasons and may be disallowed in the future by raising an exception. Please provide a non-empty label and hide it with label_visibility if needed.
Stack (most recent call last):
  File "C:\Users\A0496749\AppData\Local\Programs\Python\Python312\Lib\threading.py", line 1032, in _bootstrap
    self._bootstrap_inner()
  File "C:\Users\A0496749\AppData\Local\Programs\Python\Python312\Lib\threading.py", line 1075, in _bootstrap_inner
    self.run()
  File "C:\Users\A0496749\AppData\Local\Programs\Python\Python312\Lib\threading.py", line 1012, in run
    self._target(*self._args, **self._kwargs)
  File "C:\Users\A0496749\AppData\Local\Programs\Python\Python312\Lib\site-packages\streamlit\runtime\scriptrunner\script_runner.py", line 379, in _run_script_thread
    self._run_script(request.rerun_data)
  File "C:\Users\A0496749\AppData\Local\Programs\Python\Python312\Lib\site-packages\streamlit\runtime\scriptrunner\script_runner.py", line 705, in _run_script
    ) = exec_func_with_error_handling(code_to_exec, ctx)
  File "C:\Users\A0496749\AppData\Local\Programs\Python\Python312\Lib\site-packages\streamlit\runtime\scriptrunner\exec_code.py", line 129, in exec_func_with_error_handling
    result = func()
  File "C:\Users\A0496749\AppData\Local\Programs\Python\Python312\Lib\site-packages\streamlit\runtime\scriptrunner\script_runner.py", line 689, in code_to_exec
    exec(code, module.__dict__)  # noqa: S102
  File "C:\Capstone_Project\app.py", line 1642, in <module>
    main()
  File "C:\Capstone_Project\app.py", line 1635, in main
    with tab2: tab_eda(df)
  File "C:\Capstone_Project\app.py", line 466, in tab_eda
    view = st.radio("", EDA_VIEWS, key="eda_nav", label_visibility="collapsed")
  File "C:\Users\A0496749\AppData\Local\Programs\Python\Python312\Lib\site-packages\streamlit\runtime\metrics_util.py", line 532, in wrapped_func
    result = non_optional_func(*args, **kwargs)
  File "C:\Users\A0496749\AppData\Local\Programs\Python\Python312\Lib\site-packages\streamlit\elements\widgets\radio.py", line 402, in radio
    return self._radio(
  File "C:\Users\A0496749\AppData\Local\Programs\Python\Python312\Lib\site-packages\streamlit\elements\widgets\radio.py", line 449, in _radio
    maybe_raise_label_warnings(label, label_visibility)
  File "C:\Users\A0496749\AppData\Local\Programs\Python\Python312\Lib\site-packages\streamlit\elements\lib\policies.py", line 187, in maybe_raise_label_warnings
    _LOGGER.warning(
2026-03-26 20:06:51.715 Please replace `use_container_width` with `width`.

`use_container_width` will be removed after 2025-12-31.

For `use_container_width=True`, use `width='stretch'`. For `use_container_width=False`, use `width='content'`.
2026-03-26 20:06:51.758 Please replace `use_container_width` with `width`.

`use_container_width` will be removed after 2025-12-31.

For `use_container_width=True`, use `width='stretch'`. For `use_container_width=False`, use `width='content'`.
2026-03-26 20:06:51.770 Please replace `use_container_width` with `width`.

`use_container_width` will be removed after 2025-12-31.

For `use_container_width=True`, use `width='stretch'`. For `use_container_width=False`, use `width='content'`.
2026-03-26 20:06:51.799 Please replace `use_container_width` with `width`.

`use_container_width` will be removed after 2025-12-31.

For `use_container_width=True`, use `width='stretch'`. For `use_container_width=False`, use `width='content'`.
2026-03-26 20:06:51.814 Please replace `use_container_width` with `width`.

`use_container_width` will be removed after 2025-12-31.

For `use_container_width=True`, use `width='stretch'`. For `use_container_width=False`, use `width='content'`.
2026-03-26 20:07:00.848 Please replace `use_container_width` with `width`.

`use_container_width` will be removed after 2025-12-31.

For `use_container_width=True`, use `width='stretch'`. For `use_container_width=False`, use `width='content'`.
2026-03-26 20:07:00.856 Please replace `use_container_width` with `width`.

`use_container_width` will be removed after 2025-12-31.

For `use_container_width=True`, use `width='stretch'`. For `use_container_width=False`, use `width='content'`.
2026-03-26 20:07:00.876 `label` got an empty value. This is discouraged for accessibility reasons and may be disallowed in the future by raising an exception. Please provide a non-empty label and hide it with label_visibility if needed.
Stack (most recent call last):
  File "C:\Users\A0496749\AppData\Local\Programs\Python\Python312\Lib\threading.py", line 1032, in _bootstrap
    self._bootstrap_inner()
  File "C:\Users\A0496749\AppData\Local\Programs\Python\Python312\Lib\threading.py", line 1075, in _bootstrap_inner
    self.run()
  File "C:\Users\A0496749\AppData\Local\Programs\Python\Python312\Lib\threading.py", line 1012, in run
    self._target(*self._args, **self._kwargs)
  File "C:\Users\A0496749\AppData\Local\Programs\Python\Python312\Lib\site-packages\streamlit\runtime\scriptrunner\script_runner.py", line 379, in _run_script_thread
    self._run_script(request.rerun_data)
  File "C:\Users\A0496749\AppData\Local\Programs\Python\Python312\Lib\site-packages\streamlit\runtime\scriptrunner\script_runner.py", line 705, in _run_script
    ) = exec_func_with_error_handling(code_to_exec, ctx)
  File "C:\Users\A0496749\AppData\Local\Programs\Python\Python312\Lib\site-packages\streamlit\runtime\scriptrunner\exec_code.py", line 129, in exec_func_with_error_handling
    result = func()
  File "C:\Users\A0496749\AppData\Local\Programs\Python\Python312\Lib\site-packages\streamlit\runtime\scriptrunner\script_runner.py", line 689, in code_to_exec
    exec(code, module.__dict__)  # noqa: S102
  File "C:\Capstone_Project\app.py", line 1642, in <module>
    main()
  File "C:\Capstone_Project\app.py", line 1635, in main
    with tab2: tab_eda(df)
  File "C:\Capstone_Project\app.py", line 466, in tab_eda
    view = st.radio("", EDA_VIEWS, key="eda_nav", label_visibility="collapsed")
  File "C:\Users\A0496749\AppData\Local\Programs\Python\Python312\Lib\site-packages\streamlit\runtime\metrics_util.py", line 532, in wrapped_func
    result = non_optional_func(*args, **kwargs)
  File "C:\Users\A0496749\AppData\Local\Programs\Python\Python312\Lib\site-packages\streamlit\elements\widgets\radio.py", line 402, in radio
    return self._radio(
  File "C:\Users\A0496749\AppData\Local\Programs\Python\Python312\Lib\site-packages\streamlit\elements\widgets\radio.py", line 449, in _radio
    maybe_raise_label_warnings(label, label_visibility)
  File "C:\Users\A0496749\AppData\Local\Programs\Python\Python312\Lib\site-packages\streamlit\elements\lib\policies.py", line 187, in maybe_raise_label_warnings
    _LOGGER.warning(
2026-03-26 20:07:00.892 Please replace `use_container_width` with `width`.

`use_container_width` will be removed after 2025-12-31.

For `use_container_width=True`, use `width='stretch'`. For `use_container_width=False`, use `width='content'`.
2026-03-26 20:07:00.934 Please replace `use_container_width` with `width`.

`use_container_width` will be removed after 2025-12-31.

For `use_container_width=True`, use `width='stretch'`. For `use_container_width=False`, use `width='content'`.
2026-03-26 20:07:00.957 Please replace `use_container_width` with `width`.

`use_container_width` will be removed after 2025-12-31.

For `use_container_width=True`, use `width='stretch'`. For `use_container_width=False`, use `width='content'`.
2026-03-26 20:07:00.980 Please replace `use_container_width` with `width`.

`use_container_width` will be removed after 2025-12-31.

For `use_container_width=True`, use `width='stretch'`. For `use_container_width=False`, use `width='content'`.
2026-03-26 20:07:01.002 Please replace `use_container_width` with `width`.

`use_container_width` will be removed after 2025-12-31.

For `use_container_width=True`, use `width='stretch'`. For `use_container_width=False`, use `width='content'`.
2026-03-26 20:07:03.155 Please replace `use_container_width` with `width`.

`use_container_width` will be removed after 2025-12-31.

For `use_container_width=True`, use `width='stretch'`. For `use_container_width=False`, use `width='content'`.
2026-03-26 20:07:03.165 Please replace `use_container_width` with `width`.

`use_container_width` will be removed after 2025-12-31.

For `use_container_width=True`, use `width='stretch'`. For `use_container_width=False`, use `width='content'`.
2026-03-26 20:07:03.183 `label` got an empty value. This is discouraged for accessibility reasons and may be disallowed in the future by raising an exception. Please provide a non-empty label and hide it with label_visibility if needed.
Stack (most recent call last):
  File "C:\Users\A0496749\AppData\Local\Programs\Python\Python312\Lib\threading.py", line 1032, in _bootstrap
    self._bootstrap_inner()
  File "C:\Users\A0496749\AppData\Local\Programs\Python\Python312\Lib\threading.py", line 1075, in _bootstrap_inner
    self.run()
  File "C:\Users\A0496749\AppData\Local\Programs\Python\Python312\Lib\threading.py", line 1012, in run
    self._target(*self._args, **self._kwargs)
  File "C:\Users\A0496749\AppData\Local\Programs\Python\Python312\Lib\site-packages\streamlit\runtime\scriptrunner\script_runner.py", line 379, in _run_script_thread
    self._run_script(request.rerun_data)
  File "C:\Users\A0496749\AppData\Local\Programs\Python\Python312\Lib\site-packages\streamlit\runtime\scriptrunner\script_runner.py", line 705, in _run_script
    ) = exec_func_with_error_handling(code_to_exec, ctx)
  File "C:\Users\A0496749\AppData\Local\Programs\Python\Python312\Lib\site-packages\streamlit\runtime\scriptrunner\exec_code.py", line 129, in exec_func_with_error_handling
    result = func()
  File "C:\Users\A0496749\AppData\Local\Programs\Python\Python312\Lib\site-packages\streamlit\runtime\scriptrunner\script_runner.py", line 689, in code_to_exec
    exec(code, module.__dict__)  # noqa: S102
  File "C:\Capstone_Project\app.py", line 1642, in <module>
    main()
  File "C:\Capstone_Project\app.py", line 1635, in main
    with tab2: tab_eda(df)
  File "C:\Capstone_Project\app.py", line 466, in tab_eda
    view = st.radio("", EDA_VIEWS, key="eda_nav", label_visibility="collapsed")
  File "C:\Users\A0496749\AppData\Local\Programs\Python\Python312\Lib\site-packages\streamlit\runtime\metrics_util.py", line 532, in wrapped_func
    result = non_optional_func(*args, **kwargs)
  File "C:\Users\A0496749\AppData\Local\Programs\Python\Python312\Lib\site-packages\streamlit\elements\widgets\radio.py", line 402, in radio
    return self._radio(
  File "C:\Users\A0496749\AppData\Local\Programs\Python\Python312\Lib\site-packages\streamlit\elements\widgets\radio.py", line 449, in _radio
    maybe_raise_label_warnings(label, label_visibility)
  File "C:\Users\A0496749\AppData\Local\Programs\Python\Python312\Lib\site-packages\streamlit\elements\lib\policies.py", line 187, in maybe_raise_label_warnings
    _LOGGER.warning(
2026-03-26 20:07:03.396 Please replace `use_container_width` with `width`.

`use_container_width` will be removed after 2025-12-31.

For `use_container_width=True`, use `width='stretch'`. For `use_container_width=False`, use `width='content'`.
2026-03-26 20:07:03.451 Please replace `use_container_width` with `width`.

`use_container_width` will be removed after 2025-12-31.

For `use_container_width=True`, use `width='stretch'`. For `use_container_width=False`, use `width='content'`.
2026-03-26 20:07:03.462 Please replace `use_container_width` with `width`.

`use_container_width` will be removed after 2025-12-31.

For `use_container_width=True`, use `width='stretch'`. For `use_container_width=False`, use `width='content'`.
2026-03-26 20:07:03.484 Please replace `use_container_width` with `width`.

`use_container_width` will be removed after 2025-12-31.

For `use_container_width=True`, use `width='stretch'`. For `use_container_width=False`, use `width='content'`.
2026-03-26 20:07:03.498 Please replace `use_container_width` with `width`.

`use_container_width` will be removed after 2025-12-31.

For `use_container_width=True`, use `width='stretch'`. For `use_container_width=False`, use `width='content'`.
2026-03-26 20:07:20.563 Please replace `use_container_width` with `width`.

`use_container_width` will be removed after 2025-12-31.

For `use_container_width=True`, use `width='stretch'`. For `use_container_width=False`, use `width='content'`.
2026-03-26 20:07:20.573 Please replace `use_container_width` with `width`.

`use_container_width` will be removed after 2025-12-31.

For `use_container_width=True`, use `width='stretch'`. For `use_container_width=False`, use `width='content'`.
2026-03-26 20:07:20.600 `label` got an empty value. This is discouraged for accessibility reasons and may be disallowed in the future by raising an exception. Please provide a non-empty label and hide it with label_visibility if needed.
Stack (most recent call last):
  File "C:\Users\A0496749\AppData\Local\Programs\Python\Python312\Lib\threading.py", line 1032, in _bootstrap
    self._bootstrap_inner()
  File "C:\Users\A0496749\AppData\Local\Programs\Python\Python312\Lib\threading.py", line 1075, in _bootstrap_inner
    self.run()
  File "C:\Users\A0496749\AppData\Local\Programs\Python\Python312\Lib\threading.py", line 1012, in run
    self._target(*self._args, **self._kwargs)
  File "C:\Users\A0496749\AppData\Local\Programs\Python\Python312\Lib\site-packages\streamlit\runtime\scriptrunner\script_runner.py", line 379, in _run_script_thread
    self._run_script(request.rerun_data)
  File "C:\Users\A0496749\AppData\Local\Programs\Python\Python312\Lib\site-packages\streamlit\runtime\scriptrunner\script_runner.py", line 705, in _run_script
    ) = exec_func_with_error_handling(code_to_exec, ctx)
  File "C:\Users\A0496749\AppData\Local\Programs\Python\Python312\Lib\site-packages\streamlit\runtime\scriptrunner\exec_code.py", line 129, in exec_func_with_error_handling
    result = func()
  File "C:\Users\A0496749\AppData\Local\Programs\Python\Python312\Lib\site-packages\streamlit\runtime\scriptrunner\script_runner.py", line 689, in code_to_exec
    exec(code, module.__dict__)  # noqa: S102
  File "C:\Capstone_Project\app.py", line 1642, in <module>
    main()
  File "C:\Capstone_Project\app.py", line 1635, in main
    with tab2: tab_eda(df)
  File "C:\Capstone_Project\app.py", line 466, in tab_eda
    view = st.radio("", EDA_VIEWS, key="eda_nav", label_visibility="collapsed")
  File "C:\Users\A0496749\AppData\Local\Programs\Python\Python312\Lib\site-packages\streamlit\runtime\metrics_util.py", line 532, in wrapped_func
    result = non_optional_func(*args, **kwargs)
  File "C:\Users\A0496749\AppData\Local\Programs\Python\Python312\Lib\site-packages\streamlit\elements\widgets\radio.py", line 402, in radio
    return self._radio(
  File "C:\Users\A0496749\AppData\Local\Programs\Python\Python312\Lib\site-packages\streamlit\elements\widgets\radio.py", line 449, in _radio
    maybe_raise_label_warnings(label, label_visibility)
  File "C:\Users\A0496749\AppData\Local\Programs\Python\Python312\Lib\site-packages\streamlit\elements\lib\policies.py", line 187, in maybe_raise_label_warnings
    _LOGGER.warning(
2026-03-26 20:07:20.633 Please replace `use_container_width` with `width`.

`use_container_width` will be removed after 2025-12-31.

For `use_container_width=True`, use `width='stretch'`. For `use_container_width=False`, use `width='content'`.
2026-03-26 20:07:20.667 Please replace `use_container_width` with `width`.

`use_container_width` will be removed after 2025-12-31.

For `use_container_width=True`, use `width='stretch'`. For `use_container_width=False`, use `width='content'`.
2026-03-26 20:07:20.675 Please replace `use_container_width` with `width`.

`use_container_width` will be removed after 2025-12-31.

For `use_container_width=True`, use `width='stretch'`. For `use_container_width=False`, use `width='content'`.
2026-03-26 20:07:20.697 Please replace `use_container_width` with `width`.

`use_container_width` will be removed after 2025-12-31.

For `use_container_width=True`, use `width='stretch'`. For `use_container_width=False`, use `width='content'`.
2026-03-26 20:07:20.714 Please replace `use_container_width` with `width`.

`use_container_width` will be removed after 2025-12-31.

For `use_container_width=True`, use `width='stretch'`. For `use_container_width=False`, use `width='content'`.
2026-03-26 20:07:32.210 Please replace `use_container_width` with `width`.

`use_container_width` will be removed after 2025-12-31.

For `use_container_width=True`, use `width='stretch'`. For `use_container_width=False`, use `width='content'`.
2026-03-26 20:07:32.221 Please replace `use_container_width` with `width`.

`use_container_width` will be removed after 2025-12-31.

For `use_container_width=True`, use `width='stretch'`. For `use_container_width=False`, use `width='content'`.
2026-03-26 20:07:32.241 `label` got an empty value. This is discouraged for accessibility reasons and may be disallowed in the future by raising an exception. Please provide a non-empty label and hide it with label_visibility if needed.
Stack (most recent call last):
  File "C:\Users\A0496749\AppData\Local\Programs\Python\Python312\Lib\threading.py", line 1032, in _bootstrap
    self._bootstrap_inner()
  File "C:\Users\A0496749\AppData\Local\Programs\Python\Python312\Lib\threading.py", line 1075, in _bootstrap_inner
    self.run()
  File "C:\Users\A0496749\AppData\Local\Programs\Python\Python312\Lib\threading.py", line 1012, in run
    self._target(*self._args, **self._kwargs)
  File "C:\Users\A0496749\AppData\Local\Programs\Python\Python312\Lib\site-packages\streamlit\runtime\scriptrunner\script_runner.py", line 379, in _run_script_thread
    self._run_script(request.rerun_data)
  File "C:\Users\A0496749\AppData\Local\Programs\Python\Python312\Lib\site-packages\streamlit\runtime\scriptrunner\script_runner.py", line 705, in _run_script
    ) = exec_func_with_error_handling(code_to_exec, ctx)
  File "C:\Users\A0496749\AppData\Local\Programs\Python\Python312\Lib\site-packages\streamlit\runtime\scriptrunner\exec_code.py", line 129, in exec_func_with_error_handling
    result = func()
  File "C:\Users\A0496749\AppData\Local\Programs\Python\Python312\Lib\site-packages\streamlit\runtime\scriptrunner\script_runner.py", line 689, in code_to_exec
    exec(code, module.__dict__)  # noqa: S102
  File "C:\Capstone_Project\app.py", line 1642, in <module>
    main()
  File "C:\Capstone_Project\app.py", line 1635, in main
    with tab2: tab_eda(df)
  File "C:\Capstone_Project\app.py", line 466, in tab_eda
    view = st.radio("", EDA_VIEWS, key="eda_nav", label_visibility="collapsed")
  File "C:\Users\A0496749\AppData\Local\Programs\Python\Python312\Lib\site-packages\streamlit\runtime\metrics_util.py", line 532, in wrapped_func
    result = non_optional_func(*args, **kwargs)
  File "C:\Users\A0496749\AppData\Local\Programs\Python\Python312\Lib\site-packages\streamlit\elements\widgets\radio.py", line 402, in radio
    return self._radio(
  File "C:\Users\A0496749\AppData\Local\Programs\Python\Python312\Lib\site-packages\streamlit\elements\widgets\radio.py", line 449, in _radio
    maybe_raise_label_warnings(label, label_visibility)
  File "C:\Users\A0496749\AppData\Local\Programs\Python\Python312\Lib\site-packages\streamlit\elements\lib\policies.py", line 187, in maybe_raise_label_warnings
    _LOGGER.warning(
2026-03-26 20:07:32.276 Please replace `use_container_width` with `width`.

`use_container_width` will be removed after 2025-12-31.

For `use_container_width=True`, use `width='stretch'`. For `use_container_width=False`, use `width='content'`.
2026-03-26 20:07:32.307 Please replace `use_container_width` with `width`.

`use_container_width` will be removed after 2025-12-31.

For `use_container_width=True`, use `width='stretch'`. For `use_container_width=False`, use `width='content'`.
2026-03-26 20:07:32.317 Please replace `use_container_width` with `width`.

`use_container_width` will be removed after 2025-12-31.

For `use_container_width=True`, use `width='stretch'`. For `use_container_width=False`, use `width='content'`.
2026-03-26 20:07:32.343 Please replace `use_container_width` with `width`.

`use_container_width` will be removed after 2025-12-31.

For `use_container_width=True`, use `width='stretch'`. For `use_container_width=False`, use `width='content'`.
2026-03-26 20:07:32.360 Please replace `use_container_width` with `width`.

`use_container_width` will be removed after 2025-12-31.

For `use_container_width=True`, use `width='stretch'`. For `use_container_width=False`, use `width='content'`.
2026-03-26 20:07:41.233 Please replace `use_container_width` with `width`.

`use_container_width` will be removed after 2025-12-31.

For `use_container_width=True`, use `width='stretch'`. For `use_container_width=False`, use `width='content'`.
2026-03-26 20:07:41.241 Please replace `use_container_width` with `width`.

`use_container_width` will be removed after 2025-12-31.

For `use_container_width=True`, use `width='stretch'`. For `use_container_width=False`, use `width='content'`.
2026-03-26 20:07:41.261 `label` got an empty value. This is discouraged for accessibility reasons and may be disallowed in the future by raising an exception. Please provide a non-empty label and hide it with label_visibility if needed.
Stack (most recent call last):
  File "C:\Users\A0496749\AppData\Local\Programs\Python\Python312\Lib\threading.py", line 1032, in _bootstrap
    self._bootstrap_inner()
  File "C:\Users\A0496749\AppData\Local\Programs\Python\Python312\Lib\threading.py", line 1075, in _bootstrap_inner
    self.run()
  File "C:\Users\A0496749\AppData\Local\Programs\Python\Python312\Lib\threading.py", line 1012, in run
    self._target(*self._args, **self._kwargs)
  File "C:\Users\A0496749\AppData\Local\Programs\Python\Python312\Lib\site-packages\streamlit\runtime\scriptrunner\script_runner.py", line 379, in _run_script_thread
    self._run_script(request.rerun_data)
  File "C:\Users\A0496749\AppData\Local\Programs\Python\Python312\Lib\site-packages\streamlit\runtime\scriptrunner\script_runner.py", line 705, in _run_script
    ) = exec_func_with_error_handling(code_to_exec, ctx)
  File "C:\Users\A0496749\AppData\Local\Programs\Python\Python312\Lib\site-packages\streamlit\runtime\scriptrunner\exec_code.py", line 129, in exec_func_with_error_handling
    result = func()
  File "C:\Users\A0496749\AppData\Local\Programs\Python\Python312\Lib\site-packages\streamlit\runtime\scriptrunner\script_runner.py", line 689, in code_to_exec
    exec(code, module.__dict__)  # noqa: S102
  File "C:\Capstone_Project\app.py", line 1642, in <module>
    main()
  File "C:\Capstone_Project\app.py", line 1635, in main
    with tab2: tab_eda(df)
  File "C:\Capstone_Project\app.py", line 466, in tab_eda
    view = st.radio("", EDA_VIEWS, key="eda_nav", label_visibility="collapsed")
  File "C:\Users\A0496749\AppData\Local\Programs\Python\Python312\Lib\site-packages\streamlit\runtime\metrics_util.py", line 532, in wrapped_func
    result = non_optional_func(*args, **kwargs)
  File "C:\Users\A0496749\AppData\Local\Programs\Python\Python312\Lib\site-packages\streamlit\elements\widgets\radio.py", line 402, in radio
    return self._radio(
  File "C:\Users\A0496749\AppData\Local\Programs\Python\Python312\Lib\site-packages\streamlit\elements\widgets\radio.py", line 449, in _radio
    maybe_raise_label_warnings(label, label_visibility)
  File "C:\Users\A0496749\AppData\Local\Programs\Python\Python312\Lib\site-packages\streamlit\elements\lib\policies.py", line 187, in maybe_raise_label_warnings
    _LOGGER.warning(
2026-03-26 20:07:41.291 Please replace `use_container_width` with `width`.

`use_container_width` will be removed after 2025-12-31.

For `use_container_width=True`, use `width='stretch'`. For `use_container_width=False`, use `width='content'`.
2026-03-26 20:07:41.320 Please replace `use_container_width` with `width`.

`use_container_width` will be removed after 2025-12-31.

For `use_container_width=True`, use `width='stretch'`. For `use_container_width=False`, use `width='content'`.
2026-03-26 20:07:41.329 Please replace `use_container_width` with `width`.

`use_container_width` will be removed after 2025-12-31.

For `use_container_width=True`, use `width='stretch'`. For `use_container_width=False`, use `width='content'`.
2026-03-26 20:07:41.348 Please replace `use_container_width` with `width`.

`use_container_width` will be removed after 2025-12-31.

For `use_container_width=True`, use `width='stretch'`. For `use_container_width=False`, use `width='content'`.
2026-03-26 20:07:41.361 Please replace `use_container_width` with `width`.

`use_container_width` will be removed after 2025-12-31.

For `use_container_width=True`, use `width='stretch'`. For `use_container_width=False`, use `width='content'`.
2026-03-26 20:11:23.612 Please replace `use_container_width` with `width`.

`use_container_width` will be removed after 2025-12-31.

For `use_container_width=True`, use `width='stretch'`. For `use_container_width=False`, use `width='content'`.
2026-03-26 20:11:23.618 Please replace `use_container_width` with `width`.

`use_container_width` will be removed after 2025-12-31.

For `use_container_width=True`, use `width='stretch'`. For `use_container_width=False`, use `width='content'`.
2026-03-26 20:11:23.635 `label` got an empty value. This is discouraged for accessibility reasons and may be disallowed in the future by raising an exception. Please provide a non-empty label and hide it with label_visibility if needed.
Stack (most recent call last):
  File "C:\Users\A0496749\AppData\Local\Programs\Python\Python312\Lib\threading.py", line 1032, in _bootstrap
    self._bootstrap_inner()
  File "C:\Users\A0496749\AppData\Local\Programs\Python\Python312\Lib\threading.py", line 1075, in _bootstrap_inner
    self.run()
  File "C:\Users\A0496749\AppData\Local\Programs\Python\Python312\Lib\threading.py", line 1012, in run
    self._target(*self._args, **self._kwargs)
  File "C:\Users\A0496749\AppData\Local\Programs\Python\Python312\Lib\site-packages\streamlit\runtime\scriptrunner\script_runner.py", line 379, in _run_script_thread
    self._run_script(request.rerun_data)
  File "C:\Users\A0496749\AppData\Local\Programs\Python\Python312\Lib\site-packages\streamlit\runtime\scriptrunner\script_runner.py", line 705, in _run_script
    ) = exec_func_with_error_handling(code_to_exec, ctx)
  File "C:\Users\A0496749\AppData\Local\Programs\Python\Python312\Lib\site-packages\streamlit\runtime\scriptrunner\exec_code.py", line 129, in exec_func_with_error_handling
    result = func()
  File "C:\Users\A0496749\AppData\Local\Programs\Python\Python312\Lib\site-packages\streamlit\runtime\scriptrunner\script_runner.py", line 689, in code_to_exec
    exec(code, module.__dict__)  # noqa: S102
  File "C:\Capstone_Project\app.py", line 1642, in <module>
    main()
  File "C:\Capstone_Project\app.py", line 1635, in main
    with tab2: tab_eda(df)
  File "C:\Capstone_Project\app.py", line 466, in tab_eda
    view = st.radio("", EDA_VIEWS, key="eda_nav", label_visibility="collapsed")
  File "C:\Users\A0496749\AppData\Local\Programs\Python\Python312\Lib\site-packages\streamlit\runtime\metrics_util.py", line 532, in wrapped_func
    result = non_optional_func(*args, **kwargs)
  File "C:\Users\A0496749\AppData\Local\Programs\Python\Python312\Lib\site-packages\streamlit\elements\widgets\radio.py", line 402, in radio
    return self._radio(
  File "C:\Users\A0496749\AppData\Local\Programs\Python\Python312\Lib\site-packages\streamlit\elements\widgets\radio.py", line 449, in _radio
    maybe_raise_label_warnings(label, label_visibility)
  File "C:\Users\A0496749\AppData\Local\Programs\Python\Python312\Lib\site-packages\streamlit\elements\lib\policies.py", line 187, in maybe_raise_label_warnings
    _LOGGER.warning(
2026-03-26 20:11:23.646 Please replace `use_container_width` with `width`.

`use_container_width` will be removed after 2025-12-31.

For `use_container_width=True`, use `width='stretch'`. For `use_container_width=False`, use `width='content'`.
2026-03-26 20:11:23.670 Please replace `use_container_width` with `width`.

`use_container_width` will be removed after 2025-12-31.

For `use_container_width=True`, use `width='stretch'`. For `use_container_width=False`, use `width='content'`.
2026-03-26 20:11:23.681 Please replace `use_container_width` with `width`.

`use_container_width` will be removed after 2025-12-31.

For `use_container_width=True`, use `width='stretch'`. For `use_container_width=False`, use `width='content'`.
2026-03-26 20:11:23.701 Please replace `use_container_width` with `width`.

`use_container_width` will be removed after 2025-12-31.

For `use_container_width=True`, use `width='stretch'`. For `use_container_width=False`, use `width='content'`.
2026-03-26 20:11:23.720 Please replace `use_container_width` with `width`.

`use_container_width` will be removed after 2025-12-31.

For `use_container_width=True`, use `width='stretch'`. For `use_container_width=False`, use `width='content'`.
2026-03-26 20:11:39.858 Please replace `use_container_width` with `width`.

`use_container_width` will be removed after 2025-12-31.

For `use_container_width=True`, use `width='stretch'`. For `use_container_width=False`, use `width='content'`.
2026-03-26 20:11:39.865 Please replace `use_container_width` with `width`.

`use_container_width` will be removed after 2025-12-31.

For `use_container_width=True`, use `width='stretch'`. For `use_container_width=False`, use `width='content'`.
2026-03-26 20:11:39.883 `label` got an empty value. This is discouraged for accessibility reasons and may be disallowed in the future by raising an exception. Please provide a non-empty label and hide it with label_visibility if needed.
Stack (most recent call last):
  File "C:\Users\A0496749\AppData\Local\Programs\Python\Python312\Lib\threading.py", line 1032, in _bootstrap
    self._bootstrap_inner()
  File "C:\Users\A0496749\AppData\Local\Programs\Python\Python312\Lib\threading.py", line 1075, in _bootstrap_inner
    self.run()
  File "C:\Users\A0496749\AppData\Local\Programs\Python\Python312\Lib\threading.py", line 1012, in run
    self._target(*self._args, **self._kwargs)
  File "C:\Users\A0496749\AppData\Local\Programs\Python\Python312\Lib\site-packages\streamlit\runtime\scriptrunner\script_runner.py", line 379, in _run_script_thread
    self._run_script(request.rerun_data)
  File "C:\Users\A0496749\AppData\Local\Programs\Python\Python312\Lib\site-packages\streamlit\runtime\scriptrunner\script_runner.py", line 705, in _run_script
    ) = exec_func_with_error_handling(code_to_exec, ctx)
  File "C:\Users\A0496749\AppData\Local\Programs\Python\Python312\Lib\site-packages\streamlit\runtime\scriptrunner\exec_code.py", line 129, in exec_func_with_error_handling
    result = func()
  File "C:\Users\A0496749\AppData\Local\Programs\Python\Python312\Lib\site-packages\streamlit\runtime\scriptrunner\script_runner.py", line 689, in code_to_exec
    exec(code, module.__dict__)  # noqa: S102
  File "C:\Capstone_Project\app.py", line 1642, in <module>
    main()
  File "C:\Capstone_Project\app.py", line 1635, in main
    with tab2: tab_eda(df)
  File "C:\Capstone_Project\app.py", line 466, in tab_eda
    view = st.radio("", EDA_VIEWS, key="eda_nav", label_visibility="collapsed")
  File "C:\Users\A0496749\AppData\Local\Programs\Python\Python312\Lib\site-packages\streamlit\runtime\metrics_util.py", line 532, in wrapped_func
    result = non_optional_func(*args, **kwargs)
  File "C:\Users\A0496749\AppData\Local\Programs\Python\Python312\Lib\site-packages\streamlit\elements\widgets\radio.py", line 402, in radio
    return self._radio(
  File "C:\Users\A0496749\AppData\Local\Programs\Python\Python312\Lib\site-packages\streamlit\elements\widgets\radio.py", line 449, in _radio
    maybe_raise_label_warnings(label, label_visibility)
  File "C:\Users\A0496749\AppData\Local\Programs\Python\Python312\Lib\site-packages\streamlit\elements\lib\policies.py", line 187, in maybe_raise_label_warnings
    _LOGGER.warning(
2026-03-26 20:11:39.892 Please replace `use_container_width` with `width`.

`use_container_width` will be removed after 2025-12-31.

For `use_container_width=True`, use `width='stretch'`. For `use_container_width=False`, use `width='content'`.
2026-03-26 20:11:39.914 Please replace `use_container_width` with `width`.

`use_container_width` will be removed after 2025-12-31.

For `use_container_width=True`, use `width='stretch'`. For `use_container_width=False`, use `width='content'`.
2026-03-26 20:11:39.921 Please replace `use_container_width` with `width`.

`use_container_width` will be removed after 2025-12-31.

For `use_container_width=True`, use `width='stretch'`. For `use_container_width=False`, use `width='content'`.
2026-03-26 20:11:39.937 Please replace `use_container_width` with `width`.

`use_container_width` will be removed after 2025-12-31.

For `use_container_width=True`, use `width='stretch'`. For `use_container_width=False`, use `width='content'`.
2026-03-26 20:11:39.949 Please replace `use_container_width` with `width`.

`use_container_width` will be removed after 2025-12-31.

For `use_container_width=True`, use `width='stretch'`. For `use_container_width=False`, use `width='content'`.
2026-03-26 20:11:40.759 Please replace `use_container_width` with `width`.

`use_container_width` will be removed after 2025-12-31.

For `use_container_width=True`, use `width='stretch'`. For `use_container_width=False`, use `width='content'`.
2026-03-26 20:11:40.766 Please replace `use_container_width` with `width`.

`use_container_width` will be removed after 2025-12-31.

For `use_container_width=True`, use `width='stretch'`. For `use_container_width=False`, use `width='content'`.
2026-03-26 20:11:40.782 `label` got an empty value. This is discouraged for accessibility reasons and may be disallowed in the future by raising an exception. Please provide a non-empty label and hide it with label_visibility if needed.
Stack (most recent call last):
  File "C:\Users\A0496749\AppData\Local\Programs\Python\Python312\Lib\threading.py", line 1032, in _bootstrap
    self._bootstrap_inner()
  File "C:\Users\A0496749\AppData\Local\Programs\Python\Python312\Lib\threading.py", line 1075, in _bootstrap_inner
    self.run()
  File "C:\Users\A0496749\AppData\Local\Programs\Python\Python312\Lib\threading.py", line 1012, in run
    self._target(*self._args, **self._kwargs)
  File "C:\Users\A0496749\AppData\Local\Programs\Python\Python312\Lib\site-packages\streamlit\runtime\scriptrunner\script_runner.py", line 379, in _run_script_thread
    self._run_script(request.rerun_data)
  File "C:\Users\A0496749\AppData\Local\Programs\Python\Python312\Lib\site-packages\streamlit\runtime\scriptrunner\script_runner.py", line 705, in _run_script
    ) = exec_func_with_error_handling(code_to_exec, ctx)
  File "C:\Users\A0496749\AppData\Local\Programs\Python\Python312\Lib\site-packages\streamlit\runtime\scriptrunner\exec_code.py", line 129, in exec_func_with_error_handling
    result = func()
  File "C:\Users\A0496749\AppData\Local\Programs\Python\Python312\Lib\site-packages\streamlit\runtime\scriptrunner\script_runner.py", line 689, in code_to_exec
    exec(code, module.__dict__)  # noqa: S102
  File "C:\Capstone_Project\app.py", line 1642, in <module>
    main()
  File "C:\Capstone_Project\app.py", line 1635, in main
    with tab2: tab_eda(df)
  File "C:\Capstone_Project\app.py", line 466, in tab_eda
    view = st.radio("", EDA_VIEWS, key="eda_nav", label_visibility="collapsed")
  File "C:\Users\A0496749\AppData\Local\Programs\Python\Python312\Lib\site-packages\streamlit\runtime\metrics_util.py", line 532, in wrapped_func
    result = non_optional_func(*args, **kwargs)
  File "C:\Users\A0496749\AppData\Local\Programs\Python\Python312\Lib\site-packages\streamlit\elements\widgets\radio.py", line 402, in radio
    return self._radio(
  File "C:\Users\A0496749\AppData\Local\Programs\Python\Python312\Lib\site-packages\streamlit\elements\widgets\radio.py", line 449, in _radio
    maybe_raise_label_warnings(label, label_visibility)
  File "C:\Users\A0496749\AppData\Local\Programs\Python\Python312\Lib\site-packages\streamlit\elements\lib\policies.py", line 187, in maybe_raise_label_warnings
    _LOGGER.warning(
2026-03-26 20:11:40.791 Please replace `use_container_width` with `width`.

`use_container_width` will be removed after 2025-12-31.

For `use_container_width=True`, use `width='stretch'`. For `use_container_width=False`, use `width='content'`.
2026-03-26 20:11:40.809 Please replace `use_container_width` with `width`.

`use_container_width` will be removed after 2025-12-31.

For `use_container_width=True`, use `width='stretch'`. For `use_container_width=False`, use `width='content'`.
2026-03-26 20:11:40.816 Please replace `use_container_width` with `width`.

`use_container_width` will be removed after 2025-12-31.

For `use_container_width=True`, use `width='stretch'`. For `use_container_width=False`, use `width='content'`.
2026-03-26 20:11:40.832 Please replace `use_container_width` with `width`.

`use_container_width` will be removed after 2025-12-31.

For `use_container_width=True`, use `width='stretch'`. For `use_container_width=False`, use `width='content'`.
2026-03-26 20:11:40.846 Please replace `use_container_width` with `width`.

`use_container_width` will be removed after 2025-12-31.

For `use_container_width=True`, use `width='stretch'`. For `use_container_width=False`, use `width='content'`.
2026-03-26 21:03:26.495 Please replace `use_container_width` with `width`.

`use_container_width` will be removed after 2025-12-31.

For `use_container_width=True`, use `width='stretch'`. For `use_container_width=False`, use `width='content'`.
2026-03-26 21:03:26.509 Please replace `use_container_width` with `width`.

`use_container_width` will be removed after 2025-12-31.

For `use_container_width=True`, use `width='stretch'`. For `use_container_width=False`, use `width='content'`.
2026-03-26 21:03:26.538 `label` got an empty value. This is discouraged for accessibility reasons and may be disallowed in the future by raising an exception. Please provide a non-empty label and hide it with label_visibility if needed.
Stack (most recent call last):
  File "C:\Users\A0496749\AppData\Local\Programs\Python\Python312\Lib\threading.py", line 1032, in _bootstrap
    self._bootstrap_inner()
  File "C:\Users\A0496749\AppData\Local\Programs\Python\Python312\Lib\threading.py", line 1075, in _bootstrap_inner
    self.run()
  File "C:\Users\A0496749\AppData\Local\Programs\Python\Python312\Lib\threading.py", line 1012, in run
    self._target(*self._args, **self._kwargs)
  File "C:\Users\A0496749\AppData\Local\Programs\Python\Python312\Lib\site-packages\streamlit\runtime\scriptrunner\script_runner.py", line 379, in _run_script_thread
    self._run_script(request.rerun_data)
  File "C:\Users\A0496749\AppData\Local\Programs\Python\Python312\Lib\site-packages\streamlit\runtime\scriptrunner\script_runner.py", line 705, in _run_script
    ) = exec_func_with_error_handling(code_to_exec, ctx)
  File "C:\Users\A0496749\AppData\Local\Programs\Python\Python312\Lib\site-packages\streamlit\runtime\scriptrunner\exec_code.py", line 129, in exec_func_with_error_handling
    result = func()
  File "C:\Users\A0496749\AppData\Local\Programs\Python\Python312\Lib\site-packages\streamlit\runtime\scriptrunner\script_runner.py", line 689, in code_to_exec
    exec(code, module.__dict__)  # noqa: S102
  File "C:\Capstone_Project\app.py", line 1642, in <module>
    main()
  File "C:\Capstone_Project\app.py", line 1635, in main
    with tab2: tab_eda(df)
  File "C:\Capstone_Project\app.py", line 466, in tab_eda
    view = st.radio("", EDA_VIEWS, key="eda_nav", label_visibility="collapsed")
  File "C:\Users\A0496749\AppData\Local\Programs\Python\Python312\Lib\site-packages\streamlit\runtime\metrics_util.py", line 532, in wrapped_func
    result = non_optional_func(*args, **kwargs)
  File "C:\Users\A0496749\AppData\Local\Programs\Python\Python312\Lib\site-packages\streamlit\elements\widgets\radio.py", line 402, in radio
    return self._radio(
  File "C:\Users\A0496749\AppData\Local\Programs\Python\Python312\Lib\site-packages\streamlit\elements\widgets\radio.py", line 449, in _radio
    maybe_raise_label_warnings(label, label_visibility)
  File "C:\Users\A0496749\AppData\Local\Programs\Python\Python312\Lib\site-packages\streamlit\elements\lib\policies.py", line 187, in maybe_raise_label_warnings
    _LOGGER.warning(
2026-03-26 21:03:26.565 Please replace `use_container_width` with `width`.

`use_container_width` will be removed after 2025-12-31.

For `use_container_width=True`, use `width='stretch'`. For `use_container_width=False`, use `width='content'`.
2026-03-26 21:03:35.443 Please replace `use_container_width` with `width`.

`use_container_width` will be removed after 2025-12-31.

For `use_container_width=True`, use `width='stretch'`. For `use_container_width=False`, use `width='content'`.
2026-03-26 21:03:35.449 Please replace `use_container_width` with `width`.

`use_container_width` will be removed after 2025-12-31.

For `use_container_width=True`, use `width='stretch'`. For `use_container_width=False`, use `width='content'`.
2026-03-26 21:03:35.470 `label` got an empty value. This is discouraged for accessibility reasons and may be disallowed in the future by raising an exception. Please provide a non-empty label and hide it with label_visibility if needed.
Stack (most recent call last):
  File "C:\Users\A0496749\AppData\Local\Programs\Python\Python312\Lib\threading.py", line 1032, in _bootstrap
    self._bootstrap_inner()
  File "C:\Users\A0496749\AppData\Local\Programs\Python\Python312\Lib\threading.py", line 1075, in _bootstrap_inner
    self.run()
  File "C:\Users\A0496749\AppData\Local\Programs\Python\Python312\Lib\threading.py", line 1012, in run
    self._target(*self._args, **self._kwargs)
  File "C:\Users\A0496749\AppData\Local\Programs\Python\Python312\Lib\site-packages\streamlit\runtime\scriptrunner\script_runner.py", line 379, in _run_script_thread
    self._run_script(request.rerun_data)
  File "C:\Users\A0496749\AppData\Local\Programs\Python\Python312\Lib\site-packages\streamlit\runtime\scriptrunner\script_runner.py", line 705, in _run_script
    ) = exec_func_with_error_handling(code_to_exec, ctx)
  File "C:\Users\A0496749\AppData\Local\Programs\Python\Python312\Lib\site-packages\streamlit\runtime\scriptrunner\exec_code.py", line 129, in exec_func_with_error_handling
    result = func()
  File "C:\Users\A0496749\AppData\Local\Programs\Python\Python312\Lib\site-packages\streamlit\runtime\scriptrunner\script_runner.py", line 689, in code_to_exec
    exec(code, module.__dict__)  # noqa: S102
  File "C:\Capstone_Project\app.py", line 1642, in <module>
    main()
  File "C:\Capstone_Project\app.py", line 1635, in main
    with tab2: tab_eda(df)
  File "C:\Capstone_Project\app.py", line 466, in tab_eda
    view = st.radio("", EDA_VIEWS, key="eda_nav", label_visibility="collapsed")
  File "C:\Users\A0496749\AppData\Local\Programs\Python\Python312\Lib\site-packages\streamlit\runtime\metrics_util.py", line 532, in wrapped_func
    result = non_optional_func(*args, **kwargs)
  File "C:\Users\A0496749\AppData\Local\Programs\Python\Python312\Lib\site-packages\streamlit\elements\widgets\radio.py", line 402, in radio
    return self._radio(
  File "C:\Users\A0496749\AppData\Local\Programs\Python\Python312\Lib\site-packages\streamlit\elements\widgets\radio.py", line 449, in _radio
    maybe_raise_label_warnings(label, label_visibility)
  File "C:\Users\A0496749\AppData\Local\Programs\Python\Python312\Lib\site-packages\streamlit\elements\lib\policies.py", line 187, in maybe_raise_label_warnings
    _LOGGER.warning(
2026-03-26 21:03:35.499 Please replace `use_container_width` with `width`.

`use_container_width` will be removed after 2025-12-31.

For `use_container_width=True`, use `width='stretch'`. For `use_container_width=False`, use `width='content'`.

1 Failed download:
['MSFT']: TypeError("'NoneType' object is not subscriptable")
2026-03-26 21:03:48.980 Please replace `use_container_width` with `width`.

`use_container_width` will be removed after 2025-12-31.

For `use_container_width=True`, use `width='stretch'`. For `use_container_width=False`, use `width='content'`.
2026-03-26 21:03:48.992 Please replace `use_container_width` with `width`.

`use_container_width` will be removed after 2025-12-31.

For `use_container_width=True`, use `width='stretch'`. For `use_container_width=False`, use `width='content'`.
2026-03-26 21:03:49.010 Please replace `use_container_width` with `width`.

`use_container_width` will be removed after 2025-12-31.

For `use_container_width=True`, use `width='stretch'`. For `use_container_width=False`, use `width='content'`.
2026-03-26 21:03:49.024 Please replace `use_container_width` with `width`.

`use_container_width` will be removed after 2025-12-31.

For `use_container_width=True`, use `width='stretch'`. For `use_container_width=False`, use `width='content'`.
2026-03-26 21:03:57.850 Please replace `use_container_width` with `width`.

`use_container_width` will be removed after 2025-12-31.

For `use_container_width=True`, use `width='stretch'`. For `use_container_width=False`, use `width='content'`.
2026-03-26 21:03:57.858 Please replace `use_container_width` with `width`.

`use_container_width` will be removed after 2025-12-31.

For `use_container_width=True`, use `width='stretch'`. For `use_container_width=False`, use `width='content'`.
2026-03-26 21:03:57.878 `label` got an empty value. This is discouraged for accessibility reasons and may be disallowed in the future by raising an exception. Please provide a non-empty label and hide it with label_visibility if needed.
Stack (most recent call last):
  File "C:\Users\A0496749\AppData\Local\Programs\Python\Python312\Lib\threading.py", line 1032, in _bootstrap
    self._bootstrap_inner()
  File "C:\Users\A0496749\AppData\Local\Programs\Python\Python312\Lib\threading.py", line 1075, in _bootstrap_inner
    self.run()
  File "C:\Users\A0496749\AppData\Local\Programs\Python\Python312\Lib\threading.py", line 1012, in run
    self._target(*self._args, **self._kwargs)
  File "C:\Users\A0496749\AppData\Local\Programs\Python\Python312\Lib\site-packages\streamlit\runtime\scriptrunner\script_runner.py", line 379, in _run_script_thread
    self._run_script(request.rerun_data)
  File "C:\Users\A0496749\AppData\Local\Programs\Python\Python312\Lib\site-packages\streamlit\runtime\scriptrunner\script_runner.py", line 705, in _run_script
    ) = exec_func_with_error_handling(code_to_exec, ctx)
  File "C:\Users\A0496749\AppData\Local\Programs\Python\Python312\Lib\site-packages\streamlit\runtime\scriptrunner\exec_code.py", line 129, in exec_func_with_error_handling
    result = func()
  File "C:\Users\A0496749\AppData\Local\Programs\Python\Python312\Lib\site-packages\streamlit\runtime\scriptrunner\script_runner.py", line 689, in code_to_exec
    exec(code, module.__dict__)  # noqa: S102
  File "C:\Capstone_Project\app.py", line 1642, in <module>
    main()
  File "C:\Capstone_Project\app.py", line 1635, in main
    with tab2: tab_eda(df)
  File "C:\Capstone_Project\app.py", line 466, in tab_eda
    view = st.radio("", EDA_VIEWS, key="eda_nav", label_visibility="collapsed")
  File "C:\Users\A0496749\AppData\Local\Programs\Python\Python312\Lib\site-packages\streamlit\runtime\metrics_util.py", line 532, in wrapped_func
    result = non_optional_func(*args, **kwargs)
  File "C:\Users\A0496749\AppData\Local\Programs\Python\Python312\Lib\site-packages\streamlit\elements\widgets\radio.py", line 402, in radio
    return self._radio(
  File "C:\Users\A0496749\AppData\Local\Programs\Python\Python312\Lib\site-packages\streamlit\elements\widgets\radio.py", line 449, in _radio
    maybe_raise_label_warnings(label, label_visibility)
  File "C:\Users\A0496749\AppData\Local\Programs\Python\Python312\Lib\site-packages\streamlit\elements\lib\policies.py", line 187, in maybe_raise_label_warnings
    _LOGGER.warning(
2026-03-26 21:03:57.904 Please replace `use_container_width` with `width`.

`use_container_width` will be removed after 2025-12-31.

For `use_container_width=True`, use `width='stretch'`. For `use_container_width=False`, use `width='content'`.
2026-03-26 21:03:57.935 Please replace `use_container_width` with `width`.

`use_container_width` will be removed after 2025-12-31.

For `use_container_width=True`, use `width='stretch'`. For `use_container_width=False`, use `width='content'`.
2026-03-26 21:03:57.947 Please replace `use_container_width` with `width`.

`use_container_width` will be removed after 2025-12-31.

For `use_container_width=True`, use `width='stretch'`. For `use_container_width=False`, use `width='content'`.
2026-03-26 21:03:57.972 Please replace `use_container_width` with `width`.

`use_container_width` will be removed after 2025-12-31.

For `use_container_width=True`, use `width='stretch'`. For `use_container_width=False`, use `width='content'`.
2026-03-26 21:03:57.993 Please replace `use_container_width` with `width`.

`use_container_width` will be removed after 2025-12-31.

For `use_container_width=True`, use `width='stretch'`. For `use_container_width=False`, use `width='content'`.
2026-03-26 21:04:09.112 Please replace `use_container_width` with `width`.

`use_container_width` will be removed after 2025-12-31.

For `use_container_width=True`, use `width='stretch'`. For `use_container_width=False`, use `width='content'`.
2026-03-26 21:04:09.120 Please replace `use_container_width` with `width`.

`use_container_width` will be removed after 2025-12-31.

For `use_container_width=True`, use `width='stretch'`. For `use_container_width=False`, use `width='content'`.
2026-03-26 21:04:09.130 `label` got an empty value. This is discouraged for accessibility reasons and may be disallowed in the future by raising an exception. Please provide a non-empty label and hide it with label_visibility if needed.
Stack (most recent call last):
  File "C:\Users\A0496749\AppData\Local\Programs\Python\Python312\Lib\threading.py", line 1032, in _bootstrap
    self._bootstrap_inner()
  File "C:\Users\A0496749\AppData\Local\Programs\Python\Python312\Lib\threading.py", line 1075, in _bootstrap_inner
    self.run()
  File "C:\Users\A0496749\AppData\Local\Programs\Python\Python312\Lib\threading.py", line 1012, in run
    self._target(*self._args, **self._kwargs)
  File "C:\Users\A0496749\AppData\Local\Programs\Python\Python312\Lib\site-packages\streamlit\runtime\scriptrunner\script_runner.py", line 379, in _run_script_thread
    self._run_script(request.rerun_data)
  File "C:\Users\A0496749\AppData\Local\Programs\Python\Python312\Lib\site-packages\streamlit\runtime\scriptrunner\script_runner.py", line 705, in _run_script
    ) = exec_func_with_error_handling(code_to_exec, ctx)
  File "C:\Users\A0496749\AppData\Local\Programs\Python\Python312\Lib\site-packages\streamlit\runtime\scriptrunner\exec_code.py", line 129, in exec_func_with_error_handling
    result = func()
  File "C:\Users\A0496749\AppData\Local\Programs\Python\Python312\Lib\site-packages\streamlit\runtime\scriptrunner\script_runner.py", line 689, in code_to_exec
    exec(code, module.__dict__)  # noqa: S102
  File "C:\Capstone_Project\app.py", line 1642, in <module>
    main()
  File "C:\Capstone_Project\app.py", line 1635, in main
    with tab2: tab_eda(df)
  File "C:\Capstone_Project\app.py", line 466, in tab_eda
    view = st.radio("", EDA_VIEWS, key="eda_nav", label_visibility="collapsed")
  File "C:\Users\A0496749\AppData\Local\Programs\Python\Python312\Lib\site-packages\streamlit\runtime\metrics_util.py", line 532, in wrapped_func
    result = non_optional_func(*args, **kwargs)
  File "C:\Users\A0496749\AppData\Local\Programs\Python\Python312\Lib\site-packages\streamlit\elements\widgets\radio.py", line 402, in radio
    return self._radio(
  File "C:\Users\A0496749\AppData\Local\Programs\Python\Python312\Lib\site-packages\streamlit\elements\widgets\radio.py", line 449, in _radio
    maybe_raise_label_warnings(label, label_visibility)
  File "C:\Users\A0496749\AppData\Local\Programs\Python\Python312\Lib\site-packages\streamlit\elements\lib\policies.py", line 187, in maybe_raise_label_warnings
    _LOGGER.warning(
2026-03-26 21:04:09.158 Please replace `use_container_width` with `width`.

`use_container_width` will be removed after 2025-12-31.

For `use_container_width=True`, use `width='stretch'`. For `use_container_width=False`, use `width='content'`.
2026-03-26 21:04:09.181 Please replace `use_container_width` with `width`.

`use_container_width` will be removed after 2025-12-31.

For `use_container_width=True`, use `width='stretch'`. For `use_container_width=False`, use `width='content'`.
2026-03-26 21:04:09.197 Please replace `use_container_width` with `width`.

`use_container_width` will be removed after 2025-12-31.

For `use_container_width=True`, use `width='stretch'`. For `use_container_width=False`, use `width='content'`.
2026-03-26 21:04:09.234 Please replace `use_container_width` with `width`.

`use_container_width` will be removed after 2025-12-31.

For `use_container_width=True`, use `width='stretch'`. For `use_container_width=False`, use `width='content'`.
2026-03-26 21:04:09.249 Please replace `use_container_width` with `width`.

`use_container_width` will be removed after 2025-12-31.

For `use_container_width=True`, use `width='stretch'`. For `use_container_width=False`, use `width='content'`.
2026-03-26 21:04:11.441 Please replace `use_container_width` with `width`.

`use_container_width` will be removed after 2025-12-31.

For `use_container_width=True`, use `width='stretch'`. For `use_container_width=False`, use `width='content'`.
2026-03-26 21:04:11.455 Please replace `use_container_width` with `width`.

`use_container_width` will be removed after 2025-12-31.

For `use_container_width=True`, use `width='stretch'`. For `use_container_width=False`, use `width='content'`.
2026-03-26 21:04:11.474 `label` got an empty value. This is discouraged for accessibility reasons and may be disallowed in the future by raising an exception. Please provide a non-empty label and hide it with label_visibility if needed.
Stack (most recent call last):
  File "C:\Users\A0496749\AppData\Local\Programs\Python\Python312\Lib\threading.py", line 1032, in _bootstrap
    self._bootstrap_inner()
  File "C:\Users\A0496749\AppData\Local\Programs\Python\Python312\Lib\threading.py", line 1075, in _bootstrap_inner
    self.run()
  File "C:\Users\A0496749\AppData\Local\Programs\Python\Python312\Lib\threading.py", line 1012, in run
    self._target(*self._args, **self._kwargs)
  File "C:\Users\A0496749\AppData\Local\Programs\Python\Python312\Lib\site-packages\streamlit\runtime\scriptrunner\script_runner.py", line 379, in _run_script_thread
    self._run_script(request.rerun_data)
  File "C:\Users\A0496749\AppData\Local\Programs\Python\Python312\Lib\site-packages\streamlit\runtime\scriptrunner\script_runner.py", line 705, in _run_script
    ) = exec_func_with_error_handling(code_to_exec, ctx)
  File "C:\Users\A0496749\AppData\Local\Programs\Python\Python312\Lib\site-packages\streamlit\runtime\scriptrunner\exec_code.py", line 129, in exec_func_with_error_handling
    result = func()
  File "C:\Users\A0496749\AppData\Local\Programs\Python\Python312\Lib\site-packages\streamlit\runtime\scriptrunner\script_runner.py", line 689, in code_to_exec
    exec(code, module.__dict__)  # noqa: S102
  File "C:\Capstone_Project\app.py", line 1642, in <module>
    main()
  File "C:\Capstone_Project\app.py", line 1635, in main
    with tab2: tab_eda(df)
  File "C:\Capstone_Project\app.py", line 466, in tab_eda
    view = st.radio("", EDA_VIEWS, key="eda_nav", label_visibility="collapsed")
  File "C:\Users\A0496749\AppData\Local\Programs\Python\Python312\Lib\site-packages\streamlit\runtime\metrics_util.py", line 532, in wrapped_func
    result = non_optional_func(*args, **kwargs)
  File "C:\Users\A0496749\AppData\Local\Programs\Python\Python312\Lib\site-packages\streamlit\elements\widgets\radio.py", line 402, in radio
    return self._radio(
  File "C:\Users\A0496749\AppData\Local\Programs\Python\Python312\Lib\site-packages\streamlit\elements\widgets\radio.py", line 449, in _radio
    maybe_raise_label_warnings(label, label_visibility)
  File "C:\Users\A0496749\AppData\Local\Programs\Python\Python312\Lib\site-packages\streamlit\elements\lib\policies.py", line 187, in maybe_raise_label_warnings
    _LOGGER.warning(
2026-03-26 21:04:11.503 Please replace `use_container_width` with `width`.

`use_container_width` will be removed after 2025-12-31.

For `use_container_width=True`, use `width='stretch'`. For `use_container_width=False`, use `width='content'`.
2026-03-26 21:04:11.541 Please replace `use_container_width` with `width`.

`use_container_width` will be removed after 2025-12-31.

For `use_container_width=True`, use `width='stretch'`. For `use_container_width=False`, use `width='content'`.
2026-03-26 21:04:11.569 Please replace `use_container_width` with `width`.

`use_container_width` will be removed after 2025-12-31.

For `use_container_width=True`, use `width='stretch'`. For `use_container_width=False`, use `width='content'`.
2026-03-26 21:04:11.579 Please replace `use_container_width` with `width`.

`use_container_width` will be removed after 2025-12-31.

For `use_container_width=True`, use `width='stretch'`. For `use_container_width=False`, use `width='content'`.
2026-03-26 21:04:11.602 Please replace `use_container_width` with `width`.

`use_container_width` will be removed after 2025-12-31.

For `use_container_width=True`, use `width='stretch'`. For `use_container_width=False`, use `width='content'`.
2026-03-26 21:04:11.621 Please replace `use_container_width` with `width`.

`use_container_width` will be removed after 2025-12-31.

For `use_container_width=True`, use `width='stretch'`. For `use_container_width=False`, use `width='content'`.
2026-03-26 21:04:13.100 Please replace `use_container_width` with `width`.

`use_container_width` will be removed after 2025-12-31.

For `use_container_width=True`, use `width='stretch'`. For `use_container_width=False`, use `width='content'`.
2026-03-26 21:04:13.108 Please replace `use_container_width` with `width`.

`use_container_width` will be removed after 2025-12-31.

For `use_container_width=True`, use `width='stretch'`. For `use_container_width=False`, use `width='content'`.
2026-03-26 21:04:13.121 `label` got an empty value. This is discouraged for accessibility reasons and may be disallowed in the future by raising an exception. Please provide a non-empty label and hide it with label_visibility if needed.
Stack (most recent call last):
  File "C:\Users\A0496749\AppData\Local\Programs\Python\Python312\Lib\threading.py", line 1032, in _bootstrap
    self._bootstrap_inner()
  File "C:\Users\A0496749\AppData\Local\Programs\Python\Python312\Lib\threading.py", line 1075, in _bootstrap_inner
    self.run()
  File "C:\Users\A0496749\AppData\Local\Programs\Python\Python312\Lib\threading.py", line 1012, in run
    self._target(*self._args, **self._kwargs)
  File "C:\Users\A0496749\AppData\Local\Programs\Python\Python312\Lib\site-packages\streamlit\runtime\scriptrunner\script_runner.py", line 379, in _run_script_thread
    self._run_script(request.rerun_data)
  File "C:\Users\A0496749\AppData\Local\Programs\Python\Python312\Lib\site-packages\streamlit\runtime\scriptrunner\script_runner.py", line 705, in _run_script
    ) = exec_func_with_error_handling(code_to_exec, ctx)
  File "C:\Users\A0496749\AppData\Local\Programs\Python\Python312\Lib\site-packages\streamlit\runtime\scriptrunner\exec_code.py", line 129, in exec_func_with_error_handling
    result = func()
  File "C:\Users\A0496749\AppData\Local\Programs\Python\Python312\Lib\site-packages\streamlit\runtime\scriptrunner\script_runner.py", line 689, in code_to_exec
    exec(code, module.__dict__)  # noqa: S102
  File "C:\Capstone_Project\app.py", line 1642, in <module>
    main()
  File "C:\Capstone_Project\app.py", line 1635, in main
    with tab2: tab_eda(df)
  File "C:\Capstone_Project\app.py", line 466, in tab_eda
    view = st.radio("", EDA_VIEWS, key="eda_nav", label_visibility="collapsed")
  File "C:\Users\A0496749\AppData\Local\Programs\Python\Python312\Lib\site-packages\streamlit\runtime\metrics_util.py", line 532, in wrapped_func
    result = non_optional_func(*args, **kwargs)
  File "C:\Users\A0496749\AppData\Local\Programs\Python\Python312\Lib\site-packages\streamlit\elements\widgets\radio.py", line 402, in radio
    return self._radio(
  File "C:\Users\A0496749\AppData\Local\Programs\Python\Python312\Lib\site-packages\streamlit\elements\widgets\radio.py", line 449, in _radio
    maybe_raise_label_warnings(label, label_visibility)
  File "C:\Users\A0496749\AppData\Local\Programs\Python\Python312\Lib\site-packages\streamlit\elements\lib\policies.py", line 187, in maybe_raise_label_warnings
    _LOGGER.warning(
2026-03-26 21:04:13.150 Please replace `use_container_width` with `width`.

`use_container_width` will be removed after 2025-12-31.

For `use_container_width=True`, use `width='stretch'`. For `use_container_width=False`, use `width='content'`.
2026-03-26 21:04:13.172 Please replace `use_container_width` with `width`.

`use_container_width` will be removed after 2025-12-31.

For `use_container_width=True`, use `width='stretch'`. For `use_container_width=False`, use `width='content'`.
2026-03-26 21:04:13.183 Please replace `use_container_width` with `width`.

`use_container_width` will be removed after 2025-12-31.

For `use_container_width=True`, use `width='stretch'`. For `use_container_width=False`, use `width='content'`.
2026-03-26 21:04:13.209 Please replace `use_container_width` with `width`.

`use_container_width` will be removed after 2025-12-31.

For `use_container_width=True`, use `width='stretch'`. For `use_container_width=False`, use `width='content'`.
2026-03-26 21:04:13.221 Please replace `use_container_width` with `width`.

`use_container_width` will be removed after 2025-12-31.

For `use_container_width=True`, use `width='stretch'`. For `use_container_width=False`, use `width='content'`.
2026-03-26 21:04:13.849 Please replace `use_container_width` with `width`.

`use_container_width` will be removed after 2025-12-31.

For `use_container_width=True`, use `width='stretch'`. For `use_container_width=False`, use `width='content'`.
2026-03-26 21:04:13.854 Please replace `use_container_width` with `width`.

`use_container_width` will be removed after 2025-12-31.

For `use_container_width=True`, use `width='stretch'`. For `use_container_width=False`, use `width='content'`.
2026-03-26 21:04:13.872 `label` got an empty value. This is discouraged for accessibility reasons and may be disallowed in the future by raising an exception. Please provide a non-empty label and hide it with label_visibility if needed.
Stack (most recent call last):
  File "C:\Users\A0496749\AppData\Local\Programs\Python\Python312\Lib\threading.py", line 1032, in _bootstrap
    self._bootstrap_inner()
  File "C:\Users\A0496749\AppData\Local\Programs\Python\Python312\Lib\threading.py", line 1075, in _bootstrap_inner
    self.run()
  File "C:\Users\A0496749\AppData\Local\Programs\Python\Python312\Lib\threading.py", line 1012, in run
    self._target(*self._args, **self._kwargs)
  File "C:\Users\A0496749\AppData\Local\Programs\Python\Python312\Lib\site-packages\streamlit\runtime\scriptrunner\script_runner.py", line 379, in _run_script_thread
    self._run_script(request.rerun_data)
  File "C:\Users\A0496749\AppData\Local\Programs\Python\Python312\Lib\site-packages\streamlit\runtime\scriptrunner\script_runner.py", line 705, in _run_script
    ) = exec_func_with_error_handling(code_to_exec, ctx)
  File "C:\Users\A0496749\AppData\Local\Programs\Python\Python312\Lib\site-packages\streamlit\runtime\scriptrunner\exec_code.py", line 129, in exec_func_with_error_handling
    result = func()
  File "C:\Users\A0496749\AppData\Local\Programs\Python\Python312\Lib\site-packages\streamlit\runtime\scriptrunner\script_runner.py", line 689, in code_to_exec
    exec(code, module.__dict__)  # noqa: S102
  File "C:\Capstone_Project\app.py", line 1642, in <module>
    main()
  File "C:\Capstone_Project\app.py", line 1635, in main
    with tab2: tab_eda(df)
  File "C:\Capstone_Project\app.py", line 466, in tab_eda
    view = st.radio("", EDA_VIEWS, key="eda_nav", label_visibility="collapsed")
  File "C:\Users\A0496749\AppData\Local\Programs\Python\Python312\Lib\site-packages\streamlit\runtime\metrics_util.py", line 532, in wrapped_func
    result = non_optional_func(*args, **kwargs)
  File "C:\Users\A0496749\AppData\Local\Programs\Python\Python312\Lib\site-packages\streamlit\elements\widgets\radio.py", line 402, in radio
    return self._radio(
  File "C:\Users\A0496749\AppData\Local\Programs\Python\Python312\Lib\site-packages\streamlit\elements\widgets\radio.py", line 449, in _radio
    maybe_raise_label_warnings(label, label_visibility)
  File "C:\Users\A0496749\AppData\Local\Programs\Python\Python312\Lib\site-packages\streamlit\elements\lib\policies.py", line 187, in maybe_raise_label_warnings
    _LOGGER.warning(
2026-03-26 21:04:13.901 Please replace `use_container_width` with `width`.

`use_container_width` will be removed after 2025-12-31.

For `use_container_width=True`, use `width='stretch'`. For `use_container_width=False`, use `width='content'`.
2026-03-26 21:04:13.922 Please replace `use_container_width` with `width`.

`use_container_width` will be removed after 2025-12-31.

For `use_container_width=True`, use `width='stretch'`. For `use_container_width=False`, use `width='content'`.
2026-03-26 21:04:13.939 Please replace `use_container_width` with `width`.

`use_container_width` will be removed after 2025-12-31.

For `use_container_width=True`, use `width='stretch'`. For `use_container_width=False`, use `width='content'`.
2026-03-26 21:04:13.958 Please replace `use_container_width` with `width`.

`use_container_width` will be removed after 2025-12-31.

For `use_container_width=True`, use `width='stretch'`. For `use_container_width=False`, use `width='content'`.
2026-03-26 21:04:13.975 Please replace `use_container_width` with `width`.

`use_container_width` will be removed after 2025-12-31.

For `use_container_width=True`, use `width='stretch'`. For `use_container_width=False`, use `width='content'`.
2026-03-26 21:04:44.626 Please replace `use_container_width` with `width`.

`use_container_width` will be removed after 2025-12-31.

For `use_container_width=True`, use `width='stretch'`. For `use_container_width=False`, use `width='content'`.
2026-03-26 21:04:44.632 Please replace `use_container_width` with `width`.

`use_container_width` will be removed after 2025-12-31.

For `use_container_width=True`, use `width='stretch'`. For `use_container_width=False`, use `width='content'`.
2026-03-26 21:04:44.650 `label` got an empty value. This is discouraged for accessibility reasons and may be disallowed in the future by raising an exception. Please provide a non-empty label and hide it with label_visibility if needed.
Stack (most recent call last):
  File "C:\Users\A0496749\AppData\Local\Programs\Python\Python312\Lib\threading.py", line 1032, in _bootstrap
    self._bootstrap_inner()
  File "C:\Users\A0496749\AppData\Local\Programs\Python\Python312\Lib\threading.py", line 1075, in _bootstrap_inner
    self.run()
  File "C:\Users\A0496749\AppData\Local\Programs\Python\Python312\Lib\threading.py", line 1012, in run
    self._target(*self._args, **self._kwargs)
  File "C:\Users\A0496749\AppData\Local\Programs\Python\Python312\Lib\site-packages\streamlit\runtime\scriptrunner\script_runner.py", line 379, in _run_script_thread
    self._run_script(request.rerun_data)
  File "C:\Users\A0496749\AppData\Local\Programs\Python\Python312\Lib\site-packages\streamlit\runtime\scriptrunner\script_runner.py", line 705, in _run_script
    ) = exec_func_with_error_handling(code_to_exec, ctx)
  File "C:\Users\A0496749\AppData\Local\Programs\Python\Python312\Lib\site-packages\streamlit\runtime\scriptrunner\exec_code.py", line 129, in exec_func_with_error_handling
    result = func()
  File "C:\Users\A0496749\AppData\Local\Programs\Python\Python312\Lib\site-packages\streamlit\runtime\scriptrunner\script_runner.py", line 689, in code_to_exec
    exec(code, module.__dict__)  # noqa: S102
  File "C:\Capstone_Project\app.py", line 1642, in <module>
    main()
  File "C:\Capstone_Project\app.py", line 1635, in main
    with tab2: tab_eda(df)
  File "C:\Capstone_Project\app.py", line 466, in tab_eda
    view = st.radio("", EDA_VIEWS, key="eda_nav", label_visibility="collapsed")
  File "C:\Users\A0496749\AppData\Local\Programs\Python\Python312\Lib\site-packages\streamlit\runtime\metrics_util.py", line 532, in wrapped_func
    result = non_optional_func(*args, **kwargs)
  File "C:\Users\A0496749\AppData\Local\Programs\Python\Python312\Lib\site-packages\streamlit\elements\widgets\radio.py", line 402, in radio
    return self._radio(
  File "C:\Users\A0496749\AppData\Local\Programs\Python\Python312\Lib\site-packages\streamlit\elements\widgets\radio.py", line 449, in _radio
    maybe_raise_label_warnings(label, label_visibility)
  File "C:\Users\A0496749\AppData\Local\Programs\Python\Python312\Lib\site-packages\streamlit\elements\lib\policies.py", line 187, in maybe_raise_label_warnings
    _LOGGER.warning(
2026-03-26 21:04:44.679 Please replace `use_container_width` with `width`.

`use_container_width` will be removed after 2025-12-31.

For `use_container_width=True`, use `width='stretch'`. For `use_container_width=False`, use `width='content'`.
2026-03-26 21:04:44.713 Please replace `use_container_width` with `width`.

`use_container_width` will be removed after 2025-12-31.

For `use_container_width=True`, use `width='stretch'`. For `use_container_width=False`, use `width='content'`.
2026-03-26 21:04:44.724 Please replace `use_container_width` with `width`.

`use_container_width` will be removed after 2025-12-31.

For `use_container_width=True`, use `width='stretch'`. For `use_container_width=False`, use `width='content'`.
2026-03-26 21:04:44.749 Please replace `use_container_width` with `width`.

`use_container_width` will be removed after 2025-12-31.

For `use_container_width=True`, use `width='stretch'`. For `use_container_width=False`, use `width='content'`.
2026-03-26 21:04:44.768 Please replace `use_container_width` with `width`.

`use_container_width` will be removed after 2025-12-31.

For `use_container_width=True`, use `width='stretch'`. For `use_container_width=False`, use `width='content'`.
2026-03-26 21:13:01.199 Please replace `use_container_width` with `width`.

`use_container_width` will be removed after 2025-12-31.

For `use_container_width=True`, use `width='stretch'`. For `use_container_width=False`, use `width='content'`.
2026-03-26 21:13:01.209 Please replace `use_container_width` with `width`.

`use_container_width` will be removed after 2025-12-31.

For `use_container_width=True`, use `width='stretch'`. For `use_container_width=False`, use `width='content'`.
2026-03-26 21:13:01.231 `label` got an empty value. This is discouraged for accessibility reasons and may be disallowed in the future by raising an exception. Please provide a non-empty label and hide it with label_visibility if needed.
Stack (most recent call last):
  File "C:\Users\A0496749\AppData\Local\Programs\Python\Python312\Lib\threading.py", line 1032, in _bootstrap
    self._bootstrap_inner()
  File "C:\Users\A0496749\AppData\Local\Programs\Python\Python312\Lib\threading.py", line 1075, in _bootstrap_inner
    self.run()
  File "C:\Users\A0496749\AppData\Local\Programs\Python\Python312\Lib\threading.py", line 1012, in run
    self._target(*self._args, **self._kwargs)
  File "C:\Users\A0496749\AppData\Local\Programs\Python\Python312\Lib\site-packages\streamlit\runtime\scriptrunner\script_runner.py", line 379, in _run_script_thread
    self._run_script(request.rerun_data)
  File "C:\Users\A0496749\AppData\Local\Programs\Python\Python312\Lib\site-packages\streamlit\runtime\scriptrunner\script_runner.py", line 705, in _run_script
    ) = exec_func_with_error_handling(code_to_exec, ctx)
  File "C:\Users\A0496749\AppData\Local\Programs\Python\Python312\Lib\site-packages\streamlit\runtime\scriptrunner\exec_code.py", line 129, in exec_func_with_error_handling
    result = func()
  File "C:\Users\A0496749\AppData\Local\Programs\Python\Python312\Lib\site-packages\streamlit\runtime\scriptrunner\script_runner.py", line 689, in code_to_exec
    exec(code, module.__dict__)  # noqa: S102
  File "C:\Capstone_Project\app.py", line 1642, in <module>
    main()
  File "C:\Capstone_Project\app.py", line 1635, in main
    with tab2: tab_eda(df)
  File "C:\Capstone_Project\app.py", line 466, in tab_eda
    view = st.radio("", EDA_VIEWS, key="eda_nav", label_visibility="collapsed")
  File "C:\Users\A0496749\AppData\Local\Programs\Python\Python312\Lib\site-packages\streamlit\runtime\metrics_util.py", line 532, in wrapped_func
    result = non_optional_func(*args, **kwargs)
  File "C:\Users\A0496749\AppData\Local\Programs\Python\Python312\Lib\site-packages\streamlit\elements\widgets\radio.py", line 402, in radio
    return self._radio(
  File "C:\Users\A0496749\AppData\Local\Programs\Python\Python312\Lib\site-packages\streamlit\elements\widgets\radio.py", line 449, in _radio
    maybe_raise_label_warnings(label, label_visibility)
  File "C:\Users\A0496749\AppData\Local\Programs\Python\Python312\Lib\site-packages\streamlit\elements\lib\policies.py", line 187, in maybe_raise_label_warnings
    _LOGGER.warning(
2026-03-26 21:13:01.255 Please replace `use_container_width` with `width`.

`use_container_width` will be removed after 2025-12-31.

For `use_container_width=True`, use `width='stretch'`. For `use_container_width=False`, use `width='content'`.
2026-03-26 21:13:01.287 Please replace `use_container_width` with `width`.

`use_container_width` will be removed after 2025-12-31.

For `use_container_width=True`, use `width='stretch'`. For `use_container_width=False`, use `width='content'`.
2026-03-26 21:13:01.315 Please replace `use_container_width` with `width`.

`use_container_width` will be removed after 2025-12-31.

For `use_container_width=True`, use `width='stretch'`. For `use_container_width=False`, use `width='content'`.
2026-03-26 21:13:01.329 Please replace `use_container_width` with `width`.

`use_container_width` will be removed after 2025-12-31.

For `use_container_width=True`, use `width='stretch'`. For `use_container_width=False`, use `width='content'`.
2026-03-26 21:13:01.356 Please replace `use_container_width` with `width`.

`use_container_width` will be removed after 2025-12-31.

For `use_container_width=True`, use `width='stretch'`. For `use_container_width=False`, use `width='content'`.
2026-03-26 21:13:01.374 Please replace `use_container_width` with `width`.

`use_container_width` will be removed after 2025-12-31.

For `use_container_width=True`, use `width='stretch'`. For `use_container_width=False`, use `width='content'`.
2026-03-26 21:14:34.674 Please replace `use_container_width` with `width`.

`use_container_width` will be removed after 2025-12-31.

For `use_container_width=True`, use `width='stretch'`. For `use_container_width=False`, use `width='content'`.
2026-03-26 21:14:34.684 Please replace `use_container_width` with `width`.

`use_container_width` will be removed after 2025-12-31.

For `use_container_width=True`, use `width='stretch'`. For `use_container_width=False`, use `width='content'`.
2026-03-26 21:14:34.708 `label` got an empty value. This is discouraged for accessibility reasons and may be disallowed in the future by raising an exception. Please provide a non-empty label and hide it with label_visibility if needed.
Stack (most recent call last):
  File "C:\Users\A0496749\AppData\Local\Programs\Python\Python312\Lib\threading.py", line 1032, in _bootstrap
    self._bootstrap_inner()
  File "C:\Users\A0496749\AppData\Local\Programs\Python\Python312\Lib\threading.py", line 1075, in _bootstrap_inner
    self.run()
  File "C:\Users\A0496749\AppData\Local\Programs\Python\Python312\Lib\threading.py", line 1012, in run
    self._target(*self._args, **self._kwargs)
  File "C:\Users\A0496749\AppData\Local\Programs\Python\Python312\Lib\site-packages\streamlit\runtime\scriptrunner\script_runner.py", line 379, in _run_script_thread
    self._run_script(request.rerun_data)
  File "C:\Users\A0496749\AppData\Local\Programs\Python\Python312\Lib\site-packages\streamlit\runtime\scriptrunner\script_runner.py", line 705, in _run_script
    ) = exec_func_with_error_handling(code_to_exec, ctx)
  File "C:\Users\A0496749\AppData\Local\Programs\Python\Python312\Lib\site-packages\streamlit\runtime\scriptrunner\exec_code.py", line 129, in exec_func_with_error_handling
    result = func()
  File "C:\Users\A0496749\AppData\Local\Programs\Python\Python312\Lib\site-packages\streamlit\runtime\scriptrunner\script_runner.py", line 689, in code_to_exec
    exec(code, module.__dict__)  # noqa: S102
  File "C:\Capstone_Project\app.py", line 1642, in <module>
    main()
  File "C:\Capstone_Project\app.py", line 1635, in main
    with tab2: tab_eda(df)
  File "C:\Capstone_Project\app.py", line 466, in tab_eda
    view = st.radio("", EDA_VIEWS, key="eda_nav", label_visibility="collapsed")
  File "C:\Users\A0496749\AppData\Local\Programs\Python\Python312\Lib\site-packages\streamlit\runtime\metrics_util.py", line 532, in wrapped_func
    result = non_optional_func(*args, **kwargs)
  File "C:\Users\A0496749\AppData\Local\Programs\Python\Python312\Lib\site-packages\streamlit\elements\widgets\radio.py", line 402, in radio
    return self._radio(
  File "C:\Users\A0496749\AppData\Local\Programs\Python\Python312\Lib\site-packages\streamlit\elements\widgets\radio.py", line 449, in _radio
    maybe_raise_label_warnings(label, label_visibility)
  File "C:\Users\A0496749\AppData\Local\Programs\Python\Python312\Lib\site-packages\streamlit\elements\lib\policies.py", line 187, in maybe_raise_label_warnings
    _LOGGER.warning(
2026-03-26 21:14:34.737 Please replace `use_container_width` with `width`.

`use_container_width` will be removed after 2025-12-31.

For `use_container_width=True`, use `width='stretch'`. For `use_container_width=False`, use `width='content'`.
2026-03-26 21:14:34.768 Please replace `use_container_width` with `width`.

`use_container_width` will be removed after 2025-12-31.

For `use_container_width=True`, use `width='stretch'`. For `use_container_width=False`, use `width='content'`.
2026-03-26 21:14:34.780 Please replace `use_container_width` with `width`.

`use_container_width` will be removed after 2025-12-31.

For `use_container_width=True`, use `width='stretch'`. For `use_container_width=False`, use `width='content'`.
2026-03-26 21:14:34.810 Please replace `use_container_width` with `width`.

`use_container_width` will be removed after 2025-12-31.

For `use_container_width=True`, use `width='stretch'`. For `use_container_width=False`, use `width='content'`.
2026-03-26 21:14:34.828 Please replace `use_container_width` with `width`.

`use_container_width` will be removed after 2025-12-31.

For `use_container_width=True`, use `width='stretch'`. For `use_container_width=False`, use `width='content'`.
2026-03-26 21:14:35.406 Please replace `use_container_width` with `width`.

`use_container_width` will be removed after 2025-12-31.

For `use_container_width=True`, use `width='stretch'`. For `use_container_width=False`, use `width='content'`.
2026-03-26 21:14:35.415 Please replace `use_container_width` with `width`.

`use_container_width` will be removed after 2025-12-31.

For `use_container_width=True`, use `width='stretch'`. For `use_container_width=False`, use `width='content'`.
2026-03-26 21:14:35.437 `label` got an empty value. This is discouraged for accessibility reasons and may be disallowed in the future by raising an exception. Please provide a non-empty label and hide it with label_visibility if needed.
Stack (most recent call last):
  File "C:\Users\A0496749\AppData\Local\Programs\Python\Python312\Lib\threading.py", line 1032, in _bootstrap
    self._bootstrap_inner()
  File "C:\Users\A0496749\AppData\Local\Programs\Python\Python312\Lib\threading.py", line 1075, in _bootstrap_inner
    self.run()
  File "C:\Users\A0496749\AppData\Local\Programs\Python\Python312\Lib\threading.py", line 1012, in run
    self._target(*self._args, **self._kwargs)
  File "C:\Users\A0496749\AppData\Local\Programs\Python\Python312\Lib\site-packages\streamlit\runtime\scriptrunner\script_runner.py", line 379, in _run_script_thread
    self._run_script(request.rerun_data)
  File "C:\Users\A0496749\AppData\Local\Programs\Python\Python312\Lib\site-packages\streamlit\runtime\scriptrunner\script_runner.py", line 705, in _run_script
    ) = exec_func_with_error_handling(code_to_exec, ctx)
  File "C:\Users\A0496749\AppData\Local\Programs\Python\Python312\Lib\site-packages\streamlit\runtime\scriptrunner\exec_code.py", line 129, in exec_func_with_error_handling
    result = func()
  File "C:\Users\A0496749\AppData\Local\Programs\Python\Python312\Lib\site-packages\streamlit\runtime\scriptrunner\script_runner.py", line 689, in code_to_exec
    exec(code, module.__dict__)  # noqa: S102
  File "C:\Capstone_Project\app.py", line 1642, in <module>
    main()
  File "C:\Capstone_Project\app.py", line 1635, in main
    with tab2: tab_eda(df)
  File "C:\Capstone_Project\app.py", line 466, in tab_eda
    view = st.radio("", EDA_VIEWS, key="eda_nav", label_visibility="collapsed")
  File "C:\Users\A0496749\AppData\Local\Programs\Python\Python312\Lib\site-packages\streamlit\runtime\metrics_util.py", line 532, in wrapped_func
    result = non_optional_func(*args, **kwargs)
  File "C:\Users\A0496749\AppData\Local\Programs\Python\Python312\Lib\site-packages\streamlit\elements\widgets\radio.py", line 402, in radio
    return self._radio(
  File "C:\Users\A0496749\AppData\Local\Programs\Python\Python312\Lib\site-packages\streamlit\elements\widgets\radio.py", line 449, in _radio
    maybe_raise_label_warnings(label, label_visibility)
  File "C:\Users\A0496749\AppData\Local\Programs\Python\Python312\Lib\site-packages\streamlit\elements\lib\policies.py", line 187, in maybe_raise_label_warnings
    _LOGGER.warning(
2026-03-26 21:14:35.461 Please replace `use_container_width` with `width`.

`use_container_width` will be removed after 2025-12-31.

For `use_container_width=True`, use `width='stretch'`. For `use_container_width=False`, use `width='content'`.
2026-03-26 21:14:35.493 Please replace `use_container_width` with `width`.

`use_container_width` will be removed after 2025-12-31.

For `use_container_width=True`, use `width='stretch'`. For `use_container_width=False`, use `width='content'`.
2026-03-26 21:14:35.518 Please replace `use_container_width` with `width`.

`use_container_width` will be removed after 2025-12-31.

For `use_container_width=True`, use `width='stretch'`. For `use_container_width=False`, use `width='content'`.
2026-03-26 21:14:35.527 Please replace `use_container_width` with `width`.

`use_container_width` will be removed after 2025-12-31.

For `use_container_width=True`, use `width='stretch'`. For `use_container_width=False`, use `width='content'`.
2026-03-26 21:14:35.556 Please replace `use_container_width` with `width`.

`use_container_width` will be removed after 2025-12-31.

For `use_container_width=True`, use `width='stretch'`. For `use_container_width=False`, use `width='content'`.
2026-03-26 21:14:35.570 Please replace `use_container_width` with `width`.

`use_container_width` will be removed after 2025-12-31.

For `use_container_width=True`, use `width='stretch'`. For `use_container_width=False`, use `width='content'`.
2026-03-26 21:14:40.770 Please replace `use_container_width` with `width`.

`use_container_width` will be removed after 2025-12-31.

For `use_container_width=True`, use `width='stretch'`. For `use_container_width=False`, use `width='content'`.
2026-03-26 21:14:40.777 Please replace `use_container_width` with `width`.

`use_container_width` will be removed after 2025-12-31.

For `use_container_width=True`, use `width='stretch'`. For `use_container_width=False`, use `width='content'`.
2026-03-26 21:14:40.800 `label` got an empty value. This is discouraged for accessibility reasons and may be disallowed in the future by raising an exception. Please provide a non-empty label and hide it with label_visibility if needed.
Stack (most recent call last):
  File "C:\Users\A0496749\AppData\Local\Programs\Python\Python312\Lib\threading.py", line 1032, in _bootstrap
    self._bootstrap_inner()
  File "C:\Users\A0496749\AppData\Local\Programs\Python\Python312\Lib\threading.py", line 1075, in _bootstrap_inner
    self.run()
  File "C:\Users\A0496749\AppData\Local\Programs\Python\Python312\Lib\threading.py", line 1012, in run
    self._target(*self._args, **self._kwargs)
  File "C:\Users\A0496749\AppData\Local\Programs\Python\Python312\Lib\site-packages\streamlit\runtime\scriptrunner\script_runner.py", line 379, in _run_script_thread
    self._run_script(request.rerun_data)
  File "C:\Users\A0496749\AppData\Local\Programs\Python\Python312\Lib\site-packages\streamlit\runtime\scriptrunner\script_runner.py", line 705, in _run_script
    ) = exec_func_with_error_handling(code_to_exec, ctx)
  File "C:\Users\A0496749\AppData\Local\Programs\Python\Python312\Lib\site-packages\streamlit\runtime\scriptrunner\exec_code.py", line 129, in exec_func_with_error_handling
    result = func()
  File "C:\Users\A0496749\AppData\Local\Programs\Python\Python312\Lib\site-packages\streamlit\runtime\scriptrunner\script_runner.py", line 689, in code_to_exec
    exec(code, module.__dict__)  # noqa: S102
  File "C:\Capstone_Project\app.py", line 1642, in <module>
    main()
  File "C:\Capstone_Project\app.py", line 1635, in main
    with tab2: tab_eda(df)
  File "C:\Capstone_Project\app.py", line 466, in tab_eda
    view = st.radio("", EDA_VIEWS, key="eda_nav", label_visibility="collapsed")
  File "C:\Users\A0496749\AppData\Local\Programs\Python\Python312\Lib\site-packages\streamlit\runtime\metrics_util.py", line 532, in wrapped_func
    result = non_optional_func(*args, **kwargs)
  File "C:\Users\A0496749\AppData\Local\Programs\Python\Python312\Lib\site-packages\streamlit\elements\widgets\radio.py", line 402, in radio
    return self._radio(
  File "C:\Users\A0496749\AppData\Local\Programs\Python\Python312\Lib\site-packages\streamlit\elements\widgets\radio.py", line 449, in _radio
    maybe_raise_label_warnings(label, label_visibility)
  File "C:\Users\A0496749\AppData\Local\Programs\Python\Python312\Lib\site-packages\streamlit\elements\lib\policies.py", line 187, in maybe_raise_label_warnings
    _LOGGER.warning(
2026-03-26 21:14:40.822 Please replace `use_container_width` with `width`.

`use_container_width` will be removed after 2025-12-31.

For `use_container_width=True`, use `width='stretch'`. For `use_container_width=False`, use `width='content'`.
2026-03-26 21:14:40.843 Please replace `use_container_width` with `width`.

`use_container_width` will be removed after 2025-12-31.

For `use_container_width=True`, use `width='stretch'`. For `use_container_width=False`, use `width='content'`.
2026-03-26 21:14:40.871 Please replace `use_container_width` with `width`.

`use_container_width` will be removed after 2025-12-31.

For `use_container_width=True`, use `width='stretch'`. For `use_container_width=False`, use `width='content'`.
2026-03-26 21:14:40.879 Please replace `use_container_width` with `width`.

`use_container_width` will be removed after 2025-12-31.

For `use_container_width=True`, use `width='stretch'`. For `use_container_width=False`, use `width='content'`.
2026-03-26 21:14:40.894 Please replace `use_container_width` with `width`.

`use_container_width` will be removed after 2025-12-31.

For `use_container_width=True`, use `width='stretch'`. For `use_container_width=False`, use `width='content'`.
2026-03-26 21:14:40.906 Please replace `use_container_width` with `width`.

`use_container_width` will be removed after 2025-12-31.

For `use_container_width=True`, use `width='stretch'`. For `use_container_width=False`, use `width='content'`.
2026-03-26 21:14:42.320 Please replace `use_container_width` with `width`.

`use_container_width` will be removed after 2025-12-31.

For `use_container_width=True`, use `width='stretch'`. For `use_container_width=False`, use `width='content'`.
2026-03-26 21:14:42.327 Please replace `use_container_width` with `width`.

`use_container_width` will be removed after 2025-12-31.

For `use_container_width=True`, use `width='stretch'`. For `use_container_width=False`, use `width='content'`.
2026-03-26 21:14:42.349 `label` got an empty value. This is discouraged for accessibility reasons and may be disallowed in the future by raising an exception. Please provide a non-empty label and hide it with label_visibility if needed.
Stack (most recent call last):
  File "C:\Users\A0496749\AppData\Local\Programs\Python\Python312\Lib\threading.py", line 1032, in _bootstrap
    self._bootstrap_inner()
  File "C:\Users\A0496749\AppData\Local\Programs\Python\Python312\Lib\threading.py", line 1075, in _bootstrap_inner
    self.run()
  File "C:\Users\A0496749\AppData\Local\Programs\Python\Python312\Lib\threading.py", line 1012, in run
    self._target(*self._args, **self._kwargs)
  File "C:\Users\A0496749\AppData\Local\Programs\Python\Python312\Lib\site-packages\streamlit\runtime\scriptrunner\script_runner.py", line 379, in _run_script_thread
    self._run_script(request.rerun_data)
  File "C:\Users\A0496749\AppData\Local\Programs\Python\Python312\Lib\site-packages\streamlit\runtime\scriptrunner\script_runner.py", line 705, in _run_script
    ) = exec_func_with_error_handling(code_to_exec, ctx)
  File "C:\Users\A0496749\AppData\Local\Programs\Python\Python312\Lib\site-packages\streamlit\runtime\scriptrunner\exec_code.py", line 129, in exec_func_with_error_handling
    result = func()
  File "C:\Users\A0496749\AppData\Local\Programs\Python\Python312\Lib\site-packages\streamlit\runtime\scriptrunner\script_runner.py", line 689, in code_to_exec
    exec(code, module.__dict__)  # noqa: S102
  File "C:\Capstone_Project\app.py", line 1642, in <module>
    main()
  File "C:\Capstone_Project\app.py", line 1635, in main
    with tab2: tab_eda(df)
  File "C:\Capstone_Project\app.py", line 466, in tab_eda
    view = st.radio("", EDA_VIEWS, key="eda_nav", label_visibility="collapsed")
  File "C:\Users\A0496749\AppData\Local\Programs\Python\Python312\Lib\site-packages\streamlit\runtime\metrics_util.py", line 532, in wrapped_func
    result = non_optional_func(*args, **kwargs)
  File "C:\Users\A0496749\AppData\Local\Programs\Python\Python312\Lib\site-packages\streamlit\elements\widgets\radio.py", line 402, in radio
    return self._radio(
  File "C:\Users\A0496749\AppData\Local\Programs\Python\Python312\Lib\site-packages\streamlit\elements\widgets\radio.py", line 449, in _radio
    maybe_raise_label_warnings(label, label_visibility)
  File "C:\Users\A0496749\AppData\Local\Programs\Python\Python312\Lib\site-packages\streamlit\elements\lib\policies.py", line 187, in maybe_raise_label_warnings
    _LOGGER.warning(
2026-03-26 21:14:42.370 Please replace `use_container_width` with `width`.

`use_container_width` will be removed after 2025-12-31.

For `use_container_width=True`, use `width='stretch'`. For `use_container_width=False`, use `width='content'`.
2026-03-26 21:14:42.391 Please replace `use_container_width` with `width`.

`use_container_width` will be removed after 2025-12-31.

For `use_container_width=True`, use `width='stretch'`. For `use_container_width=False`, use `width='content'`.
2026-03-26 21:14:42.414 Please replace `use_container_width` with `width`.

`use_container_width` will be removed after 2025-12-31.

For `use_container_width=True`, use `width='stretch'`. For `use_container_width=False`, use `width='content'`.
2026-03-26 21:14:42.423 Please replace `use_container_width` with `width`.

`use_container_width` will be removed after 2025-12-31.

For `use_container_width=True`, use `width='stretch'`. For `use_container_width=False`, use `width='content'`.
2026-03-26 21:14:42.444 Please replace `use_container_width` with `width`.

`use_container_width` will be removed after 2025-12-31.

For `use_container_width=True`, use `width='stretch'`. For `use_container_width=False`, use `width='content'`.
2026-03-26 21:14:42.456 Please replace `use_container_width` with `width`.

`use_container_width` will be removed after 2025-12-31.

For `use_container_width=True`, use `width='stretch'`. For `use_container_width=False`, use `width='content'`.
2026-03-26 21:16:00.598 Please replace `use_container_width` with `width`.

`use_container_width` will be removed after 2025-12-31.

For `use_container_width=True`, use `width='stretch'`. For `use_container_width=False`, use `width='content'`.
2026-03-26 21:16:00.604 Please replace `use_container_width` with `width`.

`use_container_width` will be removed after 2025-12-31.

For `use_container_width=True`, use `width='stretch'`. For `use_container_width=False`, use `width='content'`.
2026-03-26 21:16:00.628 `label` got an empty value. This is discouraged for accessibility reasons and may be disallowed in the future by raising an exception. Please provide a non-empty label and hide it with label_visibility if needed.
Stack (most recent call last):
  File "C:\Users\A0496749\AppData\Local\Programs\Python\Python312\Lib\threading.py", line 1032, in _bootstrap
    self._bootstrap_inner()
  File "C:\Users\A0496749\AppData\Local\Programs\Python\Python312\Lib\threading.py", line 1075, in _bootstrap_inner
    self.run()
  File "C:\Users\A0496749\AppData\Local\Programs\Python\Python312\Lib\threading.py", line 1012, in run
    self._target(*self._args, **self._kwargs)
  File "C:\Users\A0496749\AppData\Local\Programs\Python\Python312\Lib\site-packages\streamlit\runtime\scriptrunner\script_runner.py", line 379, in _run_script_thread
    self._run_script(request.rerun_data)
  File "C:\Users\A0496749\AppData\Local\Programs\Python\Python312\Lib\site-packages\streamlit\runtime\scriptrunner\script_runner.py", line 705, in _run_script
    ) = exec_func_with_error_handling(code_to_exec, ctx)
  File "C:\Users\A0496749\AppData\Local\Programs\Python\Python312\Lib\site-packages\streamlit\runtime\scriptrunner\exec_code.py", line 129, in exec_func_with_error_handling
    result = func()
  File "C:\Users\A0496749\AppData\Local\Programs\Python\Python312\Lib\site-packages\streamlit\runtime\scriptrunner\script_runner.py", line 689, in code_to_exec
    exec(code, module.__dict__)  # noqa: S102
  File "C:\Capstone_Project\app.py", line 1642, in <module>
    main()
  File "C:\Capstone_Project\app.py", line 1635, in main
    with tab2: tab_eda(df)
  File "C:\Capstone_Project\app.py", line 466, in tab_eda
    view = st.radio("", EDA_VIEWS, key="eda_nav", label_visibility="collapsed")
  File "C:\Users\A0496749\AppData\Local\Programs\Python\Python312\Lib\site-packages\streamlit\runtime\metrics_util.py", line 532, in wrapped_func
    result = non_optional_func(*args, **kwargs)
  File "C:\Users\A0496749\AppData\Local\Programs\Python\Python312\Lib\site-packages\streamlit\elements\widgets\radio.py", line 402, in radio
    return self._radio(
  File "C:\Users\A0496749\AppData\Local\Programs\Python\Python312\Lib\site-packages\streamlit\elements\widgets\radio.py", line 449, in _radio
    maybe_raise_label_warnings(label, label_visibility)
  File "C:\Users\A0496749\AppData\Local\Programs\Python\Python312\Lib\site-packages\streamlit\elements\lib\policies.py", line 187, in maybe_raise_label_warnings
    _LOGGER.warning(
2026-03-26 21:16:00.658 Please replace `use_container_width` with `width`.

`use_container_width` will be removed after 2025-12-31.

For `use_container_width=True`, use `width='stretch'`. For `use_container_width=False`, use `width='content'`.
2026-03-26 21:16:00.686 Please replace `use_container_width` with `width`.

`use_container_width` will be removed after 2025-12-31.

For `use_container_width=True`, use `width='stretch'`. For `use_container_width=False`, use `width='content'`.
2026-03-26 21:16:00.700 Please replace `use_container_width` with `width`.

`use_container_width` will be removed after 2025-12-31.

For `use_container_width=True`, use `width='stretch'`. For `use_container_width=False`, use `width='content'`.
2026-03-26 21:16:00.729 Please replace `use_container_width` with `width`.

`use_container_width` will be removed after 2025-12-31.

For `use_container_width=True`, use `width='stretch'`. For `use_container_width=False`, use `width='content'`.
2026-03-26 21:16:00.744 Please replace `use_container_width` with `width`.

`use_container_width` will be removed after 2025-12-31.

For `use_container_width=True`, use `width='stretch'`. For `use_container_width=False`, use `width='content'`.
2026-03-26 21:16:02.195 Please replace `use_container_width` with `width`.

`use_container_width` will be removed after 2025-12-31.

For `use_container_width=True`, use `width='stretch'`. For `use_container_width=False`, use `width='content'`.
2026-03-26 21:16:02.206 Please replace `use_container_width` with `width`.

`use_container_width` will be removed after 2025-12-31.

For `use_container_width=True`, use `width='stretch'`. For `use_container_width=False`, use `width='content'`.
2026-03-26 21:16:02.227 `label` got an empty value. This is discouraged for accessibility reasons and may be disallowed in the future by raising an exception. Please provide a non-empty label and hide it with label_visibility if needed.
Stack (most recent call last):
  File "C:\Users\A0496749\AppData\Local\Programs\Python\Python312\Lib\threading.py", line 1032, in _bootstrap
    self._bootstrap_inner()
  File "C:\Users\A0496749\AppData\Local\Programs\Python\Python312\Lib\threading.py", line 1075, in _bootstrap_inner
    self.run()
  File "C:\Users\A0496749\AppData\Local\Programs\Python\Python312\Lib\threading.py", line 1012, in run
    self._target(*self._args, **self._kwargs)
  File "C:\Users\A0496749\AppData\Local\Programs\Python\Python312\Lib\site-packages\streamlit\runtime\scriptrunner\script_runner.py", line 379, in _run_script_thread
    self._run_script(request.rerun_data)
  File "C:\Users\A0496749\AppData\Local\Programs\Python\Python312\Lib\site-packages\streamlit\runtime\scriptrunner\script_runner.py", line 705, in _run_script
    ) = exec_func_with_error_handling(code_to_exec, ctx)
  File "C:\Users\A0496749\AppData\Local\Programs\Python\Python312\Lib\site-packages\streamlit\runtime\scriptrunner\exec_code.py", line 129, in exec_func_with_error_handling
    result = func()
  File "C:\Users\A0496749\AppData\Local\Programs\Python\Python312\Lib\site-packages\streamlit\runtime\scriptrunner\script_runner.py", line 689, in code_to_exec
    exec(code, module.__dict__)  # noqa: S102
  File "C:\Capstone_Project\app.py", line 1642, in <module>
    main()
  File "C:\Capstone_Project\app.py", line 1635, in main
    with tab2: tab_eda(df)
  File "C:\Capstone_Project\app.py", line 466, in tab_eda
    view = st.radio("", EDA_VIEWS, key="eda_nav", label_visibility="collapsed")
  File "C:\Users\A0496749\AppData\Local\Programs\Python\Python312\Lib\site-packages\streamlit\runtime\metrics_util.py", line 532, in wrapped_func
    result = non_optional_func(*args, **kwargs)
  File "C:\Users\A0496749\AppData\Local\Programs\Python\Python312\Lib\site-packages\streamlit\elements\widgets\radio.py", line 402, in radio
    return self._radio(
  File "C:\Users\A0496749\AppData\Local\Programs\Python\Python312\Lib\site-packages\streamlit\elements\widgets\radio.py", line 449, in _radio
    maybe_raise_label_warnings(label, label_visibility)
  File "C:\Users\A0496749\AppData\Local\Programs\Python\Python312\Lib\site-packages\streamlit\elements\lib\policies.py", line 187, in maybe_raise_label_warnings
    _LOGGER.warning(
2026-03-26 21:16:02.249 Please replace `use_container_width` with `width`.

`use_container_width` will be removed after 2025-12-31.

For `use_container_width=True`, use `width='stretch'`. For `use_container_width=False`, use `width='content'`.
2026-03-26 21:16:02.269 Please replace `use_container_width` with `width`.

`use_container_width` will be removed after 2025-12-31.

For `use_container_width=True`, use `width='stretch'`. For `use_container_width=False`, use `width='content'`.
2026-03-26 21:16:02.299 Please replace `use_container_width` with `width`.

`use_container_width` will be removed after 2025-12-31.

For `use_container_width=True`, use `width='stretch'`. For `use_container_width=False`, use `width='content'`.
2026-03-26 21:16:02.313 Please replace `use_container_width` with `width`.

`use_container_width` will be removed after 2025-12-31.

For `use_container_width=True`, use `width='stretch'`. For `use_container_width=False`, use `width='content'`.
2026-03-26 21:16:02.336 Please replace `use_container_width` with `width`.

`use_container_width` will be removed after 2025-12-31.

For `use_container_width=True`, use `width='stretch'`. For `use_container_width=False`, use `width='content'`.
2026-03-26 21:16:02.345 Please replace `use_container_width` with `width`.

`use_container_width` will be removed after 2025-12-31.

For `use_container_width=True`, use `width='stretch'`. For `use_container_width=False`, use `width='content'`.
2026-03-26 21:23:00.628 Please replace `use_container_width` with `width`.

`use_container_width` will be removed after 2025-12-31.

For `use_container_width=True`, use `width='stretch'`. For `use_container_width=False`, use `width='content'`.
2026-03-26 21:23:00.639 Please replace `use_container_width` with `width`.

`use_container_width` will be removed after 2025-12-31.

For `use_container_width=True`, use `width='stretch'`. For `use_container_width=False`, use `width='content'`.
2026-03-26 21:23:00.662 `label` got an empty value. This is discouraged for accessibility reasons and may be disallowed in the future by raising an exception. Please provide a non-empty label and hide it with label_visibility if needed.
Stack (most recent call last):
  File "C:\Users\A0496749\AppData\Local\Programs\Python\Python312\Lib\threading.py", line 1032, in _bootstrap
    self._bootstrap_inner()
  File "C:\Users\A0496749\AppData\Local\Programs\Python\Python312\Lib\threading.py", line 1075, in _bootstrap_inner
    self.run()
  File "C:\Users\A0496749\AppData\Local\Programs\Python\Python312\Lib\threading.py", line 1012, in run
    self._target(*self._args, **self._kwargs)
  File "C:\Users\A0496749\AppData\Local\Programs\Python\Python312\Lib\site-packages\streamlit\runtime\scriptrunner\script_runner.py", line 379, in _run_script_thread
    self._run_script(request.rerun_data)
  File "C:\Users\A0496749\AppData\Local\Programs\Python\Python312\Lib\site-packages\streamlit\runtime\scriptrunner\script_runner.py", line 705, in _run_script
    ) = exec_func_with_error_handling(code_to_exec, ctx)
  File "C:\Users\A0496749\AppData\Local\Programs\Python\Python312\Lib\site-packages\streamlit\runtime\scriptrunner\exec_code.py", line 129, in exec_func_with_error_handling
    result = func()
  File "C:\Users\A0496749\AppData\Local\Programs\Python\Python312\Lib\site-packages\streamlit\runtime\scriptrunner\script_runner.py", line 689, in code_to_exec
    exec(code, module.__dict__)  # noqa: S102
  File "C:\Capstone_Project\app.py", line 1642, in <module>
    main()
  File "C:\Capstone_Project\app.py", line 1635, in main
    with tab2: tab_eda(df)
  File "C:\Capstone_Project\app.py", line 466, in tab_eda
    view = st.radio("", EDA_VIEWS, key="eda_nav", label_visibility="collapsed")
  File "C:\Users\A0496749\AppData\Local\Programs\Python\Python312\Lib\site-packages\streamlit\runtime\metrics_util.py", line 532, in wrapped_func
    result = non_optional_func(*args, **kwargs)
  File "C:\Users\A0496749\AppData\Local\Programs\Python\Python312\Lib\site-packages\streamlit\elements\widgets\radio.py", line 402, in radio
    return self._radio(
  File "C:\Users\A0496749\AppData\Local\Programs\Python\Python312\Lib\site-packages\streamlit\elements\widgets\radio.py", line 449, in _radio
    maybe_raise_label_warnings(label, label_visibility)
  File "C:\Users\A0496749\AppData\Local\Programs\Python\Python312\Lib\site-packages\streamlit\elements\lib\policies.py", line 187, in maybe_raise_label_warnings
    _LOGGER.warning(
2026-03-26 21:23:00.691 Please replace `use_container_width` with `width`.

`use_container_width` will be removed after 2025-12-31.

For `use_container_width=True`, use `width='stretch'`. For `use_container_width=False`, use `width='content'`.
2026-03-26 21:23:00.713 Please replace `use_container_width` with `width`.

`use_container_width` will be removed after 2025-12-31.

For `use_container_width=True`, use `width='stretch'`. For `use_container_width=False`, use `width='content'`.
2026-03-26 21:23:00.736 Please replace `use_container_width` with `width`.

`use_container_width` will be removed after 2025-12-31.

For `use_container_width=True`, use `width='stretch'`. For `use_container_width=False`, use `width='content'`.
2026-03-26 21:23:00.748 Please replace `use_container_width` with `width`.

`use_container_width` will be removed after 2025-12-31.

For `use_container_width=True`, use `width='stretch'`. For `use_container_width=False`, use `width='content'`.
2026-03-26 21:23:00.770 Please replace `use_container_width` with `width`.

`use_container_width` will be removed after 2025-12-31.

For `use_container_width=True`, use `width='stretch'`. For `use_container_width=False`, use `width='content'`.
2026-03-26 21:23:00.783 Please replace `use_container_width` with `width`.

`use_container_width` will be removed after 2025-12-31.

For `use_container_width=True`, use `width='stretch'`. For `use_container_width=False`, use `width='content'`.
2026-03-26 21:23:03.327 Please replace `use_container_width` with `width`.

`use_container_width` will be removed after 2025-12-31.

For `use_container_width=True`, use `width='stretch'`. For `use_container_width=False`, use `width='content'`.
2026-03-26 21:23:03.335 Please replace `use_container_width` with `width`.

`use_container_width` will be removed after 2025-12-31.

For `use_container_width=True`, use `width='stretch'`. For `use_container_width=False`, use `width='content'`.
2026-03-26 21:23:03.358 `label` got an empty value. This is discouraged for accessibility reasons and may be disallowed in the future by raising an exception. Please provide a non-empty label and hide it with label_visibility if needed.
Stack (most recent call last):
  File "C:\Users\A0496749\AppData\Local\Programs\Python\Python312\Lib\threading.py", line 1032, in _bootstrap
    self._bootstrap_inner()
  File "C:\Users\A0496749\AppData\Local\Programs\Python\Python312\Lib\threading.py", line 1075, in _bootstrap_inner
    self.run()
  File "C:\Users\A0496749\AppData\Local\Programs\Python\Python312\Lib\threading.py", line 1012, in run
    self._target(*self._args, **self._kwargs)
  File "C:\Users\A0496749\AppData\Local\Programs\Python\Python312\Lib\site-packages\streamlit\runtime\scriptrunner\script_runner.py", line 379, in _run_script_thread
    self._run_script(request.rerun_data)
  File "C:\Users\A0496749\AppData\Local\Programs\Python\Python312\Lib\site-packages\streamlit\runtime\scriptrunner\script_runner.py", line 705, in _run_script
    ) = exec_func_with_error_handling(code_to_exec, ctx)
  File "C:\Users\A0496749\AppData\Local\Programs\Python\Python312\Lib\site-packages\streamlit\runtime\scriptrunner\exec_code.py", line 129, in exec_func_with_error_handling
    result = func()
  File "C:\Users\A0496749\AppData\Local\Programs\Python\Python312\Lib\site-packages\streamlit\runtime\scriptrunner\script_runner.py", line 689, in code_to_exec
    exec(code, module.__dict__)  # noqa: S102
  File "C:\Capstone_Project\app.py", line 1642, in <module>
    main()
  File "C:\Capstone_Project\app.py", line 1635, in main
    with tab2: tab_eda(df)
  File "C:\Capstone_Project\app.py", line 466, in tab_eda
    view = st.radio("", EDA_VIEWS, key="eda_nav", label_visibility="collapsed")
  File "C:\Users\A0496749\AppData\Local\Programs\Python\Python312\Lib\site-packages\streamlit\runtime\metrics_util.py", line 532, in wrapped_func
    result = non_optional_func(*args, **kwargs)
  File "C:\Users\A0496749\AppData\Local\Programs\Python\Python312\Lib\site-packages\streamlit\elements\widgets\radio.py", line 402, in radio
    return self._radio(
  File "C:\Users\A0496749\AppData\Local\Programs\Python\Python312\Lib\site-packages\streamlit\elements\widgets\radio.py", line 449, in _radio
    maybe_raise_label_warnings(label, label_visibility)
  File "C:\Users\A0496749\AppData\Local\Programs\Python\Python312\Lib\site-packages\streamlit\elements\lib\policies.py", line 187, in maybe_raise_label_warnings
    _LOGGER.warning(
2026-03-26 21:23:03.383 Please replace `use_container_width` with `width`.

`use_container_width` will be removed after 2025-12-31.

For `use_container_width=True`, use `width='stretch'`. For `use_container_width=False`, use `width='content'`.
2026-03-26 21:23:03.410 Please replace `use_container_width` with `width`.

`use_container_width` will be removed after 2025-12-31.

For `use_container_width=True`, use `width='stretch'`. For `use_container_width=False`, use `width='content'`.
2026-03-26 21:23:03.434 Please replace `use_container_width` with `width`.

`use_container_width` will be removed after 2025-12-31.

For `use_container_width=True`, use `width='stretch'`. For `use_container_width=False`, use `width='content'`.
2026-03-26 21:23:03.443 Please replace `use_container_width` with `width`.

`use_container_width` will be removed after 2025-12-31.

For `use_container_width=True`, use `width='stretch'`. For `use_container_width=False`, use `width='content'`.
2026-03-26 21:23:03.467 Please replace `use_container_width` with `width`.

`use_container_width` will be removed after 2025-12-31.

For `use_container_width=True`, use `width='stretch'`. For `use_container_width=False`, use `width='content'`.
2026-03-26 21:23:03.480 Please replace `use_container_width` with `width`.

`use_container_width` will be removed after 2025-12-31.

For `use_container_width=True`, use `width='stretch'`. For `use_container_width=False`, use `width='content'`.
2026-03-26 21:23:07.894 Please replace `use_container_width` with `width`.

`use_container_width` will be removed after 2025-12-31.

For `use_container_width=True`, use `width='stretch'`. For `use_container_width=False`, use `width='content'`.
2026-03-26 21:23:07.910 Please replace `use_container_width` with `width`.

`use_container_width` will be removed after 2025-12-31.

For `use_container_width=True`, use `width='stretch'`. For `use_container_width=False`, use `width='content'`.
2026-03-26 21:23:07.931 `label` got an empty value. This is discouraged for accessibility reasons and may be disallowed in the future by raising an exception. Please provide a non-empty label and hide it with label_visibility if needed.
Stack (most recent call last):
  File "C:\Users\A0496749\AppData\Local\Programs\Python\Python312\Lib\threading.py", line 1032, in _bootstrap
    self._bootstrap_inner()
  File "C:\Users\A0496749\AppData\Local\Programs\Python\Python312\Lib\threading.py", line 1075, in _bootstrap_inner
    self.run()
  File "C:\Users\A0496749\AppData\Local\Programs\Python\Python312\Lib\threading.py", line 1012, in run
    self._target(*self._args, **self._kwargs)
  File "C:\Users\A0496749\AppData\Local\Programs\Python\Python312\Lib\site-packages\streamlit\runtime\scriptrunner\script_runner.py", line 379, in _run_script_thread
    self._run_script(request.rerun_data)
  File "C:\Users\A0496749\AppData\Local\Programs\Python\Python312\Lib\site-packages\streamlit\runtime\scriptrunner\script_runner.py", line 705, in _run_script
    ) = exec_func_with_error_handling(code_to_exec, ctx)
  File "C:\Users\A0496749\AppData\Local\Programs\Python\Python312\Lib\site-packages\streamlit\runtime\scriptrunner\exec_code.py", line 129, in exec_func_with_error_handling
    result = func()
  File "C:\Users\A0496749\AppData\Local\Programs\Python\Python312\Lib\site-packages\streamlit\runtime\scriptrunner\script_runner.py", line 689, in code_to_exec
    exec(code, module.__dict__)  # noqa: S102
  File "C:\Capstone_Project\app.py", line 1642, in <module>
    main()
  File "C:\Capstone_Project\app.py", line 1635, in main
    with tab2: tab_eda(df)
  File "C:\Capstone_Project\app.py", line 466, in tab_eda
    view = st.radio("", EDA_VIEWS, key="eda_nav", label_visibility="collapsed")
  File "C:\Users\A0496749\AppData\Local\Programs\Python\Python312\Lib\site-packages\streamlit\runtime\metrics_util.py", line 532, in wrapped_func
    result = non_optional_func(*args, **kwargs)
  File "C:\Users\A0496749\AppData\Local\Programs\Python\Python312\Lib\site-packages\streamlit\elements\widgets\radio.py", line 402, in radio
    return self._radio(
  File "C:\Users\A0496749\AppData\Local\Programs\Python\Python312\Lib\site-packages\streamlit\elements\widgets\radio.py", line 449, in _radio
    maybe_raise_label_warnings(label, label_visibility)
  File "C:\Users\A0496749\AppData\Local\Programs\Python\Python312\Lib\site-packages\streamlit\elements\lib\policies.py", line 187, in maybe_raise_label_warnings
    _LOGGER.warning(
2026-03-26 21:23:07.958 Please replace `use_container_width` with `width`.

`use_container_width` will be removed after 2025-12-31.

For `use_container_width=True`, use `width='stretch'`. For `use_container_width=False`, use `width='content'`.
2026-03-26 21:23:07.984 Please replace `use_container_width` with `width`.

`use_container_width` will be removed after 2025-12-31.

For `use_container_width=True`, use `width='stretch'`. For `use_container_width=False`, use `width='content'`.
2026-03-26 21:23:08.012 Please replace `use_container_width` with `width`.

`use_container_width` will be removed after 2025-12-31.

For `use_container_width=True`, use `width='stretch'`. For `use_container_width=False`, use `width='content'`.
2026-03-26 21:23:08.024 Please replace `use_container_width` with `width`.

`use_container_width` will be removed after 2025-12-31.

For `use_container_width=True`, use `width='stretch'`. For `use_container_width=False`, use `width='content'`.
2026-03-26 21:23:08.050 Please replace `use_container_width` with `width`.

`use_container_width` will be removed after 2025-12-31.

For `use_container_width=True`, use `width='stretch'`. For `use_container_width=False`, use `width='content'`.
2026-03-26 21:23:08.064 Please replace `use_container_width` with `width`.

`use_container_width` will be removed after 2025-12-31.

For `use_container_width=True`, use `width='stretch'`. For `use_container_width=False`, use `width='content'`.
2026-03-26 21:23:14.603 Please replace `use_container_width` with `width`.

`use_container_width` will be removed after 2025-12-31.

For `use_container_width=True`, use `width='stretch'`. For `use_container_width=False`, use `width='content'`.
2026-03-26 21:23:14.610 Please replace `use_container_width` with `width`.

`use_container_width` will be removed after 2025-12-31.

For `use_container_width=True`, use `width='stretch'`. For `use_container_width=False`, use `width='content'`.
2026-03-26 21:23:14.625 `label` got an empty value. This is discouraged for accessibility reasons and may be disallowed in the future by raising an exception. Please provide a non-empty label and hide it with label_visibility if needed.
Stack (most recent call last):
  File "C:\Users\A0496749\AppData\Local\Programs\Python\Python312\Lib\threading.py", line 1032, in _bootstrap
    self._bootstrap_inner()
  File "C:\Users\A0496749\AppData\Local\Programs\Python\Python312\Lib\threading.py", line 1075, in _bootstrap_inner
    self.run()
  File "C:\Users\A0496749\AppData\Local\Programs\Python\Python312\Lib\threading.py", line 1012, in run
    self._target(*self._args, **self._kwargs)
  File "C:\Users\A0496749\AppData\Local\Programs\Python\Python312\Lib\site-packages\streamlit\runtime\scriptrunner\script_runner.py", line 379, in _run_script_thread
    self._run_script(request.rerun_data)
  File "C:\Users\A0496749\AppData\Local\Programs\Python\Python312\Lib\site-packages\streamlit\runtime\scriptrunner\script_runner.py", line 705, in _run_script
    ) = exec_func_with_error_handling(code_to_exec, ctx)
  File "C:\Users\A0496749\AppData\Local\Programs\Python\Python312\Lib\site-packages\streamlit\runtime\scriptrunner\exec_code.py", line 129, in exec_func_with_error_handling
    result = func()
  File "C:\Users\A0496749\AppData\Local\Programs\Python\Python312\Lib\site-packages\streamlit\runtime\scriptrunner\script_runner.py", line 689, in code_to_exec
    exec(code, module.__dict__)  # noqa: S102
  File "C:\Capstone_Project\app.py", line 1642, in <module>
    main()
  File "C:\Capstone_Project\app.py", line 1635, in main
    with tab2: tab_eda(df)
  File "C:\Capstone_Project\app.py", line 466, in tab_eda
    view = st.radio("", EDA_VIEWS, key="eda_nav", label_visibility="collapsed")
  File "C:\Users\A0496749\AppData\Local\Programs\Python\Python312\Lib\site-packages\streamlit\runtime\metrics_util.py", line 532, in wrapped_func
    result = non_optional_func(*args, **kwargs)
  File "C:\Users\A0496749\AppData\Local\Programs\Python\Python312\Lib\site-packages\streamlit\elements\widgets\radio.py", line 402, in radio
    return self._radio(
  File "C:\Users\A0496749\AppData\Local\Programs\Python\Python312\Lib\site-packages\streamlit\elements\widgets\radio.py", line 449, in _radio
    maybe_raise_label_warnings(label, label_visibility)
  File "C:\Users\A0496749\AppData\Local\Programs\Python\Python312\Lib\site-packages\streamlit\elements\lib\policies.py", line 187, in maybe_raise_label_warnings
    _LOGGER.warning(
2026-03-26 21:23:14.646 Please replace `use_container_width` with `width`.

`use_container_width` will be removed after 2025-12-31.

For `use_container_width=True`, use `width='stretch'`. For `use_container_width=False`, use `width='content'`.
2026-03-26 21:23:14.670 Please replace `use_container_width` with `width`.

`use_container_width` will be removed after 2025-12-31.

For `use_container_width=True`, use `width='stretch'`. For `use_container_width=False`, use `width='content'`.
2026-03-26 21:23:14.691 Please replace `use_container_width` with `width`.

`use_container_width` will be removed after 2025-12-31.

For `use_container_width=True`, use `width='stretch'`. For `use_container_width=False`, use `width='content'`.
2026-03-26 21:23:14.699 Please replace `use_container_width` with `width`.

`use_container_width` will be removed after 2025-12-31.

For `use_container_width=True`, use `width='stretch'`. For `use_container_width=False`, use `width='content'`.
2026-03-26 21:23:14.721 Please replace `use_container_width` with `width`.

`use_container_width` will be removed after 2025-12-31.

For `use_container_width=True`, use `width='stretch'`. For `use_container_width=False`, use `width='content'`.
2026-03-26 21:23:14.736 Please replace `use_container_width` with `width`.

`use_container_width` will be removed after 2025-12-31.

For `use_container_width=True`, use `width='stretch'`. For `use_container_width=False`, use `width='content'`.
2026-03-26 21:23:15.693 Please replace `use_container_width` with `width`.

`use_container_width` will be removed after 2025-12-31.

For `use_container_width=True`, use `width='stretch'`. For `use_container_width=False`, use `width='content'`.
2026-03-26 21:23:15.700 Please replace `use_container_width` with `width`.

`use_container_width` will be removed after 2025-12-31.

For `use_container_width=True`, use `width='stretch'`. For `use_container_width=False`, use `width='content'`.
2026-03-26 21:23:15.722 `label` got an empty value. This is discouraged for accessibility reasons and may be disallowed in the future by raising an exception. Please provide a non-empty label and hide it with label_visibility if needed.
Stack (most recent call last):
  File "C:\Users\A0496749\AppData\Local\Programs\Python\Python312\Lib\threading.py", line 1032, in _bootstrap
    self._bootstrap_inner()
  File "C:\Users\A0496749\AppData\Local\Programs\Python\Python312\Lib\threading.py", line 1075, in _bootstrap_inner
    self.run()
  File "C:\Users\A0496749\AppData\Local\Programs\Python\Python312\Lib\threading.py", line 1012, in run
    self._target(*self._args, **self._kwargs)
  File "C:\Users\A0496749\AppData\Local\Programs\Python\Python312\Lib\site-packages\streamlit\runtime\scriptrunner\script_runner.py", line 379, in _run_script_thread
    self._run_script(request.rerun_data)
  File "C:\Users\A0496749\AppData\Local\Programs\Python\Python312\Lib\site-packages\streamlit\runtime\scriptrunner\script_runner.py", line 705, in _run_script
    ) = exec_func_with_error_handling(code_to_exec, ctx)
  File "C:\Users\A0496749\AppData\Local\Programs\Python\Python312\Lib\site-packages\streamlit\runtime\scriptrunner\exec_code.py", line 129, in exec_func_with_error_handling
    result = func()
  File "C:\Users\A0496749\AppData\Local\Programs\Python\Python312\Lib\site-packages\streamlit\runtime\scriptrunner\script_runner.py", line 689, in code_to_exec
    exec(code, module.__dict__)  # noqa: S102
  File "C:\Capstone_Project\app.py", line 1642, in <module>
    main()
  File "C:\Capstone_Project\app.py", line 1635, in main
    with tab2: tab_eda(df)
  File "C:\Capstone_Project\app.py", line 466, in tab_eda
    view = st.radio("", EDA_VIEWS, key="eda_nav", label_visibility="collapsed")
  File "C:\Users\A0496749\AppData\Local\Programs\Python\Python312\Lib\site-packages\streamlit\runtime\metrics_util.py", line 532, in wrapped_func
    result = non_optional_func(*args, **kwargs)
  File "C:\Users\A0496749\AppData\Local\Programs\Python\Python312\Lib\site-packages\streamlit\elements\widgets\radio.py", line 402, in radio
    return self._radio(
  File "C:\Users\A0496749\AppData\Local\Programs\Python\Python312\Lib\site-packages\streamlit\elements\widgets\radio.py", line 449, in _radio
    maybe_raise_label_warnings(label, label_visibility)
  File "C:\Users\A0496749\AppData\Local\Programs\Python\Python312\Lib\site-packages\streamlit\elements\lib\policies.py", line 187, in maybe_raise_label_warnings
    _LOGGER.warning(
2026-03-26 21:23:15.747 Please replace `use_container_width` with `width`.

`use_container_width` will be removed after 2025-12-31.

For `use_container_width=True`, use `width='stretch'`. For `use_container_width=False`, use `width='content'`.
2026-03-26 21:23:15.771 Please replace `use_container_width` with `width`.

`use_container_width` will be removed after 2025-12-31.

For `use_container_width=True`, use `width='stretch'`. For `use_container_width=False`, use `width='content'`.
2026-03-26 21:23:15.796 Please replace `use_container_width` with `width`.

`use_container_width` will be removed after 2025-12-31.

For `use_container_width=True`, use `width='stretch'`. For `use_container_width=False`, use `width='content'`.
2026-03-26 21:23:15.809 Please replace `use_container_width` with `width`.

`use_container_width` will be removed after 2025-12-31.

For `use_container_width=True`, use `width='stretch'`. For `use_container_width=False`, use `width='content'`.
2026-03-26 21:23:15.832 Please replace `use_container_width` with `width`.

`use_container_width` will be removed after 2025-12-31.

For `use_container_width=True`, use `width='stretch'`. For `use_container_width=False`, use `width='content'`.
2026-03-26 21:23:15.844 Please replace `use_container_width` with `width`.

`use_container_width` will be removed after 2025-12-31.

For `use_container_width=True`, use `width='stretch'`. For `use_container_width=False`, use `width='content'`.
2026-03-26 21:23:17.164 Please replace `use_container_width` with `width`.

`use_container_width` will be removed after 2025-12-31.

For `use_container_width=True`, use `width='stretch'`. For `use_container_width=False`, use `width='content'`.
2026-03-26 21:23:17.171 Please replace `use_container_width` with `width`.

`use_container_width` will be removed after 2025-12-31.

For `use_container_width=True`, use `width='stretch'`. For `use_container_width=False`, use `width='content'`.
2026-03-26 21:23:17.201 `label` got an empty value. This is discouraged for accessibility reasons and may be disallowed in the future by raising an exception. Please provide a non-empty label and hide it with label_visibility if needed.
Stack (most recent call last):
  File "C:\Users\A0496749\AppData\Local\Programs\Python\Python312\Lib\threading.py", line 1032, in _bootstrap
    self._bootstrap_inner()
  File "C:\Users\A0496749\AppData\Local\Programs\Python\Python312\Lib\threading.py", line 1075, in _bootstrap_inner
    self.run()
  File "C:\Users\A0496749\AppData\Local\Programs\Python\Python312\Lib\threading.py", line 1012, in run
    self._target(*self._args, **self._kwargs)
  File "C:\Users\A0496749\AppData\Local\Programs\Python\Python312\Lib\site-packages\streamlit\runtime\scriptrunner\script_runner.py", line 379, in _run_script_thread
    self._run_script(request.rerun_data)
  File "C:\Users\A0496749\AppData\Local\Programs\Python\Python312\Lib\site-packages\streamlit\runtime\scriptrunner\script_runner.py", line 705, in _run_script
    ) = exec_func_with_error_handling(code_to_exec, ctx)
  File "C:\Users\A0496749\AppData\Local\Programs\Python\Python312\Lib\site-packages\streamlit\runtime\scriptrunner\exec_code.py", line 129, in exec_func_with_error_handling
    result = func()
  File "C:\Users\A0496749\AppData\Local\Programs\Python\Python312\Lib\site-packages\streamlit\runtime\scriptrunner\script_runner.py", line 689, in code_to_exec
    exec(code, module.__dict__)  # noqa: S102
  File "C:\Capstone_Project\app.py", line 1642, in <module>
    main()
  File "C:\Capstone_Project\app.py", line 1635, in main
    with tab2: tab_eda(df)
  File "C:\Capstone_Project\app.py", line 466, in tab_eda
    view = st.radio("", EDA_VIEWS, key="eda_nav", label_visibility="collapsed")
  File "C:\Users\A0496749\AppData\Local\Programs\Python\Python312\Lib\site-packages\streamlit\runtime\metrics_util.py", line 532, in wrapped_func
    result = non_optional_func(*args, **kwargs)
  File "C:\Users\A0496749\AppData\Local\Programs\Python\Python312\Lib\site-packages\streamlit\elements\widgets\radio.py", line 402, in radio
    return self._radio(
  File "C:\Users\A0496749\AppData\Local\Programs\Python\Python312\Lib\site-packages\streamlit\elements\widgets\radio.py", line 449, in _radio
    maybe_raise_label_warnings(label, label_visibility)
  File "C:\Users\A0496749\AppData\Local\Programs\Python\Python312\Lib\site-packages\streamlit\elements\lib\policies.py", line 187, in maybe_raise_label_warnings
    _LOGGER.warning(
2026-03-26 21:23:17.227 Please replace `use_container_width` with `width`.

`use_container_width` will be removed after 2025-12-31.

For `use_container_width=True`, use `width='stretch'`. For `use_container_width=False`, use `width='content'`.
2026-03-26 21:23:17.263 Please replace `use_container_width` with `width`.

`use_container_width` will be removed after 2025-12-31.

For `use_container_width=True`, use `width='stretch'`. For `use_container_width=False`, use `width='content'`.
2026-03-26 21:23:17.295 Please replace `use_container_width` with `width`.

`use_container_width` will be removed after 2025-12-31.

For `use_container_width=True`, use `width='stretch'`. For `use_container_width=False`, use `width='content'`.
2026-03-26 21:23:17.309 Please replace `use_container_width` with `width`.

`use_container_width` will be removed after 2025-12-31.

For `use_container_width=True`, use `width='stretch'`. For `use_container_width=False`, use `width='content'`.
2026-03-26 21:23:17.329 Please replace `use_container_width` with `width`.

`use_container_width` will be removed after 2025-12-31.

For `use_container_width=True`, use `width='stretch'`. For `use_container_width=False`, use `width='content'`.
2026-03-26 21:23:17.342 Please replace `use_container_width` with `width`.

`use_container_width` will be removed after 2025-12-31.

For `use_container_width=True`, use `width='stretch'`. For `use_container_width=False`, use `width='content'`.
2026-03-26 21:23:18.851 Please replace `use_container_width` with `width`.

`use_container_width` will be removed after 2025-12-31.

For `use_container_width=True`, use `width='stretch'`. For `use_container_width=False`, use `width='content'`.
2026-03-26 21:23:18.861 Please replace `use_container_width` with `width`.

`use_container_width` will be removed after 2025-12-31.

For `use_container_width=True`, use `width='stretch'`. For `use_container_width=False`, use `width='content'`.
2026-03-26 21:23:18.887 `label` got an empty value. This is discouraged for accessibility reasons and may be disallowed in the future by raising an exception. Please provide a non-empty label and hide it with label_visibility if needed.
Stack (most recent call last):
  File "C:\Users\A0496749\AppData\Local\Programs\Python\Python312\Lib\threading.py", line 1032, in _bootstrap
    self._bootstrap_inner()
  File "C:\Users\A0496749\AppData\Local\Programs\Python\Python312\Lib\threading.py", line 1075, in _bootstrap_inner
    self.run()
  File "C:\Users\A0496749\AppData\Local\Programs\Python\Python312\Lib\threading.py", line 1012, in run
    self._target(*self._args, **self._kwargs)
  File "C:\Users\A0496749\AppData\Local\Programs\Python\Python312\Lib\site-packages\streamlit\runtime\scriptrunner\script_runner.py", line 379, in _run_script_thread
    self._run_script(request.rerun_data)
  File "C:\Users\A0496749\AppData\Local\Programs\Python\Python312\Lib\site-packages\streamlit\runtime\scriptrunner\script_runner.py", line 705, in _run_script
    ) = exec_func_with_error_handling(code_to_exec, ctx)
  File "C:\Users\A0496749\AppData\Local\Programs\Python\Python312\Lib\site-packages\streamlit\runtime\scriptrunner\exec_code.py", line 129, in exec_func_with_error_handling
    result = func()
  File "C:\Users\A0496749\AppData\Local\Programs\Python\Python312\Lib\site-packages\streamlit\runtime\scriptrunner\script_runner.py", line 689, in code_to_exec
    exec(code, module.__dict__)  # noqa: S102
  File "C:\Capstone_Project\app.py", line 1642, in <module>
    main()
  File "C:\Capstone_Project\app.py", line 1635, in main
    with tab2: tab_eda(df)
  File "C:\Capstone_Project\app.py", line 466, in tab_eda
    view = st.radio("", EDA_VIEWS, key="eda_nav", label_visibility="collapsed")
  File "C:\Users\A0496749\AppData\Local\Programs\Python\Python312\Lib\site-packages\streamlit\runtime\metrics_util.py", line 532, in wrapped_func
    result = non_optional_func(*args, **kwargs)
  File "C:\Users\A0496749\AppData\Local\Programs\Python\Python312\Lib\site-packages\streamlit\elements\widgets\radio.py", line 402, in radio
    return self._radio(
  File "C:\Users\A0496749\AppData\Local\Programs\Python\Python312\Lib\site-packages\streamlit\elements\widgets\radio.py", line 449, in _radio
    maybe_raise_label_warnings(label, label_visibility)
  File "C:\Users\A0496749\AppData\Local\Programs\Python\Python312\Lib\site-packages\streamlit\elements\lib\policies.py", line 187, in maybe_raise_label_warnings
    _LOGGER.warning(
2026-03-26 21:23:18.908 Please replace `use_container_width` with `width`.

`use_container_width` will be removed after 2025-12-31.

For `use_container_width=True`, use `width='stretch'`. For `use_container_width=False`, use `width='content'`.
2026-03-26 21:23:18.927 Please replace `use_container_width` with `width`.

`use_container_width` will be removed after 2025-12-31.

For `use_container_width=True`, use `width='stretch'`. For `use_container_width=False`, use `width='content'`.
2026-03-26 21:23:18.951 Please replace `use_container_width` with `width`.

`use_container_width` will be removed after 2025-12-31.

For `use_container_width=True`, use `width='stretch'`. For `use_container_width=False`, use `width='content'`.
2026-03-26 21:23:18.961 Please replace `use_container_width` with `width`.

`use_container_width` will be removed after 2025-12-31.

For `use_container_width=True`, use `width='stretch'`. For `use_container_width=False`, use `width='content'`.
2026-03-26 21:23:18.980 Please replace `use_container_width` with `width`.

`use_container_width` will be removed after 2025-12-31.

For `use_container_width=True`, use `width='stretch'`. For `use_container_width=False`, use `width='content'`.
2026-03-26 21:23:18.995 Please replace `use_container_width` with `width`.

`use_container_width` will be removed after 2025-12-31.

For `use_container_width=True`, use `width='stretch'`. For `use_container_width=False`, use `width='content'`.
2026-03-26 21:23:22.255 Please replace `use_container_width` with `width`.

`use_container_width` will be removed after 2025-12-31.

For `use_container_width=True`, use `width='stretch'`. For `use_container_width=False`, use `width='content'`.
2026-03-26 21:23:22.264 Please replace `use_container_width` with `width`.

`use_container_width` will be removed after 2025-12-31.

For `use_container_width=True`, use `width='stretch'`. For `use_container_width=False`, use `width='content'`.
2026-03-26 21:23:22.285 `label` got an empty value. This is discouraged for accessibility reasons and may be disallowed in the future by raising an exception. Please provide a non-empty label and hide it with label_visibility if needed.
Stack (most recent call last):
  File "C:\Users\A0496749\AppData\Local\Programs\Python\Python312\Lib\threading.py", line 1032, in _bootstrap
    self._bootstrap_inner()
  File "C:\Users\A0496749\AppData\Local\Programs\Python\Python312\Lib\threading.py", line 1075, in _bootstrap_inner
    self.run()
  File "C:\Users\A0496749\AppData\Local\Programs\Python\Python312\Lib\threading.py", line 1012, in run
    self._target(*self._args, **self._kwargs)
  File "C:\Users\A0496749\AppData\Local\Programs\Python\Python312\Lib\site-packages\streamlit\runtime\scriptrunner\script_runner.py", line 379, in _run_script_thread
    self._run_script(request.rerun_data)
  File "C:\Users\A0496749\AppData\Local\Programs\Python\Python312\Lib\site-packages\streamlit\runtime\scriptrunner\script_runner.py", line 705, in _run_script
    ) = exec_func_with_error_handling(code_to_exec, ctx)
  File "C:\Users\A0496749\AppData\Local\Programs\Python\Python312\Lib\site-packages\streamlit\runtime\scriptrunner\exec_code.py", line 129, in exec_func_with_error_handling
    result = func()
  File "C:\Users\A0496749\AppData\Local\Programs\Python\Python312\Lib\site-packages\streamlit\runtime\scriptrunner\script_runner.py", line 689, in code_to_exec
    exec(code, module.__dict__)  # noqa: S102
  File "C:\Capstone_Project\app.py", line 1642, in <module>
    main()
  File "C:\Capstone_Project\app.py", line 1635, in main
    with tab2: tab_eda(df)
  File "C:\Capstone_Project\app.py", line 466, in tab_eda
    view = st.radio("", EDA_VIEWS, key="eda_nav", label_visibility="collapsed")
  File "C:\Users\A0496749\AppData\Local\Programs\Python\Python312\Lib\site-packages\streamlit\runtime\metrics_util.py", line 532, in wrapped_func
    result = non_optional_func(*args, **kwargs)
  File "C:\Users\A0496749\AppData\Local\Programs\Python\Python312\Lib\site-packages\streamlit\elements\widgets\radio.py", line 402, in radio
    return self._radio(
  File "C:\Users\A0496749\AppData\Local\Programs\Python\Python312\Lib\site-packages\streamlit\elements\widgets\radio.py", line 449, in _radio
    maybe_raise_label_warnings(label, label_visibility)
  File "C:\Users\A0496749\AppData\Local\Programs\Python\Python312\Lib\site-packages\streamlit\elements\lib\policies.py", line 187, in maybe_raise_label_warnings
    _LOGGER.warning(
2026-03-26 21:23:22.306 Please replace `use_container_width` with `width`.

`use_container_width` will be removed after 2025-12-31.

For `use_container_width=True`, use `width='stretch'`. For `use_container_width=False`, use `width='content'`.
2026-03-26 21:23:22.334 Please replace `use_container_width` with `width`.

`use_container_width` will be removed after 2025-12-31.

For `use_container_width=True`, use `width='stretch'`. For `use_container_width=False`, use `width='content'`.
2026-03-26 21:23:22.366 Please replace `use_container_width` with `width`.

`use_container_width` will be removed after 2025-12-31.

For `use_container_width=True`, use `width='stretch'`. For `use_container_width=False`, use `width='content'`.
2026-03-26 21:23:22.377 Please replace `use_container_width` with `width`.

`use_container_width` will be removed after 2025-12-31.

For `use_container_width=True`, use `width='stretch'`. For `use_container_width=False`, use `width='content'`.
2026-03-26 21:23:22.397 Please replace `use_container_width` with `width`.

`use_container_width` will be removed after 2025-12-31.

For `use_container_width=True`, use `width='stretch'`. For `use_container_width=False`, use `width='content'`.
2026-03-26 21:23:22.410 Please replace `use_container_width` with `width`.

`use_container_width` will be removed after 2025-12-31.

For `use_container_width=True`, use `width='stretch'`. For `use_container_width=False`, use `width='content'`.
2026-03-26 21:23:24.519 Please replace `use_container_width` with `width`.

`use_container_width` will be removed after 2025-12-31.

For `use_container_width=True`, use `width='stretch'`. For `use_container_width=False`, use `width='content'`.
2026-03-26 21:23:24.525 Please replace `use_container_width` with `width`.

`use_container_width` will be removed after 2025-12-31.

For `use_container_width=True`, use `width='stretch'`. For `use_container_width=False`, use `width='content'`.
2026-03-26 21:23:24.545 `label` got an empty value. This is discouraged for accessibility reasons and may be disallowed in the future by raising an exception. Please provide a non-empty label and hide it with label_visibility if needed.
Stack (most recent call last):
  File "C:\Users\A0496749\AppData\Local\Programs\Python\Python312\Lib\threading.py", line 1032, in _bootstrap
    self._bootstrap_inner()
  File "C:\Users\A0496749\AppData\Local\Programs\Python\Python312\Lib\threading.py", line 1075, in _bootstrap_inner
    self.run()
  File "C:\Users\A0496749\AppData\Local\Programs\Python\Python312\Lib\threading.py", line 1012, in run
    self._target(*self._args, **self._kwargs)
  File "C:\Users\A0496749\AppData\Local\Programs\Python\Python312\Lib\site-packages\streamlit\runtime\scriptrunner\script_runner.py", line 379, in _run_script_thread
    self._run_script(request.rerun_data)
  File "C:\Users\A0496749\AppData\Local\Programs\Python\Python312\Lib\site-packages\streamlit\runtime\scriptrunner\script_runner.py", line 705, in _run_script
    ) = exec_func_with_error_handling(code_to_exec, ctx)
  File "C:\Users\A0496749\AppData\Local\Programs\Python\Python312\Lib\site-packages\streamlit\runtime\scriptrunner\exec_code.py", line 129, in exec_func_with_error_handling
    result = func()
  File "C:\Users\A0496749\AppData\Local\Programs\Python\Python312\Lib\site-packages\streamlit\runtime\scriptrunner\script_runner.py", line 689, in code_to_exec
    exec(code, module.__dict__)  # noqa: S102
  File "C:\Capstone_Project\app.py", line 1642, in <module>
    main()
  File "C:\Capstone_Project\app.py", line 1635, in main
    with tab2: tab_eda(df)
  File "C:\Capstone_Project\app.py", line 466, in tab_eda
    view = st.radio("", EDA_VIEWS, key="eda_nav", label_visibility="collapsed")
  File "C:\Users\A0496749\AppData\Local\Programs\Python\Python312\Lib\site-packages\streamlit\runtime\metrics_util.py", line 532, in wrapped_func
    result = non_optional_func(*args, **kwargs)
  File "C:\Users\A0496749\AppData\Local\Programs\Python\Python312\Lib\site-packages\streamlit\elements\widgets\radio.py", line 402, in radio
    return self._radio(
  File "C:\Users\A0496749\AppData\Local\Programs\Python\Python312\Lib\site-packages\streamlit\elements\widgets\radio.py", line 449, in _radio
    maybe_raise_label_warnings(label, label_visibility)
  File "C:\Users\A0496749\AppData\Local\Programs\Python\Python312\Lib\site-packages\streamlit\elements\lib\policies.py", line 187, in maybe_raise_label_warnings
    _LOGGER.warning(
2026-03-26 21:23:24.568 Please replace `use_container_width` with `width`.

`use_container_width` will be removed after 2025-12-31.

For `use_container_width=True`, use `width='stretch'`. For `use_container_width=False`, use `width='content'`.
2026-03-26 21:23:24.594 Please replace `use_container_width` with `width`.

`use_container_width` will be removed after 2025-12-31.

For `use_container_width=True`, use `width='stretch'`. For `use_container_width=False`, use `width='content'`.
2026-03-26 21:23:24.603 Please replace `use_container_width` with `width`.

`use_container_width` will be removed after 2025-12-31.

For `use_container_width=True`, use `width='stretch'`. For `use_container_width=False`, use `width='content'`.
2026-03-26 21:23:24.632 Please replace `use_container_width` with `width`.

`use_container_width` will be removed after 2025-12-31.

For `use_container_width=True`, use `width='stretch'`. For `use_container_width=False`, use `width='content'`.
2026-03-26 21:23:24.649 Please replace `use_container_width` with `width`.

`use_container_width` will be removed after 2025-12-31.

For `use_container_width=True`, use `width='stretch'`. For `use_container_width=False`, use `width='content'`.
2026-03-26 21:23:26.070 Please replace `use_container_width` with `width`.

`use_container_width` will be removed after 2025-12-31.

For `use_container_width=True`, use `width='stretch'`. For `use_container_width=False`, use `width='content'`.
2026-03-26 21:23:26.077 Please replace `use_container_width` with `width`.

`use_container_width` will be removed after 2025-12-31.

For `use_container_width=True`, use `width='stretch'`. For `use_container_width=False`, use `width='content'`.
2026-03-26 21:23:26.100 `label` got an empty value. This is discouraged for accessibility reasons and may be disallowed in the future by raising an exception. Please provide a non-empty label and hide it with label_visibility if needed.
Stack (most recent call last):
  File "C:\Users\A0496749\AppData\Local\Programs\Python\Python312\Lib\threading.py", line 1032, in _bootstrap
    self._bootstrap_inner()
  File "C:\Users\A0496749\AppData\Local\Programs\Python\Python312\Lib\threading.py", line 1075, in _bootstrap_inner
    self.run()
  File "C:\Users\A0496749\AppData\Local\Programs\Python\Python312\Lib\threading.py", line 1012, in run
    self._target(*self._args, **self._kwargs)
  File "C:\Users\A0496749\AppData\Local\Programs\Python\Python312\Lib\site-packages\streamlit\runtime\scriptrunner\script_runner.py", line 379, in _run_script_thread
    self._run_script(request.rerun_data)
  File "C:\Users\A0496749\AppData\Local\Programs\Python\Python312\Lib\site-packages\streamlit\runtime\scriptrunner\script_runner.py", line 705, in _run_script
    ) = exec_func_with_error_handling(code_to_exec, ctx)
  File "C:\Users\A0496749\AppData\Local\Programs\Python\Python312\Lib\site-packages\streamlit\runtime\scriptrunner\exec_code.py", line 129, in exec_func_with_error_handling
    result = func()
  File "C:\Users\A0496749\AppData\Local\Programs\Python\Python312\Lib\site-packages\streamlit\runtime\scriptrunner\script_runner.py", line 689, in code_to_exec
    exec(code, module.__dict__)  # noqa: S102
  File "C:\Capstone_Project\app.py", line 1642, in <module>
    main()
  File "C:\Capstone_Project\app.py", line 1635, in main
    with tab2: tab_eda(df)
  File "C:\Capstone_Project\app.py", line 466, in tab_eda
    view = st.radio("", EDA_VIEWS, key="eda_nav", label_visibility="collapsed")
  File "C:\Users\A0496749\AppData\Local\Programs\Python\Python312\Lib\site-packages\streamlit\runtime\metrics_util.py", line 532, in wrapped_func
    result = non_optional_func(*args, **kwargs)
  File "C:\Users\A0496749\AppData\Local\Programs\Python\Python312\Lib\site-packages\streamlit\elements\widgets\radio.py", line 402, in radio
    return self._radio(
  File "C:\Users\A0496749\AppData\Local\Programs\Python\Python312\Lib\site-packages\streamlit\elements\widgets\radio.py", line 449, in _radio
    maybe_raise_label_warnings(label, label_visibility)
  File "C:\Users\A0496749\AppData\Local\Programs\Python\Python312\Lib\site-packages\streamlit\elements\lib\policies.py", line 187, in maybe_raise_label_warnings
    _LOGGER.warning(
2026-03-26 21:23:26.131 Please replace `use_container_width` with `width`.

`use_container_width` will be removed after 2025-12-31.

For `use_container_width=True`, use `width='stretch'`. For `use_container_width=False`, use `width='content'`.
2026-03-26 21:23:26.153 Please replace `use_container_width` with `width`.

`use_container_width` will be removed after 2025-12-31.

For `use_container_width=True`, use `width='stretch'`. For `use_container_width=False`, use `width='content'`.
2026-03-26 21:23:26.178 Please replace `use_container_width` with `width`.

`use_container_width` will be removed after 2025-12-31.

For `use_container_width=True`, use `width='stretch'`. For `use_container_width=False`, use `width='content'`.
2026-03-26 21:23:26.194 Please replace `use_container_width` with `width`.

`use_container_width` will be removed after 2025-12-31.

For `use_container_width=True`, use `width='stretch'`. For `use_container_width=False`, use `width='content'`.
2026-03-26 21:23:26.224 Please replace `use_container_width` with `width`.

`use_container_width` will be removed after 2025-12-31.

For `use_container_width=True`, use `width='stretch'`. For `use_container_width=False`, use `width='content'`.
2026-03-26 21:23:26.243 Please replace `use_container_width` with `width`.

`use_container_width` will be removed after 2025-12-31.

For `use_container_width=True`, use `width='stretch'`. For `use_container_width=False`, use `width='content'`.
2026-03-26 21:23:28.166 Please replace `use_container_width` with `width`.

`use_container_width` will be removed after 2025-12-31.

For `use_container_width=True`, use `width='stretch'`. For `use_container_width=False`, use `width='content'`.
2026-03-26 21:23:28.173 Please replace `use_container_width` with `width`.

`use_container_width` will be removed after 2025-12-31.

For `use_container_width=True`, use `width='stretch'`. For `use_container_width=False`, use `width='content'`.
2026-03-26 21:23:28.192 `label` got an empty value. This is discouraged for accessibility reasons and may be disallowed in the future by raising an exception. Please provide a non-empty label and hide it with label_visibility if needed.
Stack (most recent call last):
  File "C:\Users\A0496749\AppData\Local\Programs\Python\Python312\Lib\threading.py", line 1032, in _bootstrap
    self._bootstrap_inner()
  File "C:\Users\A0496749\AppData\Local\Programs\Python\Python312\Lib\threading.py", line 1075, in _bootstrap_inner
    self.run()
  File "C:\Users\A0496749\AppData\Local\Programs\Python\Python312\Lib\threading.py", line 1012, in run
    self._target(*self._args, **self._kwargs)
  File "C:\Users\A0496749\AppData\Local\Programs\Python\Python312\Lib\site-packages\streamlit\runtime\scriptrunner\script_runner.py", line 379, in _run_script_thread
    self._run_script(request.rerun_data)
  File "C:\Users\A0496749\AppData\Local\Programs\Python\Python312\Lib\site-packages\streamlit\runtime\scriptrunner\script_runner.py", line 705, in _run_script
    ) = exec_func_with_error_handling(code_to_exec, ctx)
  File "C:\Users\A0496749\AppData\Local\Programs\Python\Python312\Lib\site-packages\streamlit\runtime\scriptrunner\exec_code.py", line 129, in exec_func_with_error_handling
    result = func()
  File "C:\Users\A0496749\AppData\Local\Programs\Python\Python312\Lib\site-packages\streamlit\runtime\scriptrunner\script_runner.py", line 689, in code_to_exec
    exec(code, module.__dict__)  # noqa: S102
  File "C:\Capstone_Project\app.py", line 1642, in <module>
    main()
  File "C:\Capstone_Project\app.py", line 1635, in main
    with tab2: tab_eda(df)
  File "C:\Capstone_Project\app.py", line 466, in tab_eda
    view = st.radio("", EDA_VIEWS, key="eda_nav", label_visibility="collapsed")
  File "C:\Users\A0496749\AppData\Local\Programs\Python\Python312\Lib\site-packages\streamlit\runtime\metrics_util.py", line 532, in wrapped_func
    result = non_optional_func(*args, **kwargs)
  File "C:\Users\A0496749\AppData\Local\Programs\Python\Python312\Lib\site-packages\streamlit\elements\widgets\radio.py", line 402, in radio
    return self._radio(
  File "C:\Users\A0496749\AppData\Local\Programs\Python\Python312\Lib\site-packages\streamlit\elements\widgets\radio.py", line 449, in _radio
    maybe_raise_label_warnings(label, label_visibility)
  File "C:\Users\A0496749\AppData\Local\Programs\Python\Python312\Lib\site-packages\streamlit\elements\lib\policies.py", line 187, in maybe_raise_label_warnings
    _LOGGER.warning(
2026-03-26 21:23:28.225 Please replace `use_container_width` with `width`.

`use_container_width` will be removed after 2025-12-31.

For `use_container_width=True`, use `width='stretch'`. For `use_container_width=False`, use `width='content'`.
2026-03-26 21:23:28.273 Please replace `use_container_width` with `width`.

`use_container_width` will be removed after 2025-12-31.

For `use_container_width=True`, use `width='stretch'`. For `use_container_width=False`, use `width='content'`.
2026-03-26 21:23:28.301 Please replace `use_container_width` with `width`.

`use_container_width` will be removed after 2025-12-31.

For `use_container_width=True`, use `width='stretch'`. For `use_container_width=False`, use `width='content'`.
2026-03-26 21:23:28.312 Please replace `use_container_width` with `width`.

`use_container_width` will be removed after 2025-12-31.

For `use_container_width=True`, use `width='stretch'`. For `use_container_width=False`, use `width='content'`.
2026-03-26 21:23:28.337 Please replace `use_container_width` with `width`.

`use_container_width` will be removed after 2025-12-31.

For `use_container_width=True`, use `width='stretch'`. For `use_container_width=False`, use `width='content'`.
2026-03-26 21:23:28.347 Please replace `use_container_width` with `width`.

`use_container_width` will be removed after 2025-12-31.

For `use_container_width=True`, use `width='stretch'`. For `use_container_width=False`, use `width='content'`.
2026-03-26 21:23:30.648 Please replace `use_container_width` with `width`.

`use_container_width` will be removed after 2025-12-31.

For `use_container_width=True`, use `width='stretch'`. For `use_container_width=False`, use `width='content'`.
2026-03-26 21:23:30.657 Please replace `use_container_width` with `width`.

`use_container_width` will be removed after 2025-12-31.

For `use_container_width=True`, use `width='stretch'`. For `use_container_width=False`, use `width='content'`.
2026-03-26 21:23:30.676 `label` got an empty value. This is discouraged for accessibility reasons and may be disallowed in the future by raising an exception. Please provide a non-empty label and hide it with label_visibility if needed.
Stack (most recent call last):
  File "C:\Users\A0496749\AppData\Local\Programs\Python\Python312\Lib\threading.py", line 1032, in _bootstrap
    self._bootstrap_inner()
  File "C:\Users\A0496749\AppData\Local\Programs\Python\Python312\Lib\threading.py", line 1075, in _bootstrap_inner
    self.run()
  File "C:\Users\A0496749\AppData\Local\Programs\Python\Python312\Lib\threading.py", line 1012, in run
    self._target(*self._args, **self._kwargs)
  File "C:\Users\A0496749\AppData\Local\Programs\Python\Python312\Lib\site-packages\streamlit\runtime\scriptrunner\script_runner.py", line 379, in _run_script_thread
    self._run_script(request.rerun_data)
  File "C:\Users\A0496749\AppData\Local\Programs\Python\Python312\Lib\site-packages\streamlit\runtime\scriptrunner\script_runner.py", line 705, in _run_script
    ) = exec_func_with_error_handling(code_to_exec, ctx)
  File "C:\Users\A0496749\AppData\Local\Programs\Python\Python312\Lib\site-packages\streamlit\runtime\scriptrunner\exec_code.py", line 129, in exec_func_with_error_handling
    result = func()
  File "C:\Users\A0496749\AppData\Local\Programs\Python\Python312\Lib\site-packages\streamlit\runtime\scriptrunner\script_runner.py", line 689, in code_to_exec
    exec(code, module.__dict__)  # noqa: S102
  File "C:\Capstone_Project\app.py", line 1642, in <module>
    main()
  File "C:\Capstone_Project\app.py", line 1635, in main
    with tab2: tab_eda(df)
  File "C:\Capstone_Project\app.py", line 466, in tab_eda
    view = st.radio("", EDA_VIEWS, key="eda_nav", label_visibility="collapsed")
  File "C:\Users\A0496749\AppData\Local\Programs\Python\Python312\Lib\site-packages\streamlit\runtime\metrics_util.py", line 532, in wrapped_func
    result = non_optional_func(*args, **kwargs)
  File "C:\Users\A0496749\AppData\Local\Programs\Python\Python312\Lib\site-packages\streamlit\elements\widgets\radio.py", line 402, in radio
    return self._radio(
  File "C:\Users\A0496749\AppData\Local\Programs\Python\Python312\Lib\site-packages\streamlit\elements\widgets\radio.py", line 449, in _radio
    maybe_raise_label_warnings(label, label_visibility)
  File "C:\Users\A0496749\AppData\Local\Programs\Python\Python312\Lib\site-packages\streamlit\elements\lib\policies.py", line 187, in maybe_raise_label_warnings
    _LOGGER.warning(
2026-03-26 21:23:30.703 Please replace `use_container_width` with `width`.

`use_container_width` will be removed after 2025-12-31.

For `use_container_width=True`, use `width='stretch'`. For `use_container_width=False`, use `width='content'`.
2026-03-26 21:23:30.728 Please replace `use_container_width` with `width`.

`use_container_width` will be removed after 2025-12-31.

For `use_container_width=True`, use `width='stretch'`. For `use_container_width=False`, use `width='content'`.
2026-03-26 21:23:30.753 Please replace `use_container_width` with `width`.

`use_container_width` will be removed after 2025-12-31.

For `use_container_width=True`, use `width='stretch'`. For `use_container_width=False`, use `width='content'`.
2026-03-26 21:23:30.769 Please replace `use_container_width` with `width`.

`use_container_width` will be removed after 2025-12-31.

For `use_container_width=True`, use `width='stretch'`. For `use_container_width=False`, use `width='content'`.
2026-03-26 21:23:30.792 Please replace `use_container_width` with `width`.

`use_container_width` will be removed after 2025-12-31.

For `use_container_width=True`, use `width='stretch'`. For `use_container_width=False`, use `width='content'`.
2026-03-26 21:23:30.806 Please replace `use_container_width` with `width`.

`use_container_width` will be removed after 2025-12-31.

For `use_container_width=True`, use `width='stretch'`. For `use_container_width=False`, use `width='content'`.
2026-03-26 21:23:33.666 Please replace `use_container_width` with `width`.

`use_container_width` will be removed after 2025-12-31.

For `use_container_width=True`, use `width='stretch'`. For `use_container_width=False`, use `width='content'`.
2026-03-26 21:23:33.674 Please replace `use_container_width` with `width`.

`use_container_width` will be removed after 2025-12-31.

For `use_container_width=True`, use `width='stretch'`. For `use_container_width=False`, use `width='content'`.
2026-03-26 21:23:33.700 `label` got an empty value. This is discouraged for accessibility reasons and may be disallowed in the future by raising an exception. Please provide a non-empty label and hide it with label_visibility if needed.
Stack (most recent call last):
  File "C:\Users\A0496749\AppData\Local\Programs\Python\Python312\Lib\threading.py", line 1032, in _bootstrap
    self._bootstrap_inner()
  File "C:\Users\A0496749\AppData\Local\Programs\Python\Python312\Lib\threading.py", line 1075, in _bootstrap_inner
    self.run()
  File "C:\Users\A0496749\AppData\Local\Programs\Python\Python312\Lib\threading.py", line 1012, in run
    self._target(*self._args, **self._kwargs)
  File "C:\Users\A0496749\AppData\Local\Programs\Python\Python312\Lib\site-packages\streamlit\runtime\scriptrunner\script_runner.py", line 379, in _run_script_thread
    self._run_script(request.rerun_data)
  File "C:\Users\A0496749\AppData\Local\Programs\Python\Python312\Lib\site-packages\streamlit\runtime\scriptrunner\script_runner.py", line 705, in _run_script
    ) = exec_func_with_error_handling(code_to_exec, ctx)
  File "C:\Users\A0496749\AppData\Local\Programs\Python\Python312\Lib\site-packages\streamlit\runtime\scriptrunner\exec_code.py", line 129, in exec_func_with_error_handling
    result = func()
  File "C:\Users\A0496749\AppData\Local\Programs\Python\Python312\Lib\site-packages\streamlit\runtime\scriptrunner\script_runner.py", line 689, in code_to_exec
    exec(code, module.__dict__)  # noqa: S102
  File "C:\Capstone_Project\app.py", line 1642, in <module>
    main()
  File "C:\Capstone_Project\app.py", line 1635, in main
    with tab2: tab_eda(df)
  File "C:\Capstone_Project\app.py", line 466, in tab_eda
    view = st.radio("", EDA_VIEWS, key="eda_nav", label_visibility="collapsed")
  File "C:\Users\A0496749\AppData\Local\Programs\Python\Python312\Lib\site-packages\streamlit\runtime\metrics_util.py", line 532, in wrapped_func
    result = non_optional_func(*args, **kwargs)
  File "C:\Users\A0496749\AppData\Local\Programs\Python\Python312\Lib\site-packages\streamlit\elements\widgets\radio.py", line 402, in radio
    return self._radio(
  File "C:\Users\A0496749\AppData\Local\Programs\Python\Python312\Lib\site-packages\streamlit\elements\widgets\radio.py", line 449, in _radio
    maybe_raise_label_warnings(label, label_visibility)
  File "C:\Users\A0496749\AppData\Local\Programs\Python\Python312\Lib\site-packages\streamlit\elements\lib\policies.py", line 187, in maybe_raise_label_warnings
    _LOGGER.warning(
2026-03-26 21:23:33.728 Please replace `use_container_width` with `width`.

`use_container_width` will be removed after 2025-12-31.

For `use_container_width=True`, use `width='stretch'`. For `use_container_width=False`, use `width='content'`.
2026-03-26 21:23:33.759 Please replace `use_container_width` with `width`.

`use_container_width` will be removed after 2025-12-31.

For `use_container_width=True`, use `width='stretch'`. For `use_container_width=False`, use `width='content'`.
2026-03-26 21:23:33.787 Please replace `use_container_width` with `width`.

`use_container_width` will be removed after 2025-12-31.

For `use_container_width=True`, use `width='stretch'`. For `use_container_width=False`, use `width='content'`.
2026-03-26 21:23:33.800 Please replace `use_container_width` with `width`.

`use_container_width` will be removed after 2025-12-31.

For `use_container_width=True`, use `width='stretch'`. For `use_container_width=False`, use `width='content'`.
2026-03-26 21:23:33.822 Please replace `use_container_width` with `width`.

`use_container_width` will be removed after 2025-12-31.

For `use_container_width=True`, use `width='stretch'`. For `use_container_width=False`, use `width='content'`.
2026-03-26 21:23:33.834 Please replace `use_container_width` with `width`.

`use_container_width` will be removed after 2025-12-31.

For `use_container_width=True`, use `width='stretch'`. For `use_container_width=False`, use `width='content'`.
2026-03-26 21:23:34.911 Please replace `use_container_width` with `width`.

`use_container_width` will be removed after 2025-12-31.

For `use_container_width=True`, use `width='stretch'`. For `use_container_width=False`, use `width='content'`.
2026-03-26 21:23:34.918 Please replace `use_container_width` with `width`.

`use_container_width` will be removed after 2025-12-31.

For `use_container_width=True`, use `width='stretch'`. For `use_container_width=False`, use `width='content'`.
2026-03-26 21:23:34.943 `label` got an empty value. This is discouraged for accessibility reasons and may be disallowed in the future by raising an exception. Please provide a non-empty label and hide it with label_visibility if needed.
Stack (most recent call last):
  File "C:\Users\A0496749\AppData\Local\Programs\Python\Python312\Lib\threading.py", line 1032, in _bootstrap
    self._bootstrap_inner()
  File "C:\Users\A0496749\AppData\Local\Programs\Python\Python312\Lib\threading.py", line 1075, in _bootstrap_inner
    self.run()
  File "C:\Users\A0496749\AppData\Local\Programs\Python\Python312\Lib\threading.py", line 1012, in run
    self._target(*self._args, **self._kwargs)
  File "C:\Users\A0496749\AppData\Local\Programs\Python\Python312\Lib\site-packages\streamlit\runtime\scriptrunner\script_runner.py", line 379, in _run_script_thread
    self._run_script(request.rerun_data)
  File "C:\Users\A0496749\AppData\Local\Programs\Python\Python312\Lib\site-packages\streamlit\runtime\scriptrunner\script_runner.py", line 705, in _run_script
    ) = exec_func_with_error_handling(code_to_exec, ctx)
  File "C:\Users\A0496749\AppData\Local\Programs\Python\Python312\Lib\site-packages\streamlit\runtime\scriptrunner\exec_code.py", line 129, in exec_func_with_error_handling
    result = func()
  File "C:\Users\A0496749\AppData\Local\Programs\Python\Python312\Lib\site-packages\streamlit\runtime\scriptrunner\script_runner.py", line 689, in code_to_exec
    exec(code, module.__dict__)  # noqa: S102
  File "C:\Capstone_Project\app.py", line 1642, in <module>
    main()
  File "C:\Capstone_Project\app.py", line 1635, in main
    with tab2: tab_eda(df)
  File "C:\Capstone_Project\app.py", line 466, in tab_eda
    view = st.radio("", EDA_VIEWS, key="eda_nav", label_visibility="collapsed")
  File "C:\Users\A0496749\AppData\Local\Programs\Python\Python312\Lib\site-packages\streamlit\runtime\metrics_util.py", line 532, in wrapped_func
    result = non_optional_func(*args, **kwargs)
  File "C:\Users\A0496749\AppData\Local\Programs\Python\Python312\Lib\site-packages\streamlit\elements\widgets\radio.py", line 402, in radio
    return self._radio(
  File "C:\Users\A0496749\AppData\Local\Programs\Python\Python312\Lib\site-packages\streamlit\elements\widgets\radio.py", line 449, in _radio
    maybe_raise_label_warnings(label, label_visibility)
  File "C:\Users\A0496749\AppData\Local\Programs\Python\Python312\Lib\site-packages\streamlit\elements\lib\policies.py", line 187, in maybe_raise_label_warnings
    _LOGGER.warning(
2026-03-26 21:23:34.964 Please replace `use_container_width` with `width`.

`use_container_width` will be removed after 2025-12-31.

For `use_container_width=True`, use `width='stretch'`. For `use_container_width=False`, use `width='content'`.
2026-03-26 21:23:34.990 Please replace `use_container_width` with `width`.

`use_container_width` will be removed after 2025-12-31.

For `use_container_width=True`, use `width='stretch'`. For `use_container_width=False`, use `width='content'`.
2026-03-26 21:23:35.015 Please replace `use_container_width` with `width`.

`use_container_width` will be removed after 2025-12-31.

For `use_container_width=True`, use `width='stretch'`. For `use_container_width=False`, use `width='content'`.
2026-03-26 21:23:35.026 Please replace `use_container_width` with `width`.

`use_container_width` will be removed after 2025-12-31.

For `use_container_width=True`, use `width='stretch'`. For `use_container_width=False`, use `width='content'`.
2026-03-26 21:23:35.047 Please replace `use_container_width` with `width`.

`use_container_width` will be removed after 2025-12-31.

For `use_container_width=True`, use `width='stretch'`. For `use_container_width=False`, use `width='content'`.
2026-03-26 21:23:35.060 Please replace `use_container_width` with `width`.

`use_container_width` will be removed after 2025-12-31.

For `use_container_width=True`, use `width='stretch'`. For `use_container_width=False`, use `width='content'`.
2026-03-26 21:23:39.056 Please replace `use_container_width` with `width`.

`use_container_width` will be removed after 2025-12-31.

For `use_container_width=True`, use `width='stretch'`. For `use_container_width=False`, use `width='content'`.
2026-03-26 21:23:39.063 Please replace `use_container_width` with `width`.

`use_container_width` will be removed after 2025-12-31.

For `use_container_width=True`, use `width='stretch'`. For `use_container_width=False`, use `width='content'`.
2026-03-26 21:23:39.082 `label` got an empty value. This is discouraged for accessibility reasons and may be disallowed in the future by raising an exception. Please provide a non-empty label and hide it with label_visibility if needed.
Stack (most recent call last):
  File "C:\Users\A0496749\AppData\Local\Programs\Python\Python312\Lib\threading.py", line 1032, in _bootstrap
    self._bootstrap_inner()
  File "C:\Users\A0496749\AppData\Local\Programs\Python\Python312\Lib\threading.py", line 1075, in _bootstrap_inner
    self.run()
  File "C:\Users\A0496749\AppData\Local\Programs\Python\Python312\Lib\threading.py", line 1012, in run
    self._target(*self._args, **self._kwargs)
  File "C:\Users\A0496749\AppData\Local\Programs\Python\Python312\Lib\site-packages\streamlit\runtime\scriptrunner\script_runner.py", line 379, in _run_script_thread
    self._run_script(request.rerun_data)
  File "C:\Users\A0496749\AppData\Local\Programs\Python\Python312\Lib\site-packages\streamlit\runtime\scriptrunner\script_runner.py", line 705, in _run_script
    ) = exec_func_with_error_handling(code_to_exec, ctx)
  File "C:\Users\A0496749\AppData\Local\Programs\Python\Python312\Lib\site-packages\streamlit\runtime\scriptrunner\exec_code.py", line 129, in exec_func_with_error_handling
    result = func()
  File "C:\Users\A0496749\AppData\Local\Programs\Python\Python312\Lib\site-packages\streamlit\runtime\scriptrunner\script_runner.py", line 689, in code_to_exec
    exec(code, module.__dict__)  # noqa: S102
  File "C:\Capstone_Project\app.py", line 1642, in <module>
    main()
  File "C:\Capstone_Project\app.py", line 1635, in main
    with tab2: tab_eda(df)
  File "C:\Capstone_Project\app.py", line 466, in tab_eda
    view = st.radio("", EDA_VIEWS, key="eda_nav", label_visibility="collapsed")
  File "C:\Users\A0496749\AppData\Local\Programs\Python\Python312\Lib\site-packages\streamlit\runtime\metrics_util.py", line 532, in wrapped_func
    result = non_optional_func(*args, **kwargs)
  File "C:\Users\A0496749\AppData\Local\Programs\Python\Python312\Lib\site-packages\streamlit\elements\widgets\radio.py", line 402, in radio
    return self._radio(
  File "C:\Users\A0496749\AppData\Local\Programs\Python\Python312\Lib\site-packages\streamlit\elements\widgets\radio.py", line 449, in _radio
    maybe_raise_label_warnings(label, label_visibility)
  File "C:\Users\A0496749\AppData\Local\Programs\Python\Python312\Lib\site-packages\streamlit\elements\lib\policies.py", line 187, in maybe_raise_label_warnings
    _LOGGER.warning(
2026-03-26 21:23:39.104 Please replace `use_container_width` with `width`.

`use_container_width` will be removed after 2025-12-31.

For `use_container_width=True`, use `width='stretch'`. For `use_container_width=False`, use `width='content'`.
2026-03-26 21:23:39.134 Please replace `use_container_width` with `width`.

`use_container_width` will be removed after 2025-12-31.

For `use_container_width=True`, use `width='stretch'`. For `use_container_width=False`, use `width='content'`.
2026-03-26 21:23:39.162 Please replace `use_container_width` with `width`.

`use_container_width` will be removed after 2025-12-31.

For `use_container_width=True`, use `width='stretch'`. For `use_container_width=False`, use `width='content'`.
2026-03-26 21:23:39.175 Please replace `use_container_width` with `width`.

`use_container_width` will be removed after 2025-12-31.

For `use_container_width=True`, use `width='stretch'`. For `use_container_width=False`, use `width='content'`.
2026-03-26 21:23:39.207 Please replace `use_container_width` with `width`.

`use_container_width` will be removed after 2025-12-31.

For `use_container_width=True`, use `width='stretch'`. For `use_container_width=False`, use `width='content'`.
2026-03-26 21:23:39.220 Please replace `use_container_width` with `width`.

`use_container_width` will be removed after 2025-12-31.

For `use_container_width=True`, use `width='stretch'`. For `use_container_width=False`, use `width='content'`.
2026-03-26 21:23:40.221 Please replace `use_container_width` with `width`.

`use_container_width` will be removed after 2025-12-31.

For `use_container_width=True`, use `width='stretch'`. For `use_container_width=False`, use `width='content'`.
2026-03-26 21:23:40.228 Please replace `use_container_width` with `width`.

`use_container_width` will be removed after 2025-12-31.

For `use_container_width=True`, use `width='stretch'`. For `use_container_width=False`, use `width='content'`.
2026-03-26 21:23:40.251 `label` got an empty value. This is discouraged for accessibility reasons and may be disallowed in the future by raising an exception. Please provide a non-empty label and hide it with label_visibility if needed.
Stack (most recent call last):
  File "C:\Users\A0496749\AppData\Local\Programs\Python\Python312\Lib\threading.py", line 1032, in _bootstrap
    self._bootstrap_inner()
  File "C:\Users\A0496749\AppData\Local\Programs\Python\Python312\Lib\threading.py", line 1075, in _bootstrap_inner
    self.run()
  File "C:\Users\A0496749\AppData\Local\Programs\Python\Python312\Lib\threading.py", line 1012, in run
    self._target(*self._args, **self._kwargs)
  File "C:\Users\A0496749\AppData\Local\Programs\Python\Python312\Lib\site-packages\streamlit\runtime\scriptrunner\script_runner.py", line 379, in _run_script_thread
    self._run_script(request.rerun_data)
  File "C:\Users\A0496749\AppData\Local\Programs\Python\Python312\Lib\site-packages\streamlit\runtime\scriptrunner\script_runner.py", line 705, in _run_script
    ) = exec_func_with_error_handling(code_to_exec, ctx)
  File "C:\Users\A0496749\AppData\Local\Programs\Python\Python312\Lib\site-packages\streamlit\runtime\scriptrunner\exec_code.py", line 129, in exec_func_with_error_handling
    result = func()
  File "C:\Users\A0496749\AppData\Local\Programs\Python\Python312\Lib\site-packages\streamlit\runtime\scriptrunner\script_runner.py", line 689, in code_to_exec
    exec(code, module.__dict__)  # noqa: S102
  File "C:\Capstone_Project\app.py", line 1642, in <module>
    main()
  File "C:\Capstone_Project\app.py", line 1635, in main
    with tab2: tab_eda(df)
  File "C:\Capstone_Project\app.py", line 466, in tab_eda
    view = st.radio("", EDA_VIEWS, key="eda_nav", label_visibility="collapsed")
  File "C:\Users\A0496749\AppData\Local\Programs\Python\Python312\Lib\site-packages\streamlit\runtime\metrics_util.py", line 532, in wrapped_func
    result = non_optional_func(*args, **kwargs)
  File "C:\Users\A0496749\AppData\Local\Programs\Python\Python312\Lib\site-packages\streamlit\elements\widgets\radio.py", line 402, in radio
    return self._radio(
  File "C:\Users\A0496749\AppData\Local\Programs\Python\Python312\Lib\site-packages\streamlit\elements\widgets\radio.py", line 449, in _radio
    maybe_raise_label_warnings(label, label_visibility)
  File "C:\Users\A0496749\AppData\Local\Programs\Python\Python312\Lib\site-packages\streamlit\elements\lib\policies.py", line 187, in maybe_raise_label_warnings
    _LOGGER.warning(
2026-03-26 21:23:40.277 Please replace `use_container_width` with `width`.

`use_container_width` will be removed after 2025-12-31.

For `use_container_width=True`, use `width='stretch'`. For `use_container_width=False`, use `width='content'`.
2026-03-26 21:23:40.315 Please replace `use_container_width` with `width`.

`use_container_width` will be removed after 2025-12-31.

For `use_container_width=True`, use `width='stretch'`. For `use_container_width=False`, use `width='content'`.
2026-03-26 21:23:40.342 Please replace `use_container_width` with `width`.

`use_container_width` will be removed after 2025-12-31.

For `use_container_width=True`, use `width='stretch'`. For `use_container_width=False`, use `width='content'`.
2026-03-26 21:23:40.350 Please replace `use_container_width` with `width`.

`use_container_width` will be removed after 2025-12-31.

For `use_container_width=True`, use `width='stretch'`. For `use_container_width=False`, use `width='content'`.
2026-03-26 21:23:40.370 Please replace `use_container_width` with `width`.

`use_container_width` will be removed after 2025-12-31.

For `use_container_width=True`, use `width='stretch'`. For `use_container_width=False`, use `width='content'`.
2026-03-26 21:23:40.381 Please replace `use_container_width` with `width`.

`use_container_width` will be removed after 2025-12-31.

For `use_container_width=True`, use `width='stretch'`. For `use_container_width=False`, use `width='content'`.
2026-03-26 21:24:02.186 Please replace `use_container_width` with `width`.

`use_container_width` will be removed after 2025-12-31.

For `use_container_width=True`, use `width='stretch'`. For `use_container_width=False`, use `width='content'`.
2026-03-26 21:24:02.194 Please replace `use_container_width` with `width`.

`use_container_width` will be removed after 2025-12-31.

For `use_container_width=True`, use `width='stretch'`. For `use_container_width=False`, use `width='content'`.
2026-03-26 21:24:02.215 `label` got an empty value. This is discouraged for accessibility reasons and may be disallowed in the future by raising an exception. Please provide a non-empty label and hide it with label_visibility if needed.
Stack (most recent call last):
  File "C:\Users\A0496749\AppData\Local\Programs\Python\Python312\Lib\threading.py", line 1032, in _bootstrap
    self._bootstrap_inner()
  File "C:\Users\A0496749\AppData\Local\Programs\Python\Python312\Lib\threading.py", line 1075, in _bootstrap_inner
    self.run()
  File "C:\Users\A0496749\AppData\Local\Programs\Python\Python312\Lib\threading.py", line 1012, in run
    self._target(*self._args, **self._kwargs)
  File "C:\Users\A0496749\AppData\Local\Programs\Python\Python312\Lib\site-packages\streamlit\runtime\scriptrunner\script_runner.py", line 379, in _run_script_thread
    self._run_script(request.rerun_data)
  File "C:\Users\A0496749\AppData\Local\Programs\Python\Python312\Lib\site-packages\streamlit\runtime\scriptrunner\script_runner.py", line 705, in _run_script
    ) = exec_func_with_error_handling(code_to_exec, ctx)
  File "C:\Users\A0496749\AppData\Local\Programs\Python\Python312\Lib\site-packages\streamlit\runtime\scriptrunner\exec_code.py", line 129, in exec_func_with_error_handling
    result = func()
  File "C:\Users\A0496749\AppData\Local\Programs\Python\Python312\Lib\site-packages\streamlit\runtime\scriptrunner\script_runner.py", line 689, in code_to_exec
    exec(code, module.__dict__)  # noqa: S102
  File "C:\Capstone_Project\app.py", line 1642, in <module>
    main()
  File "C:\Capstone_Project\app.py", line 1635, in main
    with tab2: tab_eda(df)
  File "C:\Capstone_Project\app.py", line 466, in tab_eda
    view = st.radio("", EDA_VIEWS, key="eda_nav", label_visibility="collapsed")
  File "C:\Users\A0496749\AppData\Local\Programs\Python\Python312\Lib\site-packages\streamlit\runtime\metrics_util.py", line 532, in wrapped_func
    result = non_optional_func(*args, **kwargs)
  File "C:\Users\A0496749\AppData\Local\Programs\Python\Python312\Lib\site-packages\streamlit\elements\widgets\radio.py", line 402, in radio
    return self._radio(
  File "C:\Users\A0496749\AppData\Local\Programs\Python\Python312\Lib\site-packages\streamlit\elements\widgets\radio.py", line 449, in _radio
    maybe_raise_label_warnings(label, label_visibility)
  File "C:\Users\A0496749\AppData\Local\Programs\Python\Python312\Lib\site-packages\streamlit\elements\lib\policies.py", line 187, in maybe_raise_label_warnings
    _LOGGER.warning(
2026-03-26 21:24:02.238 Please replace `use_container_width` with `width`.

`use_container_width` will be removed after 2025-12-31.

For `use_container_width=True`, use `width='stretch'`. For `use_container_width=False`, use `width='content'`.
2026-03-26 21:24:02.266 Please replace `use_container_width` with `width`.

`use_container_width` will be removed after 2025-12-31.

For `use_container_width=True`, use `width='stretch'`. For `use_container_width=False`, use `width='content'`.
2026-03-26 21:24:02.293 Please replace `use_container_width` with `width`.

`use_container_width` will be removed after 2025-12-31.

For `use_container_width=True`, use `width='stretch'`. For `use_container_width=False`, use `width='content'`.
2026-03-26 21:24:02.302 Please replace `use_container_width` with `width`.

`use_container_width` will be removed after 2025-12-31.

For `use_container_width=True`, use `width='stretch'`. For `use_container_width=False`, use `width='content'`.
2026-03-26 21:24:02.322 Please replace `use_container_width` with `width`.

`use_container_width` will be removed after 2025-12-31.

For `use_container_width=True`, use `width='stretch'`. For `use_container_width=False`, use `width='content'`.
2026-03-26 21:24:02.335 Please replace `use_container_width` with `width`.

`use_container_width` will be removed after 2025-12-31.

For `use_container_width=True`, use `width='stretch'`. For `use_container_width=False`, use `width='content'`.
2026-03-26 21:24:06.702 Please replace `use_container_width` with `width`.

`use_container_width` will be removed after 2025-12-31.

For `use_container_width=True`, use `width='stretch'`. For `use_container_width=False`, use `width='content'`.
2026-03-26 21:24:06.710 Please replace `use_container_width` with `width`.

`use_container_width` will be removed after 2025-12-31.

For `use_container_width=True`, use `width='stretch'`. For `use_container_width=False`, use `width='content'`.
2026-03-26 21:24:06.738 `label` got an empty value. This is discouraged for accessibility reasons and may be disallowed in the future by raising an exception. Please provide a non-empty label and hide it with label_visibility if needed.
Stack (most recent call last):
  File "C:\Users\A0496749\AppData\Local\Programs\Python\Python312\Lib\threading.py", line 1032, in _bootstrap
    self._bootstrap_inner()
  File "C:\Users\A0496749\AppData\Local\Programs\Python\Python312\Lib\threading.py", line 1075, in _bootstrap_inner
    self.run()
  File "C:\Users\A0496749\AppData\Local\Programs\Python\Python312\Lib\threading.py", line 1012, in run
    self._target(*self._args, **self._kwargs)
  File "C:\Users\A0496749\AppData\Local\Programs\Python\Python312\Lib\site-packages\streamlit\runtime\scriptrunner\script_runner.py", line 379, in _run_script_thread
    self._run_script(request.rerun_data)
  File "C:\Users\A0496749\AppData\Local\Programs\Python\Python312\Lib\site-packages\streamlit\runtime\scriptrunner\script_runner.py", line 705, in _run_script
    ) = exec_func_with_error_handling(code_to_exec, ctx)
  File "C:\Users\A0496749\AppData\Local\Programs\Python\Python312\Lib\site-packages\streamlit\runtime\scriptrunner\exec_code.py", line 129, in exec_func_with_error_handling
    result = func()
  File "C:\Users\A0496749\AppData\Local\Programs\Python\Python312\Lib\site-packages\streamlit\runtime\scriptrunner\script_runner.py", line 689, in code_to_exec
    exec(code, module.__dict__)  # noqa: S102
  File "C:\Capstone_Project\app.py", line 1642, in <module>
    main()
  File "C:\Capstone_Project\app.py", line 1635, in main
    with tab2: tab_eda(df)
  File "C:\Capstone_Project\app.py", line 466, in tab_eda
    view = st.radio("", EDA_VIEWS, key="eda_nav", label_visibility="collapsed")
  File "C:\Users\A0496749\AppData\Local\Programs\Python\Python312\Lib\site-packages\streamlit\runtime\metrics_util.py", line 532, in wrapped_func
    result = non_optional_func(*args, **kwargs)
  File "C:\Users\A0496749\AppData\Local\Programs\Python\Python312\Lib\site-packages\streamlit\elements\widgets\radio.py", line 402, in radio
    return self._radio(
  File "C:\Users\A0496749\AppData\Local\Programs\Python\Python312\Lib\site-packages\streamlit\elements\widgets\radio.py", line 449, in _radio
    maybe_raise_label_warnings(label, label_visibility)
  File "C:\Users\A0496749\AppData\Local\Programs\Python\Python312\Lib\site-packages\streamlit\elements\lib\policies.py", line 187, in maybe_raise_label_warnings
    _LOGGER.warning(
2026-03-26 21:24:06.760 Please replace `use_container_width` with `width`.

`use_container_width` will be removed after 2025-12-31.

For `use_container_width=True`, use `width='stretch'`. For `use_container_width=False`, use `width='content'`.
2026-03-26 21:24:06.783 Please replace `use_container_width` with `width`.

`use_container_width` will be removed after 2025-12-31.

For `use_container_width=True`, use `width='stretch'`. For `use_container_width=False`, use `width='content'`.
2026-03-26 21:24:06.811 Please replace `use_container_width` with `width`.

`use_container_width` will be removed after 2025-12-31.

For `use_container_width=True`, use `width='stretch'`. For `use_container_width=False`, use `width='content'`.
2026-03-26 21:24:06.825 Please replace `use_container_width` with `width`.

`use_container_width` will be removed after 2025-12-31.

For `use_container_width=True`, use `width='stretch'`. For `use_container_width=False`, use `width='content'`.
2026-03-26 21:24:06.845 Please replace `use_container_width` with `width`.

`use_container_width` will be removed after 2025-12-31.

For `use_container_width=True`, use `width='stretch'`. For `use_container_width=False`, use `width='content'`.
2026-03-26 21:24:06.858 Please replace `use_container_width` with `width`.

`use_container_width` will be removed after 2025-12-31.

For `use_container_width=True`, use `width='stretch'`. For `use_container_width=False`, use `width='content'`.
2026-03-26 21:24:09.124 Please replace `use_container_width` with `width`.

`use_container_width` will be removed after 2025-12-31.

For `use_container_width=True`, use `width='stretch'`. For `use_container_width=False`, use `width='content'`.
2026-03-26 21:24:09.136 Please replace `use_container_width` with `width`.

`use_container_width` will be removed after 2025-12-31.

For `use_container_width=True`, use `width='stretch'`. For `use_container_width=False`, use `width='content'`.
2026-03-26 21:24:09.156 `label` got an empty value. This is discouraged for accessibility reasons and may be disallowed in the future by raising an exception. Please provide a non-empty label and hide it with label_visibility if needed.
Stack (most recent call last):
  File "C:\Users\A0496749\AppData\Local\Programs\Python\Python312\Lib\threading.py", line 1032, in _bootstrap
    self._bootstrap_inner()
  File "C:\Users\A0496749\AppData\Local\Programs\Python\Python312\Lib\threading.py", line 1075, in _bootstrap_inner
    self.run()
  File "C:\Users\A0496749\AppData\Local\Programs\Python\Python312\Lib\threading.py", line 1012, in run
    self._target(*self._args, **self._kwargs)
  File "C:\Users\A0496749\AppData\Local\Programs\Python\Python312\Lib\site-packages\streamlit\runtime\scriptrunner\script_runner.py", line 379, in _run_script_thread
    self._run_script(request.rerun_data)
  File "C:\Users\A0496749\AppData\Local\Programs\Python\Python312\Lib\site-packages\streamlit\runtime\scriptrunner\script_runner.py", line 705, in _run_script
    ) = exec_func_with_error_handling(code_to_exec, ctx)
  File "C:\Users\A0496749\AppData\Local\Programs\Python\Python312\Lib\site-packages\streamlit\runtime\scriptrunner\exec_code.py", line 129, in exec_func_with_error_handling
    result = func()
  File "C:\Users\A0496749\AppData\Local\Programs\Python\Python312\Lib\site-packages\streamlit\runtime\scriptrunner\script_runner.py", line 689, in code_to_exec
    exec(code, module.__dict__)  # noqa: S102
  File "C:\Capstone_Project\app.py", line 1642, in <module>
    main()
  File "C:\Capstone_Project\app.py", line 1635, in main
    with tab2: tab_eda(df)
  File "C:\Capstone_Project\app.py", line 466, in tab_eda
    view = st.radio("", EDA_VIEWS, key="eda_nav", label_visibility="collapsed")
  File "C:\Users\A0496749\AppData\Local\Programs\Python\Python312\Lib\site-packages\streamlit\runtime\metrics_util.py", line 532, in wrapped_func
    result = non_optional_func(*args, **kwargs)
  File "C:\Users\A0496749\AppData\Local\Programs\Python\Python312\Lib\site-packages\streamlit\elements\widgets\radio.py", line 402, in radio
    return self._radio(
  File "C:\Users\A0496749\AppData\Local\Programs\Python\Python312\Lib\site-packages\streamlit\elements\widgets\radio.py", line 449, in _radio
    maybe_raise_label_warnings(label, label_visibility)
  File "C:\Users\A0496749\AppData\Local\Programs\Python\Python312\Lib\site-packages\streamlit\elements\lib\policies.py", line 187, in maybe_raise_label_warnings
    _LOGGER.warning(
2026-03-26 21:24:09.187 Please replace `use_container_width` with `width`.

`use_container_width` will be removed after 2025-12-31.

For `use_container_width=True`, use `width='stretch'`. For `use_container_width=False`, use `width='content'`.
2026-03-26 21:24:09.211 Please replace `use_container_width` with `width`.

`use_container_width` will be removed after 2025-12-31.

For `use_container_width=True`, use `width='stretch'`. For `use_container_width=False`, use `width='content'`.
2026-03-26 21:24:09.235 Please replace `use_container_width` with `width`.

`use_container_width` will be removed after 2025-12-31.

For `use_container_width=True`, use `width='stretch'`. For `use_container_width=False`, use `width='content'`.
2026-03-26 21:24:09.244 Please replace `use_container_width` with `width`.

`use_container_width` will be removed after 2025-12-31.

For `use_container_width=True`, use `width='stretch'`. For `use_container_width=False`, use `width='content'`.
2026-03-26 21:24:09.264 Please replace `use_container_width` with `width`.

`use_container_width` will be removed after 2025-12-31.

For `use_container_width=True`, use `width='stretch'`. For `use_container_width=False`, use `width='content'`.
2026-03-26 21:24:09.277 Please replace `use_container_width` with `width`.

`use_container_width` will be removed after 2025-12-31.

For `use_container_width=True`, use `width='stretch'`. For `use_container_width=False`, use `width='content'`.
2026-03-26 21:24:11.198 Please replace `use_container_width` with `width`.

`use_container_width` will be removed after 2025-12-31.

For `use_container_width=True`, use `width='stretch'`. For `use_container_width=False`, use `width='content'`.
2026-03-26 21:24:11.205 Please replace `use_container_width` with `width`.

`use_container_width` will be removed after 2025-12-31.

For `use_container_width=True`, use `width='stretch'`. For `use_container_width=False`, use `width='content'`.
2026-03-26 21:24:11.229 `label` got an empty value. This is discouraged for accessibility reasons and may be disallowed in the future by raising an exception. Please provide a non-empty label and hide it with label_visibility if needed.
Stack (most recent call last):
  File "C:\Users\A0496749\AppData\Local\Programs\Python\Python312\Lib\threading.py", line 1032, in _bootstrap
    self._bootstrap_inner()
  File "C:\Users\A0496749\AppData\Local\Programs\Python\Python312\Lib\threading.py", line 1075, in _bootstrap_inner
    self.run()
  File "C:\Users\A0496749\AppData\Local\Programs\Python\Python312\Lib\threading.py", line 1012, in run
    self._target(*self._args, **self._kwargs)
  File "C:\Users\A0496749\AppData\Local\Programs\Python\Python312\Lib\site-packages\streamlit\runtime\scriptrunner\script_runner.py", line 379, in _run_script_thread
    self._run_script(request.rerun_data)
  File "C:\Users\A0496749\AppData\Local\Programs\Python\Python312\Lib\site-packages\streamlit\runtime\scriptrunner\script_runner.py", line 705, in _run_script
    ) = exec_func_with_error_handling(code_to_exec, ctx)
  File "C:\Users\A0496749\AppData\Local\Programs\Python\Python312\Lib\site-packages\streamlit\runtime\scriptrunner\exec_code.py", line 129, in exec_func_with_error_handling
    result = func()
  File "C:\Users\A0496749\AppData\Local\Programs\Python\Python312\Lib\site-packages\streamlit\runtime\scriptrunner\script_runner.py", line 689, in code_to_exec
    exec(code, module.__dict__)  # noqa: S102
  File "C:\Capstone_Project\app.py", line 1642, in <module>
    main()
  File "C:\Capstone_Project\app.py", line 1635, in main
    with tab2: tab_eda(df)
  File "C:\Capstone_Project\app.py", line 466, in tab_eda
    view = st.radio("", EDA_VIEWS, key="eda_nav", label_visibility="collapsed")
  File "C:\Users\A0496749\AppData\Local\Programs\Python\Python312\Lib\site-packages\streamlit\runtime\metrics_util.py", line 532, in wrapped_func
    result = non_optional_func(*args, **kwargs)
  File "C:\Users\A0496749\AppData\Local\Programs\Python\Python312\Lib\site-packages\streamlit\elements\widgets\radio.py", line 402, in radio
    return self._radio(
  File "C:\Users\A0496749\AppData\Local\Programs\Python\Python312\Lib\site-packages\streamlit\elements\widgets\radio.py", line 449, in _radio
    maybe_raise_label_warnings(label, label_visibility)
  File "C:\Users\A0496749\AppData\Local\Programs\Python\Python312\Lib\site-packages\streamlit\elements\lib\policies.py", line 187, in maybe_raise_label_warnings
    _LOGGER.warning(
2026-03-26 21:24:11.257 Please replace `use_container_width` with `width`.

`use_container_width` will be removed after 2025-12-31.

For `use_container_width=True`, use `width='stretch'`. For `use_container_width=False`, use `width='content'`.
2026-03-26 21:24:11.285 Please replace `use_container_width` with `width`.

`use_container_width` will be removed after 2025-12-31.

For `use_container_width=True`, use `width='stretch'`. For `use_container_width=False`, use `width='content'`.
2026-03-26 21:24:11.303 Please replace `use_container_width` with `width`.

`use_container_width` will be removed after 2025-12-31.

For `use_container_width=True`, use `width='stretch'`. For `use_container_width=False`, use `width='content'`.
2026-03-26 21:24:11.311 Please replace `use_container_width` with `width`.

`use_container_width` will be removed after 2025-12-31.

For `use_container_width=True`, use `width='stretch'`. For `use_container_width=False`, use `width='content'`.
2026-03-26 21:24:11.332 Please replace `use_container_width` with `width`.

`use_container_width` will be removed after 2025-12-31.

For `use_container_width=True`, use `width='stretch'`. For `use_container_width=False`, use `width='content'`.
2026-03-26 21:24:11.345 Please replace `use_container_width` with `width`.

`use_container_width` will be removed after 2025-12-31.

For `use_container_width=True`, use `width='stretch'`. For `use_container_width=False`, use `width='content'`.
2026-03-26 21:27:01.798 Please replace `use_container_width` with `width`.

`use_container_width` will be removed after 2025-12-31.

For `use_container_width=True`, use `width='stretch'`. For `use_container_width=False`, use `width='content'`.
2026-03-26 21:27:01.806 Please replace `use_container_width` with `width`.

`use_container_width` will be removed after 2025-12-31.

For `use_container_width=True`, use `width='stretch'`. For `use_container_width=False`, use `width='content'`.
2026-03-26 21:27:01.828 `label` got an empty value. This is discouraged for accessibility reasons and may be disallowed in the future by raising an exception. Please provide a non-empty label and hide it with label_visibility if needed.
Stack (most recent call last):
  File "C:\Users\A0496749\AppData\Local\Programs\Python\Python312\Lib\threading.py", line 1032, in _bootstrap
    self._bootstrap_inner()
  File "C:\Users\A0496749\AppData\Local\Programs\Python\Python312\Lib\threading.py", line 1075, in _bootstrap_inner
    self.run()
  File "C:\Users\A0496749\AppData\Local\Programs\Python\Python312\Lib\threading.py", line 1012, in run
    self._target(*self._args, **self._kwargs)
  File "C:\Users\A0496749\AppData\Local\Programs\Python\Python312\Lib\site-packages\streamlit\runtime\scriptrunner\script_runner.py", line 379, in _run_script_thread
    self._run_script(request.rerun_data)
  File "C:\Users\A0496749\AppData\Local\Programs\Python\Python312\Lib\site-packages\streamlit\runtime\scriptrunner\script_runner.py", line 705, in _run_script
    ) = exec_func_with_error_handling(code_to_exec, ctx)
  File "C:\Users\A0496749\AppData\Local\Programs\Python\Python312\Lib\site-packages\streamlit\runtime\scriptrunner\exec_code.py", line 129, in exec_func_with_error_handling
    result = func()
  File "C:\Users\A0496749\AppData\Local\Programs\Python\Python312\Lib\site-packages\streamlit\runtime\scriptrunner\script_runner.py", line 689, in code_to_exec
    exec(code, module.__dict__)  # noqa: S102
  File "C:\Capstone_Project\app.py", line 1642, in <module>
    main()
  File "C:\Capstone_Project\app.py", line 1635, in main
    with tab2: tab_eda(df)
  File "C:\Capstone_Project\app.py", line 466, in tab_eda
    view = st.radio("", EDA_VIEWS, key="eda_nav", label_visibility="collapsed")
  File "C:\Users\A0496749\AppData\Local\Programs\Python\Python312\Lib\site-packages\streamlit\runtime\metrics_util.py", line 532, in wrapped_func
    result = non_optional_func(*args, **kwargs)
  File "C:\Users\A0496749\AppData\Local\Programs\Python\Python312\Lib\site-packages\streamlit\elements\widgets\radio.py", line 402, in radio
    return self._radio(
  File "C:\Users\A0496749\AppData\Local\Programs\Python\Python312\Lib\site-packages\streamlit\elements\widgets\radio.py", line 449, in _radio
    maybe_raise_label_warnings(label, label_visibility)
  File "C:\Users\A0496749\AppData\Local\Programs\Python\Python312\Lib\site-packages\streamlit\elements\lib\policies.py", line 187, in maybe_raise_label_warnings
    _LOGGER.warning(
2026-03-26 21:27:01.851 Please replace `use_container_width` with `width`.

`use_container_width` will be removed after 2025-12-31.

For `use_container_width=True`, use `width='stretch'`. For `use_container_width=False`, use `width='content'`.
2026-03-26 21:27:01.877 Please replace `use_container_width` with `width`.

`use_container_width` will be removed after 2025-12-31.

For `use_container_width=True`, use `width='stretch'`. For `use_container_width=False`, use `width='content'`.
2026-03-26 21:27:01.909 Please replace `use_container_width` with `width`.

`use_container_width` will be removed after 2025-12-31.

For `use_container_width=True`, use `width='stretch'`. For `use_container_width=False`, use `width='content'`.
2026-03-26 21:27:01.919 Please replace `use_container_width` with `width`.

`use_container_width` will be removed after 2025-12-31.

For `use_container_width=True`, use `width='stretch'`. For `use_container_width=False`, use `width='content'`.
2026-03-26 21:27:01.941 Please replace `use_container_width` with `width`.

`use_container_width` will be removed after 2025-12-31.

For `use_container_width=True`, use `width='stretch'`. For `use_container_width=False`, use `width='content'`.
2026-03-26 21:27:01.959 Please replace `use_container_width` with `width`.

`use_container_width` will be removed after 2025-12-31.

For `use_container_width=True`, use `width='stretch'`. For `use_container_width=False`, use `width='content'`.
2026-03-26 21:27:03.673 Please replace `use_container_width` with `width`.

`use_container_width` will be removed after 2025-12-31.

For `use_container_width=True`, use `width='stretch'`. For `use_container_width=False`, use `width='content'`.
2026-03-26 21:27:03.680 Please replace `use_container_width` with `width`.

`use_container_width` will be removed after 2025-12-31.

For `use_container_width=True`, use `width='stretch'`. For `use_container_width=False`, use `width='content'`.
2026-03-26 21:27:03.704 `label` got an empty value. This is discouraged for accessibility reasons and may be disallowed in the future by raising an exception. Please provide a non-empty label and hide it with label_visibility if needed.
Stack (most recent call last):
  File "C:\Users\A0496749\AppData\Local\Programs\Python\Python312\Lib\threading.py", line 1032, in _bootstrap
    self._bootstrap_inner()
  File "C:\Users\A0496749\AppData\Local\Programs\Python\Python312\Lib\threading.py", line 1075, in _bootstrap_inner
    self.run()
  File "C:\Users\A0496749\AppData\Local\Programs\Python\Python312\Lib\threading.py", line 1012, in run
    self._target(*self._args, **self._kwargs)
  File "C:\Users\A0496749\AppData\Local\Programs\Python\Python312\Lib\site-packages\streamlit\runtime\scriptrunner\script_runner.py", line 379, in _run_script_thread
    self._run_script(request.rerun_data)
  File "C:\Users\A0496749\AppData\Local\Programs\Python\Python312\Lib\site-packages\streamlit\runtime\scriptrunner\script_runner.py", line 705, in _run_script
    ) = exec_func_with_error_handling(code_to_exec, ctx)
  File "C:\Users\A0496749\AppData\Local\Programs\Python\Python312\Lib\site-packages\streamlit\runtime\scriptrunner\exec_code.py", line 129, in exec_func_with_error_handling
    result = func()
  File "C:\Users\A0496749\AppData\Local\Programs\Python\Python312\Lib\site-packages\streamlit\runtime\scriptrunner\script_runner.py", line 689, in code_to_exec
    exec(code, module.__dict__)  # noqa: S102
  File "C:\Capstone_Project\app.py", line 1642, in <module>
    main()
  File "C:\Capstone_Project\app.py", line 1635, in main
    with tab2: tab_eda(df)
  File "C:\Capstone_Project\app.py", line 466, in tab_eda
    view = st.radio("", EDA_VIEWS, key="eda_nav", label_visibility="collapsed")
  File "C:\Users\A0496749\AppData\Local\Programs\Python\Python312\Lib\site-packages\streamlit\runtime\metrics_util.py", line 532, in wrapped_func
    result = non_optional_func(*args, **kwargs)
  File "C:\Users\A0496749\AppData\Local\Programs\Python\Python312\Lib\site-packages\streamlit\elements\widgets\radio.py", line 402, in radio
    return self._radio(
  File "C:\Users\A0496749\AppData\Local\Programs\Python\Python312\Lib\site-packages\streamlit\elements\widgets\radio.py", line 449, in _radio
    maybe_raise_label_warnings(label, label_visibility)
  File "C:\Users\A0496749\AppData\Local\Programs\Python\Python312\Lib\site-packages\streamlit\elements\lib\policies.py", line 187, in maybe_raise_label_warnings
    _LOGGER.warning(
2026-03-26 21:27:03.719 Please replace `use_container_width` with `width`.

`use_container_width` will be removed after 2025-12-31.

For `use_container_width=True`, use `width='stretch'`. For `use_container_width=False`, use `width='content'`.
2026-03-26 21:27:03.748 Please replace `use_container_width` with `width`.

`use_container_width` will be removed after 2025-12-31.

For `use_container_width=True`, use `width='stretch'`. For `use_container_width=False`, use `width='content'`.
2026-03-26 21:27:03.774 Please replace `use_container_width` with `width`.

`use_container_width` will be removed after 2025-12-31.

For `use_container_width=True`, use `width='stretch'`. For `use_container_width=False`, use `width='content'`.
2026-03-26 21:27:03.783 Please replace `use_container_width` with `width`.

`use_container_width` will be removed after 2025-12-31.

For `use_container_width=True`, use `width='stretch'`. For `use_container_width=False`, use `width='content'`.
2026-03-26 21:27:03.805 Please replace `use_container_width` with `width`.

`use_container_width` will be removed after 2025-12-31.

For `use_container_width=True`, use `width='stretch'`. For `use_container_width=False`, use `width='content'`.
2026-03-26 21:27:03.818 Please replace `use_container_width` with `width`.

`use_container_width` will be removed after 2025-12-31.

For `use_container_width=True`, use `width='stretch'`. For `use_container_width=False`, use `width='content'`.
2026-03-26 21:27:04.840 Please replace `use_container_width` with `width`.

`use_container_width` will be removed after 2025-12-31.

For `use_container_width=True`, use `width='stretch'`. For `use_container_width=False`, use `width='content'`.
2026-03-26 21:27:04.846 Please replace `use_container_width` with `width`.

`use_container_width` will be removed after 2025-12-31.

For `use_container_width=True`, use `width='stretch'`. For `use_container_width=False`, use `width='content'`.
2026-03-26 21:27:04.865 `label` got an empty value. This is discouraged for accessibility reasons and may be disallowed in the future by raising an exception. Please provide a non-empty label and hide it with label_visibility if needed.
Stack (most recent call last):
  File "C:\Users\A0496749\AppData\Local\Programs\Python\Python312\Lib\threading.py", line 1032, in _bootstrap
    self._bootstrap_inner()
  File "C:\Users\A0496749\AppData\Local\Programs\Python\Python312\Lib\threading.py", line 1075, in _bootstrap_inner
    self.run()
  File "C:\Users\A0496749\AppData\Local\Programs\Python\Python312\Lib\threading.py", line 1012, in run
    self._target(*self._args, **self._kwargs)
  File "C:\Users\A0496749\AppData\Local\Programs\Python\Python312\Lib\site-packages\streamlit\runtime\scriptrunner\script_runner.py", line 379, in _run_script_thread
    self._run_script(request.rerun_data)
  File "C:\Users\A0496749\AppData\Local\Programs\Python\Python312\Lib\site-packages\streamlit\runtime\scriptrunner\script_runner.py", line 705, in _run_script
    ) = exec_func_with_error_handling(code_to_exec, ctx)
  File "C:\Users\A0496749\AppData\Local\Programs\Python\Python312\Lib\site-packages\streamlit\runtime\scriptrunner\exec_code.py", line 129, in exec_func_with_error_handling
    result = func()
  File "C:\Users\A0496749\AppData\Local\Programs\Python\Python312\Lib\site-packages\streamlit\runtime\scriptrunner\script_runner.py", line 689, in code_to_exec
    exec(code, module.__dict__)  # noqa: S102
  File "C:\Capstone_Project\app.py", line 1642, in <module>
    main()
  File "C:\Capstone_Project\app.py", line 1635, in main
    with tab2: tab_eda(df)
  File "C:\Capstone_Project\app.py", line 466, in tab_eda
    view = st.radio("", EDA_VIEWS, key="eda_nav", label_visibility="collapsed")
  File "C:\Users\A0496749\AppData\Local\Programs\Python\Python312\Lib\site-packages\streamlit\runtime\metrics_util.py", line 532, in wrapped_func
    result = non_optional_func(*args, **kwargs)
  File "C:\Users\A0496749\AppData\Local\Programs\Python\Python312\Lib\site-packages\streamlit\elements\widgets\radio.py", line 402, in radio
    return self._radio(
  File "C:\Users\A0496749\AppData\Local\Programs\Python\Python312\Lib\site-packages\streamlit\elements\widgets\radio.py", line 449, in _radio
    maybe_raise_label_warnings(label, label_visibility)
  File "C:\Users\A0496749\AppData\Local\Programs\Python\Python312\Lib\site-packages\streamlit\elements\lib\policies.py", line 187, in maybe_raise_label_warnings
    _LOGGER.warning(
2026-03-26 21:27:04.878 Please replace `use_container_width` with `width`.

`use_container_width` will be removed after 2025-12-31.

For `use_container_width=True`, use `width='stretch'`. For `use_container_width=False`, use `width='content'`.
2026-03-26 21:27:04.911 Please replace `use_container_width` with `width`.

`use_container_width` will be removed after 2025-12-31.

For `use_container_width=True`, use `width='stretch'`. For `use_container_width=False`, use `width='content'`.
2026-03-26 21:27:04.933 Please replace `use_container_width` with `width`.

`use_container_width` will be removed after 2025-12-31.

For `use_container_width=True`, use `width='stretch'`. For `use_container_width=False`, use `width='content'`.
2026-03-26 21:27:04.943 Please replace `use_container_width` with `width`.

`use_container_width` will be removed after 2025-12-31.

For `use_container_width=True`, use `width='stretch'`. For `use_container_width=False`, use `width='content'`.
2026-03-26 21:27:04.962 Please replace `use_container_width` with `width`.

`use_container_width` will be removed after 2025-12-31.

For `use_container_width=True`, use `width='stretch'`. For `use_container_width=False`, use `width='content'`.
2026-03-26 21:27:04.977 Please replace `use_container_width` with `width`.

`use_container_width` will be removed after 2025-12-31.

For `use_container_width=True`, use `width='stretch'`. For `use_container_width=False`, use `width='content'`.
2026-03-26 21:28:37.045 Please replace `use_container_width` with `width`.

`use_container_width` will be removed after 2025-12-31.

For `use_container_width=True`, use `width='stretch'`. For `use_container_width=False`, use `width='content'`.
2026-03-26 21:28:37.053 Please replace `use_container_width` with `width`.

`use_container_width` will be removed after 2025-12-31.

For `use_container_width=True`, use `width='stretch'`. For `use_container_width=False`, use `width='content'`.
2026-03-26 21:28:37.076 `label` got an empty value. This is discouraged for accessibility reasons and may be disallowed in the future by raising an exception. Please provide a non-empty label and hide it with label_visibility if needed.
Stack (most recent call last):
  File "C:\Users\A0496749\AppData\Local\Programs\Python\Python312\Lib\threading.py", line 1032, in _bootstrap
    self._bootstrap_inner()
  File "C:\Users\A0496749\AppData\Local\Programs\Python\Python312\Lib\threading.py", line 1075, in _bootstrap_inner
    self.run()
  File "C:\Users\A0496749\AppData\Local\Programs\Python\Python312\Lib\threading.py", line 1012, in run
    self._target(*self._args, **self._kwargs)
  File "C:\Users\A0496749\AppData\Local\Programs\Python\Python312\Lib\site-packages\streamlit\runtime\scriptrunner\script_runner.py", line 379, in _run_script_thread
    self._run_script(request.rerun_data)
  File "C:\Users\A0496749\AppData\Local\Programs\Python\Python312\Lib\site-packages\streamlit\runtime\scriptrunner\script_runner.py", line 705, in _run_script
    ) = exec_func_with_error_handling(code_to_exec, ctx)
  File "C:\Users\A0496749\AppData\Local\Programs\Python\Python312\Lib\site-packages\streamlit\runtime\scriptrunner\exec_code.py", line 129, in exec_func_with_error_handling
    result = func()
  File "C:\Users\A0496749\AppData\Local\Programs\Python\Python312\Lib\site-packages\streamlit\runtime\scriptrunner\script_runner.py", line 689, in code_to_exec
    exec(code, module.__dict__)  # noqa: S102
  File "C:\Capstone_Project\app.py", line 1642, in <module>
    main()
  File "C:\Capstone_Project\app.py", line 1635, in main
    with tab2: tab_eda(df)
  File "C:\Capstone_Project\app.py", line 466, in tab_eda
    view = st.radio("", EDA_VIEWS, key="eda_nav", label_visibility="collapsed")
  File "C:\Users\A0496749\AppData\Local\Programs\Python\Python312\Lib\site-packages\streamlit\runtime\metrics_util.py", line 532, in wrapped_func
    result = non_optional_func(*args, **kwargs)
  File "C:\Users\A0496749\AppData\Local\Programs\Python\Python312\Lib\site-packages\streamlit\elements\widgets\radio.py", line 402, in radio
    return self._radio(
  File "C:\Users\A0496749\AppData\Local\Programs\Python\Python312\Lib\site-packages\streamlit\elements\widgets\radio.py", line 449, in _radio
    maybe_raise_label_warnings(label, label_visibility)
  File "C:\Users\A0496749\AppData\Local\Programs\Python\Python312\Lib\site-packages\streamlit\elements\lib\policies.py", line 187, in maybe_raise_label_warnings
    _LOGGER.warning(
2026-03-26 21:28:37.098 Please replace `use_container_width` with `width`.

`use_container_width` will be removed after 2025-12-31.

For `use_container_width=True`, use `width='stretch'`. For `use_container_width=False`, use `width='content'`.
2026-03-26 21:28:37.121 Please replace `use_container_width` with `width`.

`use_container_width` will be removed after 2025-12-31.

For `use_container_width=True`, use `width='stretch'`. For `use_container_width=False`, use `width='content'`.
2026-03-26 21:28:37.141 Please replace `use_container_width` with `width`.

`use_container_width` will be removed after 2025-12-31.

For `use_container_width=True`, use `width='stretch'`. For `use_container_width=False`, use `width='content'`.
2026-03-26 21:28:37.156 Please replace `use_container_width` with `width`.

`use_container_width` will be removed after 2025-12-31.

For `use_container_width=True`, use `width='stretch'`. For `use_container_width=False`, use `width='content'`.
2026-03-26 21:28:37.181 Please replace `use_container_width` with `width`.

`use_container_width` will be removed after 2025-12-31.

For `use_container_width=True`, use `width='stretch'`. For `use_container_width=False`, use `width='content'`.
2026-03-26 21:28:37.197 Please replace `use_container_width` with `width`.

`use_container_width` will be removed after 2025-12-31.

For `use_container_width=True`, use `width='stretch'`. For `use_container_width=False`, use `width='content'`.
2026-03-26 21:28:38.372 Please replace `use_container_width` with `width`.

`use_container_width` will be removed after 2025-12-31.

For `use_container_width=True`, use `width='stretch'`. For `use_container_width=False`, use `width='content'`.
2026-03-26 21:28:38.388 Please replace `use_container_width` with `width`.

`use_container_width` will be removed after 2025-12-31.

For `use_container_width=True`, use `width='stretch'`. For `use_container_width=False`, use `width='content'`.
2026-03-26 21:28:38.410 `label` got an empty value. This is discouraged for accessibility reasons and may be disallowed in the future by raising an exception. Please provide a non-empty label and hide it with label_visibility if needed.
Stack (most recent call last):
  File "C:\Users\A0496749\AppData\Local\Programs\Python\Python312\Lib\threading.py", line 1032, in _bootstrap
    self._bootstrap_inner()
  File "C:\Users\A0496749\AppData\Local\Programs\Python\Python312\Lib\threading.py", line 1075, in _bootstrap_inner
    self.run()
  File "C:\Users\A0496749\AppData\Local\Programs\Python\Python312\Lib\threading.py", line 1012, in run
    self._target(*self._args, **self._kwargs)
  File "C:\Users\A0496749\AppData\Local\Programs\Python\Python312\Lib\site-packages\streamlit\runtime\scriptrunner\script_runner.py", line 379, in _run_script_thread
    self._run_script(request.rerun_data)
  File "C:\Users\A0496749\AppData\Local\Programs\Python\Python312\Lib\site-packages\streamlit\runtime\scriptrunner\script_runner.py", line 705, in _run_script
    ) = exec_func_with_error_handling(code_to_exec, ctx)
  File "C:\Users\A0496749\AppData\Local\Programs\Python\Python312\Lib\site-packages\streamlit\runtime\scriptrunner\exec_code.py", line 129, in exec_func_with_error_handling
    result = func()
  File "C:\Users\A0496749\AppData\Local\Programs\Python\Python312\Lib\site-packages\streamlit\runtime\scriptrunner\script_runner.py", line 689, in code_to_exec
    exec(code, module.__dict__)  # noqa: S102
  File "C:\Capstone_Project\app.py", line 1642, in <module>
    main()
  File "C:\Capstone_Project\app.py", line 1635, in main
    with tab2: tab_eda(df)
  File "C:\Capstone_Project\app.py", line 466, in tab_eda
    view = st.radio("", EDA_VIEWS, key="eda_nav", label_visibility="collapsed")
  File "C:\Users\A0496749\AppData\Local\Programs\Python\Python312\Lib\site-packages\streamlit\runtime\metrics_util.py", line 532, in wrapped_func
    result = non_optional_func(*args, **kwargs)
  File "C:\Users\A0496749\AppData\Local\Programs\Python\Python312\Lib\site-packages\streamlit\elements\widgets\radio.py", line 402, in radio
    return self._radio(
  File "C:\Users\A0496749\AppData\Local\Programs\Python\Python312\Lib\site-packages\streamlit\elements\widgets\radio.py", line 449, in _radio
    maybe_raise_label_warnings(label, label_visibility)
  File "C:\Users\A0496749\AppData\Local\Programs\Python\Python312\Lib\site-packages\streamlit\elements\lib\policies.py", line 187, in maybe_raise_label_warnings
    _LOGGER.warning(
2026-03-26 21:28:38.426 Please replace `use_container_width` with `width`.

`use_container_width` will be removed after 2025-12-31.

For `use_container_width=True`, use `width='stretch'`. For `use_container_width=False`, use `width='content'`.
2026-03-26 21:28:38.456 Please replace `use_container_width` with `width`.

`use_container_width` will be removed after 2025-12-31.

For `use_container_width=True`, use `width='stretch'`. For `use_container_width=False`, use `width='content'`.
2026-03-26 21:28:38.485 Please replace `use_container_width` with `width`.

`use_container_width` will be removed after 2025-12-31.

For `use_container_width=True`, use `width='stretch'`. For `use_container_width=False`, use `width='content'`.
2026-03-26 21:28:38.492 Please replace `use_container_width` with `width`.

`use_container_width` will be removed after 2025-12-31.

For `use_container_width=True`, use `width='stretch'`. For `use_container_width=False`, use `width='content'`.
2026-03-26 21:28:38.518 Please replace `use_container_width` with `width`.

`use_container_width` will be removed after 2025-12-31.

For `use_container_width=True`, use `width='stretch'`. For `use_container_width=False`, use `width='content'`.
2026-03-26 21:28:38.542 Please replace `use_container_width` with `width`.

`use_container_width` will be removed after 2025-12-31.

For `use_container_width=True`, use `width='stretch'`. For `use_container_width=False`, use `width='content'`.
2026-03-26 21:30:43.956 Please replace `use_container_width` with `width`.

`use_container_width` will be removed after 2025-12-31.

For `use_container_width=True`, use `width='stretch'`. For `use_container_width=False`, use `width='content'`.
2026-03-26 21:30:43.965 Please replace `use_container_width` with `width`.

`use_container_width` will be removed after 2025-12-31.

For `use_container_width=True`, use `width='stretch'`. For `use_container_width=False`, use `width='content'`.
2026-03-26 21:30:43.976 `label` got an empty value. This is discouraged for accessibility reasons and may be disallowed in the future by raising an exception. Please provide a non-empty label and hide it with label_visibility if needed.
Stack (most recent call last):
  File "C:\Users\A0496749\AppData\Local\Programs\Python\Python312\Lib\threading.py", line 1032, in _bootstrap
    self._bootstrap_inner()
  File "C:\Users\A0496749\AppData\Local\Programs\Python\Python312\Lib\threading.py", line 1075, in _bootstrap_inner
    self.run()
  File "C:\Users\A0496749\AppData\Local\Programs\Python\Python312\Lib\threading.py", line 1012, in run
    self._target(*self._args, **self._kwargs)
  File "C:\Users\A0496749\AppData\Local\Programs\Python\Python312\Lib\site-packages\streamlit\runtime\scriptrunner\script_runner.py", line 379, in _run_script_thread
    self._run_script(request.rerun_data)
  File "C:\Users\A0496749\AppData\Local\Programs\Python\Python312\Lib\site-packages\streamlit\runtime\scriptrunner\script_runner.py", line 705, in _run_script
    ) = exec_func_with_error_handling(code_to_exec, ctx)
  File "C:\Users\A0496749\AppData\Local\Programs\Python\Python312\Lib\site-packages\streamlit\runtime\scriptrunner\exec_code.py", line 129, in exec_func_with_error_handling
    result = func()
  File "C:\Users\A0496749\AppData\Local\Programs\Python\Python312\Lib\site-packages\streamlit\runtime\scriptrunner\script_runner.py", line 689, in code_to_exec
    exec(code, module.__dict__)  # noqa: S102
  File "C:\Capstone_Project\app.py", line 1642, in <module>
    main()
  File "C:\Capstone_Project\app.py", line 1635, in main
    with tab2: tab_eda(df)
  File "C:\Capstone_Project\app.py", line 466, in tab_eda
    view = st.radio("", EDA_VIEWS, key="eda_nav", label_visibility="collapsed")
  File "C:\Users\A0496749\AppData\Local\Programs\Python\Python312\Lib\site-packages\streamlit\runtime\metrics_util.py", line 532, in wrapped_func
    result = non_optional_func(*args, **kwargs)
  File "C:\Users\A0496749\AppData\Local\Programs\Python\Python312\Lib\site-packages\streamlit\elements\widgets\radio.py", line 402, in radio
    return self._radio(
  File "C:\Users\A0496749\AppData\Local\Programs\Python\Python312\Lib\site-packages\streamlit\elements\widgets\radio.py", line 449, in _radio
    maybe_raise_label_warnings(label, label_visibility)
  File "C:\Users\A0496749\AppData\Local\Programs\Python\Python312\Lib\site-packages\streamlit\elements\lib\policies.py", line 187, in maybe_raise_label_warnings
    _LOGGER.warning(
2026-03-26 21:30:44.005 Please replace `use_container_width` with `width`.

`use_container_width` will be removed after 2025-12-31.

For `use_container_width=True`, use `width='stretch'`. For `use_container_width=False`, use `width='content'`.
2026-03-26 21:30:44.043 Please replace `use_container_width` with `width`.

`use_container_width` will be removed after 2025-12-31.

For `use_container_width=True`, use `width='stretch'`. For `use_container_width=False`, use `width='content'`.
2026-03-26 21:30:44.051 Please replace `use_container_width` with `width`.

`use_container_width` will be removed after 2025-12-31.

For `use_container_width=True`, use `width='stretch'`. For `use_container_width=False`, use `width='content'`.
2026-03-26 21:30:44.082 Please replace `use_container_width` with `width`.

`use_container_width` will be removed after 2025-12-31.

For `use_container_width=True`, use `width='stretch'`. For `use_container_width=False`, use `width='content'`.
2026-03-26 21:30:44.099 Please replace `use_container_width` with `width`.

`use_container_width` will be removed after 2025-12-31.

For `use_container_width=True`, use `width='stretch'`. For `use_container_width=False`, use `width='content'`.
2026-03-26 21:30:48.477 Please replace `use_container_width` with `width`.

`use_container_width` will be removed after 2025-12-31.

For `use_container_width=True`, use `width='stretch'`. For `use_container_width=False`, use `width='content'`.
2026-03-26 21:30:48.483 Please replace `use_container_width` with `width`.

`use_container_width` will be removed after 2025-12-31.

For `use_container_width=True`, use `width='stretch'`. For `use_container_width=False`, use `width='content'`.
2026-03-26 21:30:48.501 `label` got an empty value. This is discouraged for accessibility reasons and may be disallowed in the future by raising an exception. Please provide a non-empty label and hide it with label_visibility if needed.
Stack (most recent call last):
  File "C:\Users\A0496749\AppData\Local\Programs\Python\Python312\Lib\threading.py", line 1032, in _bootstrap
    self._bootstrap_inner()
  File "C:\Users\A0496749\AppData\Local\Programs\Python\Python312\Lib\threading.py", line 1075, in _bootstrap_inner
    self.run()
  File "C:\Users\A0496749\AppData\Local\Programs\Python\Python312\Lib\threading.py", line 1012, in run
    self._target(*self._args, **self._kwargs)
  File "C:\Users\A0496749\AppData\Local\Programs\Python\Python312\Lib\site-packages\streamlit\runtime\scriptrunner\script_runner.py", line 379, in _run_script_thread
    self._run_script(request.rerun_data)
  File "C:\Users\A0496749\AppData\Local\Programs\Python\Python312\Lib\site-packages\streamlit\runtime\scriptrunner\script_runner.py", line 705, in _run_script
    ) = exec_func_with_error_handling(code_to_exec, ctx)
  File "C:\Users\A0496749\AppData\Local\Programs\Python\Python312\Lib\site-packages\streamlit\runtime\scriptrunner\exec_code.py", line 129, in exec_func_with_error_handling
    result = func()
  File "C:\Users\A0496749\AppData\Local\Programs\Python\Python312\Lib\site-packages\streamlit\runtime\scriptrunner\script_runner.py", line 689, in code_to_exec
    exec(code, module.__dict__)  # noqa: S102
  File "C:\Capstone_Project\app.py", line 1642, in <module>
    main()
  File "C:\Capstone_Project\app.py", line 1635, in main
    with tab2: tab_eda(df)
  File "C:\Capstone_Project\app.py", line 466, in tab_eda
    view = st.radio("", EDA_VIEWS, key="eda_nav", label_visibility="collapsed")
  File "C:\Users\A0496749\AppData\Local\Programs\Python\Python312\Lib\site-packages\streamlit\runtime\metrics_util.py", line 532, in wrapped_func
    result = non_optional_func(*args, **kwargs)
  File "C:\Users\A0496749\AppData\Local\Programs\Python\Python312\Lib\site-packages\streamlit\elements\widgets\radio.py", line 402, in radio
    return self._radio(
  File "C:\Users\A0496749\AppData\Local\Programs\Python\Python312\Lib\site-packages\streamlit\elements\widgets\radio.py", line 449, in _radio
    maybe_raise_label_warnings(label, label_visibility)
  File "C:\Users\A0496749\AppData\Local\Programs\Python\Python312\Lib\site-packages\streamlit\elements\lib\policies.py", line 187, in maybe_raise_label_warnings
    _LOGGER.warning(
2026-03-26 21:30:48.536 Please replace `use_container_width` with `width`.

`use_container_width` will be removed after 2025-12-31.

For `use_container_width=True`, use `width='stretch'`. For `use_container_width=False`, use `width='content'`.
2026-03-26 21:30:48.560 Please replace `use_container_width` with `width`.

`use_container_width` will be removed after 2025-12-31.

For `use_container_width=True`, use `width='stretch'`. For `use_container_width=False`, use `width='content'`.
2026-03-26 21:30:48.566 Please replace `use_container_width` with `width`.

`use_container_width` will be removed after 2025-12-31.

For `use_container_width=True`, use `width='stretch'`. For `use_container_width=False`, use `width='content'`.
2026-03-26 21:30:48.585 Please replace `use_container_width` with `width`.

`use_container_width` will be removed after 2025-12-31.

For `use_container_width=True`, use `width='stretch'`. For `use_container_width=False`, use `width='content'`.
2026-03-26 21:30:48.616 Please replace `use_container_width` with `width`.

`use_container_width` will be removed after 2025-12-31.

For `use_container_width=True`, use `width='stretch'`. For `use_container_width=False`, use `width='content'`.
2026-03-26 21:30:51.435 Please replace `use_container_width` with `width`.

`use_container_width` will be removed after 2025-12-31.

For `use_container_width=True`, use `width='stretch'`. For `use_container_width=False`, use `width='content'`.
2026-03-26 21:30:51.448 Please replace `use_container_width` with `width`.

`use_container_width` will be removed after 2025-12-31.

For `use_container_width=True`, use `width='stretch'`. For `use_container_width=False`, use `width='content'`.
2026-03-26 21:30:51.470 `label` got an empty value. This is discouraged for accessibility reasons and may be disallowed in the future by raising an exception. Please provide a non-empty label and hide it with label_visibility if needed.
Stack (most recent call last):
  File "C:\Users\A0496749\AppData\Local\Programs\Python\Python312\Lib\threading.py", line 1032, in _bootstrap
    self._bootstrap_inner()
  File "C:\Users\A0496749\AppData\Local\Programs\Python\Python312\Lib\threading.py", line 1075, in _bootstrap_inner
    self.run()
  File "C:\Users\A0496749\AppData\Local\Programs\Python\Python312\Lib\threading.py", line 1012, in run
    self._target(*self._args, **self._kwargs)
  File "C:\Users\A0496749\AppData\Local\Programs\Python\Python312\Lib\site-packages\streamlit\runtime\scriptrunner\script_runner.py", line 379, in _run_script_thread
    self._run_script(request.rerun_data)
  File "C:\Users\A0496749\AppData\Local\Programs\Python\Python312\Lib\site-packages\streamlit\runtime\scriptrunner\script_runner.py", line 705, in _run_script
    ) = exec_func_with_error_handling(code_to_exec, ctx)
  File "C:\Users\A0496749\AppData\Local\Programs\Python\Python312\Lib\site-packages\streamlit\runtime\scriptrunner\exec_code.py", line 129, in exec_func_with_error_handling
    result = func()
  File "C:\Users\A0496749\AppData\Local\Programs\Python\Python312\Lib\site-packages\streamlit\runtime\scriptrunner\script_runner.py", line 689, in code_to_exec
    exec(code, module.__dict__)  # noqa: S102
  File "C:\Capstone_Project\app.py", line 1642, in <module>
    main()
  File "C:\Capstone_Project\app.py", line 1635, in main
    with tab2: tab_eda(df)
  File "C:\Capstone_Project\app.py", line 466, in tab_eda
    view = st.radio("", EDA_VIEWS, key="eda_nav", label_visibility="collapsed")
  File "C:\Users\A0496749\AppData\Local\Programs\Python\Python312\Lib\site-packages\streamlit\runtime\metrics_util.py", line 532, in wrapped_func
    result = non_optional_func(*args, **kwargs)
  File "C:\Users\A0496749\AppData\Local\Programs\Python\Python312\Lib\site-packages\streamlit\elements\widgets\radio.py", line 402, in radio
    return self._radio(
  File "C:\Users\A0496749\AppData\Local\Programs\Python\Python312\Lib\site-packages\streamlit\elements\widgets\radio.py", line 449, in _radio
    maybe_raise_label_warnings(label, label_visibility)
  File "C:\Users\A0496749\AppData\Local\Programs\Python\Python312\Lib\site-packages\streamlit\elements\lib\policies.py", line 187, in maybe_raise_label_warnings
    _LOGGER.warning(
2026-03-26 21:30:51.485 Please replace `use_container_width` with `width`.

`use_container_width` will be removed after 2025-12-31.

For `use_container_width=True`, use `width='stretch'`. For `use_container_width=False`, use `width='content'`.
2026-03-26 21:30:51.501 Please replace `use_container_width` with `width`.

`use_container_width` will be removed after 2025-12-31.

For `use_container_width=True`, use `width='stretch'`. For `use_container_width=False`, use `width='content'`.
2026-03-26 21:30:51.516 Please replace `use_container_width` with `width`.

`use_container_width` will be removed after 2025-12-31.

For `use_container_width=True`, use `width='stretch'`. For `use_container_width=False`, use `width='content'`.
2026-03-26 21:30:51.538 Please replace `use_container_width` with `width`.

`use_container_width` will be removed after 2025-12-31.

For `use_container_width=True`, use `width='stretch'`. For `use_container_width=False`, use `width='content'`.
2026-03-26 21:30:51.547 Please replace `use_container_width` with `width`.

`use_container_width` will be removed after 2025-12-31.

For `use_container_width=True`, use `width='stretch'`. For `use_container_width=False`, use `width='content'`.
2026-03-26 21:31:01.418 Please replace `use_container_width` with `width`.

`use_container_width` will be removed after 2025-12-31.

For `use_container_width=True`, use `width='stretch'`. For `use_container_width=False`, use `width='content'`.
2026-03-26 21:31:01.424 Please replace `use_container_width` with `width`.

`use_container_width` will be removed after 2025-12-31.

For `use_container_width=True`, use `width='stretch'`. For `use_container_width=False`, use `width='content'`.
2026-03-26 21:31:01.449 `label` got an empty value. This is discouraged for accessibility reasons and may be disallowed in the future by raising an exception. Please provide a non-empty label and hide it with label_visibility if needed.
Stack (most recent call last):
  File "C:\Users\A0496749\AppData\Local\Programs\Python\Python312\Lib\threading.py", line 1032, in _bootstrap
    self._bootstrap_inner()
  File "C:\Users\A0496749\AppData\Local\Programs\Python\Python312\Lib\threading.py", line 1075, in _bootstrap_inner
    self.run()
  File "C:\Users\A0496749\AppData\Local\Programs\Python\Python312\Lib\threading.py", line 1012, in run
    self._target(*self._args, **self._kwargs)
  File "C:\Users\A0496749\AppData\Local\Programs\Python\Python312\Lib\site-packages\streamlit\runtime\scriptrunner\script_runner.py", line 379, in _run_script_thread
    self._run_script(request.rerun_data)
  File "C:\Users\A0496749\AppData\Local\Programs\Python\Python312\Lib\site-packages\streamlit\runtime\scriptrunner\script_runner.py", line 705, in _run_script
    ) = exec_func_with_error_handling(code_to_exec, ctx)
  File "C:\Users\A0496749\AppData\Local\Programs\Python\Python312\Lib\site-packages\streamlit\runtime\scriptrunner\exec_code.py", line 129, in exec_func_with_error_handling
    result = func()
  File "C:\Users\A0496749\AppData\Local\Programs\Python\Python312\Lib\site-packages\streamlit\runtime\scriptrunner\script_runner.py", line 689, in code_to_exec
    exec(code, module.__dict__)  # noqa: S102
  File "C:\Capstone_Project\app.py", line 1642, in <module>
    main()
  File "C:\Capstone_Project\app.py", line 1635, in main
    with tab2: tab_eda(df)
  File "C:\Capstone_Project\app.py", line 466, in tab_eda
    view = st.radio("", EDA_VIEWS, key="eda_nav", label_visibility="collapsed")
  File "C:\Users\A0496749\AppData\Local\Programs\Python\Python312\Lib\site-packages\streamlit\runtime\metrics_util.py", line 532, in wrapped_func
    result = non_optional_func(*args, **kwargs)
  File "C:\Users\A0496749\AppData\Local\Programs\Python\Python312\Lib\site-packages\streamlit\elements\widgets\radio.py", line 402, in radio
    return self._radio(
  File "C:\Users\A0496749\AppData\Local\Programs\Python\Python312\Lib\site-packages\streamlit\elements\widgets\radio.py", line 449, in _radio
    maybe_raise_label_warnings(label, label_visibility)
  File "C:\Users\A0496749\AppData\Local\Programs\Python\Python312\Lib\site-packages\streamlit\elements\lib\policies.py", line 187, in maybe_raise_label_warnings
    _LOGGER.warning(
2026-03-26 21:31:01.463 Please replace `use_container_width` with `width`.

`use_container_width` will be removed after 2025-12-31.

For `use_container_width=True`, use `width='stretch'`. For `use_container_width=False`, use `width='content'`.
2026-03-26 21:31:01.483 Please replace `use_container_width` with `width`.

`use_container_width` will be removed after 2025-12-31.

For `use_container_width=True`, use `width='stretch'`. For `use_container_width=False`, use `width='content'`.
2026-03-26 21:31:01.505 Please replace `use_container_width` with `width`.

`use_container_width` will be removed after 2025-12-31.

For `use_container_width=True`, use `width='stretch'`. For `use_container_width=False`, use `width='content'`.
2026-03-26 21:31:01.534 Please replace `use_container_width` with `width`.

`use_container_width` will be removed after 2025-12-31.

For `use_container_width=True`, use `width='stretch'`. For `use_container_width=False`, use `width='content'`.
2026-03-26 21:31:01.547 Please replace `use_container_width` with `width`.

`use_container_width` will be removed after 2025-12-31.

For `use_container_width=True`, use `width='stretch'`. For `use_container_width=False`, use `width='content'`.
2026-03-26 21:51:06.829 Please replace `use_container_width` with `width`.

`use_container_width` will be removed after 2025-12-31.

For `use_container_width=True`, use `width='stretch'`. For `use_container_width=False`, use `width='content'`.
2026-03-26 21:51:06.837 Please replace `use_container_width` with `width`.

`use_container_width` will be removed after 2025-12-31.

For `use_container_width=True`, use `width='stretch'`. For `use_container_width=False`, use `width='content'`.
2026-03-26 21:51:06.859 `label` got an empty value. This is discouraged for accessibility reasons and may be disallowed in the future by raising an exception. Please provide a non-empty label and hide it with label_visibility if needed.
Stack (most recent call last):
  File "C:\Users\A0496749\AppData\Local\Programs\Python\Python312\Lib\threading.py", line 1032, in _bootstrap
    self._bootstrap_inner()
  File "C:\Users\A0496749\AppData\Local\Programs\Python\Python312\Lib\threading.py", line 1075, in _bootstrap_inner
    self.run()
  File "C:\Users\A0496749\AppData\Local\Programs\Python\Python312\Lib\threading.py", line 1012, in run
    self._target(*self._args, **self._kwargs)
  File "C:\Users\A0496749\AppData\Local\Programs\Python\Python312\Lib\site-packages\streamlit\runtime\scriptrunner\script_runner.py", line 379, in _run_script_thread
    self._run_script(request.rerun_data)
  File "C:\Users\A0496749\AppData\Local\Programs\Python\Python312\Lib\site-packages\streamlit\runtime\scriptrunner\script_runner.py", line 705, in _run_script
    ) = exec_func_with_error_handling(code_to_exec, ctx)
  File "C:\Users\A0496749\AppData\Local\Programs\Python\Python312\Lib\site-packages\streamlit\runtime\scriptrunner\exec_code.py", line 129, in exec_func_with_error_handling
    result = func()
  File "C:\Users\A0496749\AppData\Local\Programs\Python\Python312\Lib\site-packages\streamlit\runtime\scriptrunner\script_runner.py", line 689, in code_to_exec
    exec(code, module.__dict__)  # noqa: S102
  File "C:\Capstone_Project\app.py", line 1642, in <module>
    main()
  File "C:\Capstone_Project\app.py", line 1635, in main
    with tab2: tab_eda(df)
  File "C:\Capstone_Project\app.py", line 466, in tab_eda
    view = st.radio("", EDA_VIEWS, key="eda_nav", label_visibility="collapsed")
  File "C:\Users\A0496749\AppData\Local\Programs\Python\Python312\Lib\site-packages\streamlit\runtime\metrics_util.py", line 532, in wrapped_func
    result = non_optional_func(*args, **kwargs)
  File "C:\Users\A0496749\AppData\Local\Programs\Python\Python312\Lib\site-packages\streamlit\elements\widgets\radio.py", line 402, in radio
    return self._radio(
  File "C:\Users\A0496749\AppData\Local\Programs\Python\Python312\Lib\site-packages\streamlit\elements\widgets\radio.py", line 449, in _radio
    maybe_raise_label_warnings(label, label_visibility)
  File "C:\Users\A0496749\AppData\Local\Programs\Python\Python312\Lib\site-packages\streamlit\elements\lib\policies.py", line 187, in maybe_raise_label_warnings
    _LOGGER.warning(
2026-03-26 21:51:06.876 Please replace `use_container_width` with `width`.

`use_container_width` will be removed after 2025-12-31.

For `use_container_width=True`, use `width='stretch'`. For `use_container_width=False`, use `width='content'`.
2026-03-26 21:51:06.909 Please replace `use_container_width` with `width`.

`use_container_width` will be removed after 2025-12-31.

For `use_container_width=True`, use `width='stretch'`. For `use_container_width=False`, use `width='content'`.
2026-03-26 21:51:06.924 Please replace `use_container_width` with `width`.

`use_container_width` will be removed after 2025-12-31.

For `use_container_width=True`, use `width='stretch'`. For `use_container_width=False`, use `width='content'`.
2026-03-26 21:51:06.953 Please replace `use_container_width` with `width`.

`use_container_width` will be removed after 2025-12-31.

For `use_container_width=True`, use `width='stretch'`. For `use_container_width=False`, use `width='content'`.
2026-03-26 21:51:06.972 Please replace `use_container_width` with `width`.

`use_container_width` will be removed after 2025-12-31.

For `use_container_width=True`, use `width='stretch'`. For `use_container_width=False`, use `width='content'`.
2026-03-26 21:51:10.658 Please replace `use_container_width` with `width`.

`use_container_width` will be removed after 2025-12-31.

For `use_container_width=True`, use `width='stretch'`. For `use_container_width=False`, use `width='content'`.
2026-03-26 21:51:10.659 Please replace `use_container_width` with `width`.

`use_container_width` will be removed after 2025-12-31.

For `use_container_width=True`, use `width='stretch'`. For `use_container_width=False`, use `width='content'`.
2026-03-26 21:51:10.692 `label` got an empty value. This is discouraged for accessibility reasons and may be disallowed in the future by raising an exception. Please provide a non-empty label and hide it with label_visibility if needed.
Stack (most recent call last):
  File "C:\Users\A0496749\AppData\Local\Programs\Python\Python312\Lib\threading.py", line 1032, in _bootstrap
    self._bootstrap_inner()
  File "C:\Users\A0496749\AppData\Local\Programs\Python\Python312\Lib\threading.py", line 1075, in _bootstrap_inner
    self.run()
  File "C:\Users\A0496749\AppData\Local\Programs\Python\Python312\Lib\threading.py", line 1012, in run
    self._target(*self._args, **self._kwargs)
  File "C:\Users\A0496749\AppData\Local\Programs\Python\Python312\Lib\site-packages\streamlit\runtime\scriptrunner\script_runner.py", line 379, in _run_script_thread
    self._run_script(request.rerun_data)
  File "C:\Users\A0496749\AppData\Local\Programs\Python\Python312\Lib\site-packages\streamlit\runtime\scriptrunner\script_runner.py", line 705, in _run_script
    ) = exec_func_with_error_handling(code_to_exec, ctx)
  File "C:\Users\A0496749\AppData\Local\Programs\Python\Python312\Lib\site-packages\streamlit\runtime\scriptrunner\exec_code.py", line 129, in exec_func_with_error_handling
    result = func()
  File "C:\Users\A0496749\AppData\Local\Programs\Python\Python312\Lib\site-packages\streamlit\runtime\scriptrunner\script_runner.py", line 689, in code_to_exec
    exec(code, module.__dict__)  # noqa: S102
  File "C:\Capstone_Project\app.py", line 1642, in <module>
    main()
  File "C:\Capstone_Project\app.py", line 1635, in main
    with tab2: tab_eda(df)
  File "C:\Capstone_Project\app.py", line 466, in tab_eda
    view = st.radio("", EDA_VIEWS, key="eda_nav", label_visibility="collapsed")
  File "C:\Users\A0496749\AppData\Local\Programs\Python\Python312\Lib\site-packages\streamlit\runtime\metrics_util.py", line 532, in wrapped_func
    result = non_optional_func(*args, **kwargs)
  File "C:\Users\A0496749\AppData\Local\Programs\Python\Python312\Lib\site-packages\streamlit\elements\widgets\radio.py", line 402, in radio
    return self._radio(
  File "C:\Users\A0496749\AppData\Local\Programs\Python\Python312\Lib\site-packages\streamlit\elements\widgets\radio.py", line 449, in _radio
    maybe_raise_label_warnings(label, label_visibility)
  File "C:\Users\A0496749\AppData\Local\Programs\Python\Python312\Lib\site-packages\streamlit\elements\lib\policies.py", line 187, in maybe_raise_label_warnings
    _LOGGER.warning(
2026-03-26 21:51:10.721 Please replace `use_container_width` with `width`.

`use_container_width` will be removed after 2025-12-31.

For `use_container_width=True`, use `width='stretch'`. For `use_container_width=False`, use `width='content'`.
2026-03-26 21:51:10.754 Please replace `use_container_width` with `width`.

`use_container_width` will be removed after 2025-12-31.

For `use_container_width=True`, use `width='stretch'`. For `use_container_width=False`, use `width='content'`.
2026-03-26 21:51:10.775 Please replace `use_container_width` with `width`.

`use_container_width` will be removed after 2025-12-31.

For `use_container_width=True`, use `width='stretch'`. For `use_container_width=False`, use `width='content'`.
2026-03-26 21:51:10.786 Please replace `use_container_width` with `width`.

`use_container_width` will be removed after 2025-12-31.

For `use_container_width=True`, use `width='stretch'`. For `use_container_width=False`, use `width='content'`.
2026-03-26 21:51:10.817 Please replace `use_container_width` with `width`.

`use_container_width` will be removed after 2025-12-31.

For `use_container_width=True`, use `width='stretch'`. For `use_container_width=False`, use `width='content'`.
2026-03-26 21:51:10.831 Please replace `use_container_width` with `width`.

`use_container_width` will be removed after 2025-12-31.

For `use_container_width=True`, use `width='stretch'`. For `use_container_width=False`, use `width='content'`.
2026-03-26 21:51:18.289 Please replace `use_container_width` with `width`.

`use_container_width` will be removed after 2025-12-31.

For `use_container_width=True`, use `width='stretch'`. For `use_container_width=False`, use `width='content'`.
2026-03-26 21:51:18.289 Please replace `use_container_width` with `width`.

`use_container_width` will be removed after 2025-12-31.

For `use_container_width=True`, use `width='stretch'`. For `use_container_width=False`, use `width='content'`.
2026-03-26 21:51:18.322 `label` got an empty value. This is discouraged for accessibility reasons and may be disallowed in the future by raising an exception. Please provide a non-empty label and hide it with label_visibility if needed.
Stack (most recent call last):
  File "C:\Users\A0496749\AppData\Local\Programs\Python\Python312\Lib\threading.py", line 1032, in _bootstrap
    self._bootstrap_inner()
  File "C:\Users\A0496749\AppData\Local\Programs\Python\Python312\Lib\threading.py", line 1075, in _bootstrap_inner
    self.run()
  File "C:\Users\A0496749\AppData\Local\Programs\Python\Python312\Lib\threading.py", line 1012, in run
    self._target(*self._args, **self._kwargs)
  File "C:\Users\A0496749\AppData\Local\Programs\Python\Python312\Lib\site-packages\streamlit\runtime\scriptrunner\script_runner.py", line 379, in _run_script_thread
    self._run_script(request.rerun_data)
  File "C:\Users\A0496749\AppData\Local\Programs\Python\Python312\Lib\site-packages\streamlit\runtime\scriptrunner\script_runner.py", line 705, in _run_script
    ) = exec_func_with_error_handling(code_to_exec, ctx)
  File "C:\Users\A0496749\AppData\Local\Programs\Python\Python312\Lib\site-packages\streamlit\runtime\scriptrunner\exec_code.py", line 129, in exec_func_with_error_handling
    result = func()
  File "C:\Users\A0496749\AppData\Local\Programs\Python\Python312\Lib\site-packages\streamlit\runtime\scriptrunner\script_runner.py", line 689, in code_to_exec
    exec(code, module.__dict__)  # noqa: S102
  File "C:\Capstone_Project\app.py", line 1642, in <module>
    main()
  File "C:\Capstone_Project\app.py", line 1635, in main
    with tab2: tab_eda(df)
  File "C:\Capstone_Project\app.py", line 466, in tab_eda
    view = st.radio("", EDA_VIEWS, key="eda_nav", label_visibility="collapsed")
  File "C:\Users\A0496749\AppData\Local\Programs\Python\Python312\Lib\site-packages\streamlit\runtime\metrics_util.py", line 532, in wrapped_func
    result = non_optional_func(*args, **kwargs)
  File "C:\Users\A0496749\AppData\Local\Programs\Python\Python312\Lib\site-packages\streamlit\elements\widgets\radio.py", line 402, in radio
    return self._radio(
  File "C:\Users\A0496749\AppData\Local\Programs\Python\Python312\Lib\site-packages\streamlit\elements\widgets\radio.py", line 449, in _radio
    maybe_raise_label_warnings(label, label_visibility)
  File "C:\Users\A0496749\AppData\Local\Programs\Python\Python312\Lib\site-packages\streamlit\elements\lib\policies.py", line 187, in maybe_raise_label_warnings
    _LOGGER.warning(
2026-03-26 21:51:18.323 Please replace `use_container_width` with `width`.

`use_container_width` will be removed after 2025-12-31.

For `use_container_width=True`, use `width='stretch'`. For `use_container_width=False`, use `width='content'`.
2026-03-26 21:51:18.356 Please replace `use_container_width` with `width`.

`use_container_width` will be removed after 2025-12-31.

For `use_container_width=True`, use `width='stretch'`. For `use_container_width=False`, use `width='content'`.
2026-03-26 21:51:18.374 Please replace `use_container_width` with `width`.

`use_container_width` will be removed after 2025-12-31.

For `use_container_width=True`, use `width='stretch'`. For `use_container_width=False`, use `width='content'`.
2026-03-26 21:51:18.393 Please replace `use_container_width` with `width`.

`use_container_width` will be removed after 2025-12-31.

For `use_container_width=True`, use `width='stretch'`. For `use_container_width=False`, use `width='content'`.
2026-03-26 21:51:18.412 Please replace `use_container_width` with `width`.

`use_container_width` will be removed after 2025-12-31.

For `use_container_width=True`, use `width='stretch'`. For `use_container_width=False`, use `width='content'`.
2026-03-26 21:59:49.414 Please replace `use_container_width` with `width`.

`use_container_width` will be removed after 2025-12-31.

For `use_container_width=True`, use `width='stretch'`. For `use_container_width=False`, use `width='content'`.
2026-03-26 21:59:49.419 Please replace `use_container_width` with `width`.

`use_container_width` will be removed after 2025-12-31.

For `use_container_width=True`, use `width='stretch'`. For `use_container_width=False`, use `width='content'`.
2026-03-26 21:59:49.442 `label` got an empty value. This is discouraged for accessibility reasons and may be disallowed in the future by raising an exception. Please provide a non-empty label and hide it with label_visibility if needed.
Stack (most recent call last):
  File "C:\Users\A0496749\AppData\Local\Programs\Python\Python312\Lib\threading.py", line 1032, in _bootstrap
    self._bootstrap_inner()
  File "C:\Users\A0496749\AppData\Local\Programs\Python\Python312\Lib\threading.py", line 1075, in _bootstrap_inner
    self.run()
  File "C:\Users\A0496749\AppData\Local\Programs\Python\Python312\Lib\threading.py", line 1012, in run
    self._target(*self._args, **self._kwargs)
  File "C:\Users\A0496749\AppData\Local\Programs\Python\Python312\Lib\site-packages\streamlit\runtime\scriptrunner\script_runner.py", line 379, in _run_script_thread
    self._run_script(request.rerun_data)
  File "C:\Users\A0496749\AppData\Local\Programs\Python\Python312\Lib\site-packages\streamlit\runtime\scriptrunner\script_runner.py", line 705, in _run_script
    ) = exec_func_with_error_handling(code_to_exec, ctx)
  File "C:\Users\A0496749\AppData\Local\Programs\Python\Python312\Lib\site-packages\streamlit\runtime\scriptrunner\exec_code.py", line 129, in exec_func_with_error_handling
    result = func()
  File "C:\Users\A0496749\AppData\Local\Programs\Python\Python312\Lib\site-packages\streamlit\runtime\scriptrunner\script_runner.py", line 689, in code_to_exec
    exec(code, module.__dict__)  # noqa: S102
  File "C:\Capstone_Project\app.py", line 1643, in <module>
    main()
  File "C:\Capstone_Project\app.py", line 1636, in main
    with tab2: tab_eda(df)
  File "C:\Capstone_Project\app.py", line 466, in tab_eda
    view = st.radio("", EDA_VIEWS, key="eda_nav", label_visibility="collapsed")
  File "C:\Users\A0496749\AppData\Local\Programs\Python\Python312\Lib\site-packages\streamlit\runtime\metrics_util.py", line 532, in wrapped_func
    result = non_optional_func(*args, **kwargs)
  File "C:\Users\A0496749\AppData\Local\Programs\Python\Python312\Lib\site-packages\streamlit\elements\widgets\radio.py", line 402, in radio
    return self._radio(
  File "C:\Users\A0496749\AppData\Local\Programs\Python\Python312\Lib\site-packages\streamlit\elements\widgets\radio.py", line 449, in _radio
    maybe_raise_label_warnings(label, label_visibility)
  File "C:\Users\A0496749\AppData\Local\Programs\Python\Python312\Lib\site-packages\streamlit\elements\lib\policies.py", line 187, in maybe_raise_label_warnings
    _LOGGER.warning(
2026-03-26 21:59:49.480 Please replace `use_container_width` with `width`.

`use_container_width` will be removed after 2025-12-31.

For `use_container_width=True`, use `width='stretch'`. For `use_container_width=False`, use `width='content'`.
2026-03-26 21:59:49.519 Please replace `use_container_width` with `width`.

`use_container_width` will be removed after 2025-12-31.

For `use_container_width=True`, use `width='stretch'`. For `use_container_width=False`, use `width='content'`.
2026-03-26 21:59:49.532 Please replace `use_container_width` with `width`.

`use_container_width` will be removed after 2025-12-31.

For `use_container_width=True`, use `width='stretch'`. For `use_container_width=False`, use `width='content'`.
2026-03-26 21:59:49.559 Please replace `use_container_width` with `width`.

`use_container_width` will be removed after 2025-12-31.

For `use_container_width=True`, use `width='stretch'`. For `use_container_width=False`, use `width='content'`.
2026-03-26 21:59:49.572 Please replace `use_container_width` with `width`.

`use_container_width` will be removed after 2025-12-31.

For `use_container_width=True`, use `width='stretch'`. For `use_container_width=False`, use `width='content'`.
2026-03-26 21:59:58.341 Please replace `use_container_width` with `width`.

`use_container_width` will be removed after 2025-12-31.

For `use_container_width=True`, use `width='stretch'`. For `use_container_width=False`, use `width='content'`.
2026-03-26 21:59:58.348 Please replace `use_container_width` with `width`.

`use_container_width` will be removed after 2025-12-31.

For `use_container_width=True`, use `width='stretch'`. For `use_container_width=False`, use `width='content'`.
2026-03-26 21:59:58.373 `label` got an empty value. This is discouraged for accessibility reasons and may be disallowed in the future by raising an exception. Please provide a non-empty label and hide it with label_visibility if needed.
Stack (most recent call last):
  File "C:\Users\A0496749\AppData\Local\Programs\Python\Python312\Lib\threading.py", line 1032, in _bootstrap
    self._bootstrap_inner()
  File "C:\Users\A0496749\AppData\Local\Programs\Python\Python312\Lib\threading.py", line 1075, in _bootstrap_inner
    self.run()
  File "C:\Users\A0496749\AppData\Local\Programs\Python\Python312\Lib\threading.py", line 1012, in run
    self._target(*self._args, **self._kwargs)
  File "C:\Users\A0496749\AppData\Local\Programs\Python\Python312\Lib\site-packages\streamlit\runtime\scriptrunner\script_runner.py", line 379, in _run_script_thread
    self._run_script(request.rerun_data)
  File "C:\Users\A0496749\AppData\Local\Programs\Python\Python312\Lib\site-packages\streamlit\runtime\scriptrunner\script_runner.py", line 705, in _run_script
    ) = exec_func_with_error_handling(code_to_exec, ctx)
  File "C:\Users\A0496749\AppData\Local\Programs\Python\Python312\Lib\site-packages\streamlit\runtime\scriptrunner\exec_code.py", line 129, in exec_func_with_error_handling
    result = func()
  File "C:\Users\A0496749\AppData\Local\Programs\Python\Python312\Lib\site-packages\streamlit\runtime\scriptrunner\script_runner.py", line 689, in code_to_exec
    exec(code, module.__dict__)  # noqa: S102
  File "C:\Capstone_Project\app.py", line 1643, in <module>
    main()
  File "C:\Capstone_Project\app.py", line 1636, in main
    with tab2: tab_eda(df)
  File "C:\Capstone_Project\app.py", line 466, in tab_eda
    view = st.radio("", EDA_VIEWS, key="eda_nav", label_visibility="collapsed")
  File "C:\Users\A0496749\AppData\Local\Programs\Python\Python312\Lib\site-packages\streamlit\runtime\metrics_util.py", line 532, in wrapped_func
    result = non_optional_func(*args, **kwargs)
  File "C:\Users\A0496749\AppData\Local\Programs\Python\Python312\Lib\site-packages\streamlit\elements\widgets\radio.py", line 402, in radio
    return self._radio(
  File "C:\Users\A0496749\AppData\Local\Programs\Python\Python312\Lib\site-packages\streamlit\elements\widgets\radio.py", line 449, in _radio
    maybe_raise_label_warnings(label, label_visibility)
  File "C:\Users\A0496749\AppData\Local\Programs\Python\Python312\Lib\site-packages\streamlit\elements\lib\policies.py", line 187, in maybe_raise_label_warnings
    _LOGGER.warning(
2026-03-26 21:59:58.471 Please replace `use_container_width` with `width`.

`use_container_width` will be removed after 2025-12-31.

For `use_container_width=True`, use `width='stretch'`. For `use_container_width=False`, use `width='content'`.
2026-03-26 21:59:58.498 Please replace `use_container_width` with `width`.

`use_container_width` will be removed after 2025-12-31.

For `use_container_width=True`, use `width='stretch'`. For `use_container_width=False`, use `width='content'`.
2026-03-26 21:59:58.520 Please replace `use_container_width` with `width`.

`use_container_width` will be removed after 2025-12-31.

For `use_container_width=True`, use `width='stretch'`. For `use_container_width=False`, use `width='content'`.
2026-03-26 21:59:58.528 Please replace `use_container_width` with `width`.

`use_container_width` will be removed after 2025-12-31.

For `use_container_width=True`, use `width='stretch'`. For `use_container_width=False`, use `width='content'`.
2026-03-26 21:59:58.546 Please replace `use_container_width` with `width`.

`use_container_width` will be removed after 2025-12-31.

For `use_container_width=True`, use `width='stretch'`. For `use_container_width=False`, use `width='content'`.
2026-03-26 21:59:58.558 Please replace `use_container_width` with `width`.

`use_container_width` will be removed after 2025-12-31.

For `use_container_width=True`, use `width='stretch'`. For `use_container_width=False`, use `width='content'`.
2026-03-26 22:00:02.969 Please replace `use_container_width` with `width`.

`use_container_width` will be removed after 2025-12-31.

For `use_container_width=True`, use `width='stretch'`. For `use_container_width=False`, use `width='content'`.
2026-03-26 22:00:02.976 Please replace `use_container_width` with `width`.

`use_container_width` will be removed after 2025-12-31.

For `use_container_width=True`, use `width='stretch'`. For `use_container_width=False`, use `width='content'`.
2026-03-26 22:00:03.002 `label` got an empty value. This is discouraged for accessibility reasons and may be disallowed in the future by raising an exception. Please provide a non-empty label and hide it with label_visibility if needed.
Stack (most recent call last):
  File "C:\Users\A0496749\AppData\Local\Programs\Python\Python312\Lib\threading.py", line 1032, in _bootstrap
    self._bootstrap_inner()
  File "C:\Users\A0496749\AppData\Local\Programs\Python\Python312\Lib\threading.py", line 1075, in _bootstrap_inner
    self.run()
  File "C:\Users\A0496749\AppData\Local\Programs\Python\Python312\Lib\threading.py", line 1012, in run
    self._target(*self._args, **self._kwargs)
  File "C:\Users\A0496749\AppData\Local\Programs\Python\Python312\Lib\site-packages\streamlit\runtime\scriptrunner\script_runner.py", line 379, in _run_script_thread
    self._run_script(request.rerun_data)
  File "C:\Users\A0496749\AppData\Local\Programs\Python\Python312\Lib\site-packages\streamlit\runtime\scriptrunner\script_runner.py", line 705, in _run_script
    ) = exec_func_with_error_handling(code_to_exec, ctx)
  File "C:\Users\A0496749\AppData\Local\Programs\Python\Python312\Lib\site-packages\streamlit\runtime\scriptrunner\exec_code.py", line 129, in exec_func_with_error_handling
    result = func()
  File "C:\Users\A0496749\AppData\Local\Programs\Python\Python312\Lib\site-packages\streamlit\runtime\scriptrunner\script_runner.py", line 689, in code_to_exec
    exec(code, module.__dict__)  # noqa: S102
  File "C:\Capstone_Project\app.py", line 1643, in <module>
    main()
  File "C:\Capstone_Project\app.py", line 1636, in main
    with tab2: tab_eda(df)
  File "C:\Capstone_Project\app.py", line 466, in tab_eda
    view = st.radio("", EDA_VIEWS, key="eda_nav", label_visibility="collapsed")
  File "C:\Users\A0496749\AppData\Local\Programs\Python\Python312\Lib\site-packages\streamlit\runtime\metrics_util.py", line 532, in wrapped_func
    result = non_optional_func(*args, **kwargs)
  File "C:\Users\A0496749\AppData\Local\Programs\Python\Python312\Lib\site-packages\streamlit\elements\widgets\radio.py", line 402, in radio
    return self._radio(
  File "C:\Users\A0496749\AppData\Local\Programs\Python\Python312\Lib\site-packages\streamlit\elements\widgets\radio.py", line 449, in _radio
    maybe_raise_label_warnings(label, label_visibility)
  File "C:\Users\A0496749\AppData\Local\Programs\Python\Python312\Lib\site-packages\streamlit\elements\lib\policies.py", line 187, in maybe_raise_label_warnings
    _LOGGER.warning(
2026-03-26 22:00:03.019 Please replace `use_container_width` with `width`.

`use_container_width` will be removed after 2025-12-31.

For `use_container_width=True`, use `width='stretch'`. For `use_container_width=False`, use `width='content'`.
2026-03-26 22:00:03.063 Please replace `use_container_width` with `width`.

`use_container_width` will be removed after 2025-12-31.

For `use_container_width=True`, use `width='stretch'`. For `use_container_width=False`, use `width='content'`.
2026-03-26 22:00:03.072 Please replace `use_container_width` with `width`.

`use_container_width` will be removed after 2025-12-31.

For `use_container_width=True`, use `width='stretch'`. For `use_container_width=False`, use `width='content'`.
2026-03-26 22:00:03.102 Please replace `use_container_width` with `width`.

`use_container_width` will be removed after 2025-12-31.

For `use_container_width=True`, use `width='stretch'`. For `use_container_width=False`, use `width='content'`.
2026-03-26 22:00:03.119 Please replace `use_container_width` with `width`.

`use_container_width` will be removed after 2025-12-31.

For `use_container_width=True`, use `width='stretch'`. For `use_container_width=False`, use `width='content'`.
2026-03-26 22:00:57.114 Please replace `use_container_width` with `width`.

`use_container_width` will be removed after 2025-12-31.

For `use_container_width=True`, use `width='stretch'`. For `use_container_width=False`, use `width='content'`.
2026-03-26 22:00:57.120 Please replace `use_container_width` with `width`.

`use_container_width` will be removed after 2025-12-31.

For `use_container_width=True`, use `width='stretch'`. For `use_container_width=False`, use `width='content'`.
2026-03-26 22:00:57.147 `label` got an empty value. This is discouraged for accessibility reasons and may be disallowed in the future by raising an exception. Please provide a non-empty label and hide it with label_visibility if needed.
Stack (most recent call last):
  File "C:\Users\A0496749\AppData\Local\Programs\Python\Python312\Lib\threading.py", line 1032, in _bootstrap
    self._bootstrap_inner()
  File "C:\Users\A0496749\AppData\Local\Programs\Python\Python312\Lib\threading.py", line 1075, in _bootstrap_inner
    self.run()
  File "C:\Users\A0496749\AppData\Local\Programs\Python\Python312\Lib\threading.py", line 1012, in run
    self._target(*self._args, **self._kwargs)
  File "C:\Users\A0496749\AppData\Local\Programs\Python\Python312\Lib\site-packages\streamlit\runtime\scriptrunner\script_runner.py", line 379, in _run_script_thread
    self._run_script(request.rerun_data)
  File "C:\Users\A0496749\AppData\Local\Programs\Python\Python312\Lib\site-packages\streamlit\runtime\scriptrunner\script_runner.py", line 705, in _run_script
    ) = exec_func_with_error_handling(code_to_exec, ctx)
  File "C:\Users\A0496749\AppData\Local\Programs\Python\Python312\Lib\site-packages\streamlit\runtime\scriptrunner\exec_code.py", line 129, in exec_func_with_error_handling
    result = func()
  File "C:\Users\A0496749\AppData\Local\Programs\Python\Python312\Lib\site-packages\streamlit\runtime\scriptrunner\script_runner.py", line 689, in code_to_exec
    exec(code, module.__dict__)  # noqa: S102
  File "C:\Capstone_Project\app.py", line 1643, in <module>
    main()
  File "C:\Capstone_Project\app.py", line 1636, in main
    with tab2: tab_eda(df)
  File "C:\Capstone_Project\app.py", line 466, in tab_eda
    view = st.radio("", EDA_VIEWS, key="eda_nav", label_visibility="collapsed")
  File "C:\Users\A0496749\AppData\Local\Programs\Python\Python312\Lib\site-packages\streamlit\runtime\metrics_util.py", line 532, in wrapped_func
    result = non_optional_func(*args, **kwargs)
  File "C:\Users\A0496749\AppData\Local\Programs\Python\Python312\Lib\site-packages\streamlit\elements\widgets\radio.py", line 402, in radio
    return self._radio(
  File "C:\Users\A0496749\AppData\Local\Programs\Python\Python312\Lib\site-packages\streamlit\elements\widgets\radio.py", line 449, in _radio
    maybe_raise_label_warnings(label, label_visibility)
  File "C:\Users\A0496749\AppData\Local\Programs\Python\Python312\Lib\site-packages\streamlit\elements\lib\policies.py", line 187, in maybe_raise_label_warnings
    _LOGGER.warning(
2026-03-26 22:00:57.180 Please replace `use_container_width` with `width`.

`use_container_width` will be removed after 2025-12-31.

For `use_container_width=True`, use `width='stretch'`. For `use_container_width=False`, use `width='content'`.
2026-03-26 22:00:57.191 Please replace `use_container_width` with `width`.

`use_container_width` will be removed after 2025-12-31.

For `use_container_width=True`, use `width='stretch'`. For `use_container_width=False`, use `width='content'`.
2026-03-26 22:00:57.220 Please replace `use_container_width` with `width`.

`use_container_width` will be removed after 2025-12-31.

For `use_container_width=True`, use `width='stretch'`. For `use_container_width=False`, use `width='content'`.
2026-03-26 22:00:57.232 Please replace `use_container_width` with `width`.

`use_container_width` will be removed after 2025-12-31.

For `use_container_width=True`, use `width='stretch'`. For `use_container_width=False`, use `width='content'`.
2026-03-26 22:00:57.259 Please replace `use_container_width` with `width`.

`use_container_width` will be removed after 2025-12-31.

For `use_container_width=True`, use `width='stretch'`. For `use_container_width=False`, use `width='content'`.
2026-03-26 22:00:57.273 Please replace `use_container_width` with `width`.

`use_container_width` will be removed after 2025-12-31.

For `use_container_width=True`, use `width='stretch'`. For `use_container_width=False`, use `width='content'`.
2026-03-26 22:14:03.843 Please replace `use_container_width` with `width`.

`use_container_width` will be removed after 2025-12-31.

For `use_container_width=True`, use `width='stretch'`. For `use_container_width=False`, use `width='content'`.
2026-03-26 22:14:03.866 Please replace `use_container_width` with `width`.

`use_container_width` will be removed after 2025-12-31.

For `use_container_width=True`, use `width='stretch'`. For `use_container_width=False`, use `width='content'`.
2026-03-26 22:14:03.937 `label` got an empty value. This is discouraged for accessibility reasons and may be disallowed in the future by raising an exception. Please provide a non-empty label and hide it with label_visibility if needed.
Stack (most recent call last):
  File "C:\Users\A0496749\AppData\Local\Programs\Python\Python312\Lib\threading.py", line 1032, in _bootstrap
    self._bootstrap_inner()
  File "C:\Users\A0496749\AppData\Local\Programs\Python\Python312\Lib\threading.py", line 1075, in _bootstrap_inner
    self.run()
  File "C:\Users\A0496749\AppData\Local\Programs\Python\Python312\Lib\threading.py", line 1012, in run
    self._target(*self._args, **self._kwargs)
  File "C:\Users\A0496749\AppData\Local\Programs\Python\Python312\Lib\site-packages\streamlit\runtime\scriptrunner\script_runner.py", line 379, in _run_script_thread
    self._run_script(request.rerun_data)
  File "C:\Users\A0496749\AppData\Local\Programs\Python\Python312\Lib\site-packages\streamlit\runtime\scriptrunner\script_runner.py", line 705, in _run_script
    ) = exec_func_with_error_handling(code_to_exec, ctx)
  File "C:\Users\A0496749\AppData\Local\Programs\Python\Python312\Lib\site-packages\streamlit\runtime\scriptrunner\exec_code.py", line 129, in exec_func_with_error_handling
    result = func()
  File "C:\Users\A0496749\AppData\Local\Programs\Python\Python312\Lib\site-packages\streamlit\runtime\scriptrunner\script_runner.py", line 689, in code_to_exec
    exec(code, module.__dict__)  # noqa: S102
  File "C:\Capstone_Project\app.py", line 1643, in <module>
    main()
  File "C:\Capstone_Project\app.py", line 1636, in main
    with tab2: tab_eda(df)
  File "C:\Capstone_Project\app.py", line 466, in tab_eda
    view = st.radio("", EDA_VIEWS, key="eda_nav", label_visibility="collapsed")
  File "C:\Users\A0496749\AppData\Local\Programs\Python\Python312\Lib\site-packages\streamlit\runtime\metrics_util.py", line 532, in wrapped_func
    result = non_optional_func(*args, **kwargs)
  File "C:\Users\A0496749\AppData\Local\Programs\Python\Python312\Lib\site-packages\streamlit\elements\widgets\radio.py", line 402, in radio
    return self._radio(
  File "C:\Users\A0496749\AppData\Local\Programs\Python\Python312\Lib\site-packages\streamlit\elements\widgets\radio.py", line 449, in _radio
    maybe_raise_label_warnings(label, label_visibility)
  File "C:\Users\A0496749\AppData\Local\Programs\Python\Python312\Lib\site-packages\streamlit\elements\lib\policies.py", line 187, in maybe_raise_label_warnings
    _LOGGER.warning(
2026-03-26 22:14:04.052 Please replace `use_container_width` with `width`.

`use_container_width` will be removed after 2025-12-31.

For `use_container_width=True`, use `width='stretch'`. For `use_container_width=False`, use `width='content'`.
2026-03-26 22:14:06.145 Please replace `use_container_width` with `width`.

`use_container_width` will be removed after 2025-12-31.

For `use_container_width=True`, use `width='stretch'`. For `use_container_width=False`, use `width='content'`.
2026-03-26 22:14:06.182 Please replace `use_container_width` with `width`.

`use_container_width` will be removed after 2025-12-31.

For `use_container_width=True`, use `width='stretch'`. For `use_container_width=False`, use `width='content'`.
2026-03-26 22:14:06.226 Please replace `use_container_width` with `width`.

`use_container_width` will be removed after 2025-12-31.

For `use_container_width=True`, use `width='stretch'`. For `use_container_width=False`, use `width='content'`.
2026-03-26 22:14:06.253 Please replace `use_container_width` with `width`.

`use_container_width` will be removed after 2025-12-31.

For `use_container_width=True`, use `width='stretch'`. For `use_container_width=False`, use `width='content'`.
2026-03-26 22:18:29.809 Please replace `use_container_width` with `width`.

`use_container_width` will be removed after 2025-12-31.

For `use_container_width=True`, use `width='stretch'`. For `use_container_width=False`, use `width='content'`.
2026-03-26 22:18:29.834 Please replace `use_container_width` with `width`.

`use_container_width` will be removed after 2025-12-31.

For `use_container_width=True`, use `width='stretch'`. For `use_container_width=False`, use `width='content'`.
2026-03-26 22:18:29.899 `label` got an empty value. This is discouraged for accessibility reasons and may be disallowed in the future by raising an exception. Please provide a non-empty label and hide it with label_visibility if needed.
Stack (most recent call last):
  File "C:\Users\A0496749\AppData\Local\Programs\Python\Python312\Lib\threading.py", line 1032, in _bootstrap
    self._bootstrap_inner()
  File "C:\Users\A0496749\AppData\Local\Programs\Python\Python312\Lib\threading.py", line 1075, in _bootstrap_inner
    self.run()
  File "C:\Users\A0496749\AppData\Local\Programs\Python\Python312\Lib\threading.py", line 1012, in run
    self._target(*self._args, **self._kwargs)
  File "C:\Users\A0496749\AppData\Local\Programs\Python\Python312\Lib\site-packages\streamlit\runtime\scriptrunner\script_runner.py", line 379, in _run_script_thread
    self._run_script(request.rerun_data)
  File "C:\Users\A0496749\AppData\Local\Programs\Python\Python312\Lib\site-packages\streamlit\runtime\scriptrunner\script_runner.py", line 705, in _run_script
    ) = exec_func_with_error_handling(code_to_exec, ctx)
  File "C:\Users\A0496749\AppData\Local\Programs\Python\Python312\Lib\site-packages\streamlit\runtime\scriptrunner\exec_code.py", line 129, in exec_func_with_error_handling
    result = func()
  File "C:\Users\A0496749\AppData\Local\Programs\Python\Python312\Lib\site-packages\streamlit\runtime\scriptrunner\script_runner.py", line 689, in code_to_exec
    exec(code, module.__dict__)  # noqa: S102
  File "C:\Capstone_Project\app.py", line 1643, in <module>
    main()
  File "C:\Capstone_Project\app.py", line 1636, in main
    with tab2: tab_eda(df)
  File "C:\Capstone_Project\app.py", line 466, in tab_eda
    view = st.radio("", EDA_VIEWS, key="eda_nav", label_visibility="collapsed")
  File "C:\Users\A0496749\AppData\Local\Programs\Python\Python312\Lib\site-packages\streamlit\runtime\metrics_util.py", line 532, in wrapped_func
    result = non_optional_func(*args, **kwargs)
  File "C:\Users\A0496749\AppData\Local\Programs\Python\Python312\Lib\site-packages\streamlit\elements\widgets\radio.py", line 402, in radio
    return self._radio(
  File "C:\Users\A0496749\AppData\Local\Programs\Python\Python312\Lib\site-packages\streamlit\elements\widgets\radio.py", line 449, in _radio
    maybe_raise_label_warnings(label, label_visibility)
  File "C:\Users\A0496749\AppData\Local\Programs\Python\Python312\Lib\site-packages\streamlit\elements\lib\policies.py", line 187, in maybe_raise_label_warnings
    _LOGGER.warning(
2026-03-26 22:18:30.074 Please replace `use_container_width` with `width`.

`use_container_width` will be removed after 2025-12-31.

For `use_container_width=True`, use `width='stretch'`. For `use_container_width=False`, use `width='content'`.
2026-03-26 22:18:30.145 Please replace `use_container_width` with `width`.

`use_container_width` will be removed after 2025-12-31.

For `use_container_width=True`, use `width='stretch'`. For `use_container_width=False`, use `width='content'`.
2026-03-26 22:18:30.167 Please replace `use_container_width` with `width`.

`use_container_width` will be removed after 2025-12-31.

For `use_container_width=True`, use `width='stretch'`. For `use_container_width=False`, use `width='content'`.
2026-03-26 22:18:30.210 Please replace `use_container_width` with `width`.

`use_container_width` will be removed after 2025-12-31.

For `use_container_width=True`, use `width='stretch'`. For `use_container_width=False`, use `width='content'`.
2026-03-26 22:18:30.236 Please replace `use_container_width` with `width`.

`use_container_width` will be removed after 2025-12-31.

For `use_container_width=True`, use `width='stretch'`. For `use_container_width=False`, use `width='content'`.
2026-03-26 22:19:24.227 Please replace `use_container_width` with `width`.

`use_container_width` will be removed after 2025-12-31.

For `use_container_width=True`, use `width='stretch'`. For `use_container_width=False`, use `width='content'`.
2026-03-26 22:19:24.249 Please replace `use_container_width` with `width`.

`use_container_width` will be removed after 2025-12-31.

For `use_container_width=True`, use `width='stretch'`. For `use_container_width=False`, use `width='content'`.
2026-03-26 22:19:24.319 `label` got an empty value. This is discouraged for accessibility reasons and may be disallowed in the future by raising an exception. Please provide a non-empty label and hide it with label_visibility if needed.
Stack (most recent call last):
  File "C:\Users\A0496749\AppData\Local\Programs\Python\Python312\Lib\threading.py", line 1032, in _bootstrap
    self._bootstrap_inner()
  File "C:\Users\A0496749\AppData\Local\Programs\Python\Python312\Lib\threading.py", line 1075, in _bootstrap_inner
    self.run()
  File "C:\Users\A0496749\AppData\Local\Programs\Python\Python312\Lib\threading.py", line 1012, in run
    self._target(*self._args, **self._kwargs)
  File "C:\Users\A0496749\AppData\Local\Programs\Python\Python312\Lib\site-packages\streamlit\runtime\scriptrunner\script_runner.py", line 379, in _run_script_thread
    self._run_script(request.rerun_data)
  File "C:\Users\A0496749\AppData\Local\Programs\Python\Python312\Lib\site-packages\streamlit\runtime\scriptrunner\script_runner.py", line 705, in _run_script
    ) = exec_func_with_error_handling(code_to_exec, ctx)
  File "C:\Users\A0496749\AppData\Local\Programs\Python\Python312\Lib\site-packages\streamlit\runtime\scriptrunner\exec_code.py", line 129, in exec_func_with_error_handling
    result = func()
  File "C:\Users\A0496749\AppData\Local\Programs\Python\Python312\Lib\site-packages\streamlit\runtime\scriptrunner\script_runner.py", line 689, in code_to_exec
    exec(code, module.__dict__)  # noqa: S102
  File "C:\Capstone_Project\app.py", line 1643, in <module>
    main()
  File "C:\Capstone_Project\app.py", line 1636, in main
    with tab2: tab_eda(df)
  File "C:\Capstone_Project\app.py", line 466, in tab_eda
    view = st.radio("", EDA_VIEWS, key="eda_nav", label_visibility="collapsed")
  File "C:\Users\A0496749\AppData\Local\Programs\Python\Python312\Lib\site-packages\streamlit\runtime\metrics_util.py", line 532, in wrapped_func
    result = non_optional_func(*args, **kwargs)
  File "C:\Users\A0496749\AppData\Local\Programs\Python\Python312\Lib\site-packages\streamlit\elements\widgets\radio.py", line 402, in radio
    return self._radio(
  File "C:\Users\A0496749\AppData\Local\Programs\Python\Python312\Lib\site-packages\streamlit\elements\widgets\radio.py", line 449, in _radio
    maybe_raise_label_warnings(label, label_visibility)
  File "C:\Users\A0496749\AppData\Local\Programs\Python\Python312\Lib\site-packages\streamlit\elements\lib\policies.py", line 187, in maybe_raise_label_warnings
    _LOGGER.warning(
2026-03-26 22:19:24.830 Please replace `use_container_width` with `width`.

`use_container_width` will be removed after 2025-12-31.

For `use_container_width=True`, use `width='stretch'`. For `use_container_width=False`, use `width='content'`.
2026-03-26 22:19:24.997 Please replace `use_container_width` with `width`.

`use_container_width` will be removed after 2025-12-31.

For `use_container_width=True`, use `width='stretch'`. For `use_container_width=False`, use `width='content'`.
2026-03-26 22:19:25.043 Please replace `use_container_width` with `width`.

`use_container_width` will be removed after 2025-12-31.

For `use_container_width=True`, use `width='stretch'`. For `use_container_width=False`, use `width='content'`.
2026-03-26 22:19:25.119 Please replace `use_container_width` with `width`.

`use_container_width` will be removed after 2025-12-31.

For `use_container_width=True`, use `width='stretch'`. For `use_container_width=False`, use `width='content'`.
2026-03-26 22:19:25.161 Please replace `use_container_width` with `width`.

`use_container_width` will be removed after 2025-12-31.

For `use_container_width=True`, use `width='stretch'`. For `use_container_width=False`, use `width='content'`.
2026-03-26 22:19:36.947 Please replace `use_container_width` with `width`.

`use_container_width` will be removed after 2025-12-31.

For `use_container_width=True`, use `width='stretch'`. For `use_container_width=False`, use `width='content'`.
2026-03-26 22:19:36.966 Please replace `use_container_width` with `width`.

`use_container_width` will be removed after 2025-12-31.

For `use_container_width=True`, use `width='stretch'`. For `use_container_width=False`, use `width='content'`.
2026-03-26 22:19:37.019 `label` got an empty value. This is discouraged for accessibility reasons and may be disallowed in the future by raising an exception. Please provide a non-empty label and hide it with label_visibility if needed.
Stack (most recent call last):
  File "C:\Users\A0496749\AppData\Local\Programs\Python\Python312\Lib\threading.py", line 1032, in _bootstrap
    self._bootstrap_inner()
  File "C:\Users\A0496749\AppData\Local\Programs\Python\Python312\Lib\threading.py", line 1075, in _bootstrap_inner
    self.run()
  File "C:\Users\A0496749\AppData\Local\Programs\Python\Python312\Lib\threading.py", line 1012, in run
    self._target(*self._args, **self._kwargs)
  File "C:\Users\A0496749\AppData\Local\Programs\Python\Python312\Lib\site-packages\streamlit\runtime\scriptrunner\script_runner.py", line 379, in _run_script_thread
    self._run_script(request.rerun_data)
  File "C:\Users\A0496749\AppData\Local\Programs\Python\Python312\Lib\site-packages\streamlit\runtime\scriptrunner\script_runner.py", line 705, in _run_script
    ) = exec_func_with_error_handling(code_to_exec, ctx)
  File "C:\Users\A0496749\AppData\Local\Programs\Python\Python312\Lib\site-packages\streamlit\runtime\scriptrunner\exec_code.py", line 129, in exec_func_with_error_handling
    result = func()
  File "C:\Users\A0496749\AppData\Local\Programs\Python\Python312\Lib\site-packages\streamlit\runtime\scriptrunner\script_runner.py", line 689, in code_to_exec
    exec(code, module.__dict__)  # noqa: S102
  File "C:\Capstone_Project\app.py", line 1643, in <module>
    main()
  File "C:\Capstone_Project\app.py", line 1636, in main
    with tab2: tab_eda(df)
  File "C:\Capstone_Project\app.py", line 466, in tab_eda
    view = st.radio("", EDA_VIEWS, key="eda_nav", label_visibility="collapsed")
  File "C:\Users\A0496749\AppData\Local\Programs\Python\Python312\Lib\site-packages\streamlit\runtime\metrics_util.py", line 532, in wrapped_func
    result = non_optional_func(*args, **kwargs)
  File "C:\Users\A0496749\AppData\Local\Programs\Python\Python312\Lib\site-packages\streamlit\elements\widgets\radio.py", line 402, in radio
    return self._radio(
  File "C:\Users\A0496749\AppData\Local\Programs\Python\Python312\Lib\site-packages\streamlit\elements\widgets\radio.py", line 449, in _radio
    maybe_raise_label_warnings(label, label_visibility)
  File "C:\Users\A0496749\AppData\Local\Programs\Python\Python312\Lib\site-packages\streamlit\elements\lib\policies.py", line 187, in maybe_raise_label_warnings
    _LOGGER.warning(
2026-03-26 22:19:37.114 Please replace `use_container_width` with `width`.

`use_container_width` will be removed after 2025-12-31.

For `use_container_width=True`, use `width='stretch'`. For `use_container_width=False`, use `width='content'`.
2026-03-26 22:19:37.187 Please replace `use_container_width` with `width`.

`use_container_width` will be removed after 2025-12-31.

For `use_container_width=True`, use `width='stretch'`. For `use_container_width=False`, use `width='content'`.
2026-03-26 22:19:37.224 Please replace `use_container_width` with `width`.

`use_container_width` will be removed after 2025-12-31.

For `use_container_width=True`, use `width='stretch'`. For `use_container_width=False`, use `width='content'`.
2026-03-26 22:19:37.293 Please replace `use_container_width` with `width`.

`use_container_width` will be removed after 2025-12-31.

For `use_container_width=True`, use `width='stretch'`. For `use_container_width=False`, use `width='content'`.
2026-03-26 22:19:37.335 Please replace `use_container_width` with `width`.

`use_container_width` will be removed after 2025-12-31.

For `use_container_width=True`, use `width='stretch'`. For `use_container_width=False`, use `width='content'`.
2026-03-26 22:20:00.623 Please replace `use_container_width` with `width`.

`use_container_width` will be removed after 2025-12-31.

For `use_container_width=True`, use `width='stretch'`. For `use_container_width=False`, use `width='content'`.
2026-03-26 22:20:00.635 Please replace `use_container_width` with `width`.

`use_container_width` will be removed after 2025-12-31.

For `use_container_width=True`, use `width='stretch'`. For `use_container_width=False`, use `width='content'`.
2026-03-26 22:20:00.669 `label` got an empty value. This is discouraged for accessibility reasons and may be disallowed in the future by raising an exception. Please provide a non-empty label and hide it with label_visibility if needed.
Stack (most recent call last):
  File "C:\Users\A0496749\AppData\Local\Programs\Python\Python312\Lib\threading.py", line 1032, in _bootstrap
    self._bootstrap_inner()
  File "C:\Users\A0496749\AppData\Local\Programs\Python\Python312\Lib\threading.py", line 1075, in _bootstrap_inner
    self.run()
  File "C:\Users\A0496749\AppData\Local\Programs\Python\Python312\Lib\threading.py", line 1012, in run
    self._target(*self._args, **self._kwargs)
  File "C:\Users\A0496749\AppData\Local\Programs\Python\Python312\Lib\site-packages\streamlit\runtime\scriptrunner\script_runner.py", line 379, in _run_script_thread
    self._run_script(request.rerun_data)
  File "C:\Users\A0496749\AppData\Local\Programs\Python\Python312\Lib\site-packages\streamlit\runtime\scriptrunner\script_runner.py", line 705, in _run_script
    ) = exec_func_with_error_handling(code_to_exec, ctx)
  File "C:\Users\A0496749\AppData\Local\Programs\Python\Python312\Lib\site-packages\streamlit\runtime\scriptrunner\exec_code.py", line 129, in exec_func_with_error_handling
    result = func()
  File "C:\Users\A0496749\AppData\Local\Programs\Python\Python312\Lib\site-packages\streamlit\runtime\scriptrunner\script_runner.py", line 689, in code_to_exec
    exec(code, module.__dict__)  # noqa: S102
  File "C:\Capstone_Project\app.py", line 1643, in <module>
    main()
  File "C:\Capstone_Project\app.py", line 1636, in main
    with tab2: tab_eda(df)
  File "C:\Capstone_Project\app.py", line 466, in tab_eda
    view = st.radio("", EDA_VIEWS, key="eda_nav", label_visibility="collapsed")
  File "C:\Users\A0496749\AppData\Local\Programs\Python\Python312\Lib\site-packages\streamlit\runtime\metrics_util.py", line 532, in wrapped_func
    result = non_optional_func(*args, **kwargs)
  File "C:\Users\A0496749\AppData\Local\Programs\Python\Python312\Lib\site-packages\streamlit\elements\widgets\radio.py", line 402, in radio
    return self._radio(
  File "C:\Users\A0496749\AppData\Local\Programs\Python\Python312\Lib\site-packages\streamlit\elements\widgets\radio.py", line 449, in _radio
    maybe_raise_label_warnings(label, label_visibility)
  File "C:\Users\A0496749\AppData\Local\Programs\Python\Python312\Lib\site-packages\streamlit\elements\lib\policies.py", line 187, in maybe_raise_label_warnings
    _LOGGER.warning(
2026-03-26 22:20:00.710 Please replace `use_container_width` with `width`.

`use_container_width` will be removed after 2025-12-31.

For `use_container_width=True`, use `width='stretch'`. For `use_container_width=False`, use `width='content'`.
2026-03-26 22:20:00.753 Please replace `use_container_width` with `width`.

`use_container_width` will be removed after 2025-12-31.

For `use_container_width=True`, use `width='stretch'`. For `use_container_width=False`, use `width='content'`.
2026-03-26 22:20:00.774 Please replace `use_container_width` with `width`.

`use_container_width` will be removed after 2025-12-31.

For `use_container_width=True`, use `width='stretch'`. For `use_container_width=False`, use `width='content'`.
2026-03-26 22:20:00.817 Please replace `use_container_width` with `width`.

`use_container_width` will be removed after 2025-12-31.

For `use_container_width=True`, use `width='stretch'`. For `use_container_width=False`, use `width='content'`.
2026-03-26 22:20:00.841 Please replace `use_container_width` with `width`.

`use_container_width` will be removed after 2025-12-31.

For `use_container_width=True`, use `width='stretch'`. For `use_container_width=False`, use `width='content'`.
2026-03-26 22:20:10.191 Please replace `use_container_width` with `width`.

`use_container_width` will be removed after 2025-12-31.

For `use_container_width=True`, use `width='stretch'`. For `use_container_width=False`, use `width='content'`.
2026-03-26 22:20:10.213 Please replace `use_container_width` with `width`.

`use_container_width` will be removed after 2025-12-31.

For `use_container_width=True`, use `width='stretch'`. For `use_container_width=False`, use `width='content'`.
2026-03-26 22:20:10.278 `label` got an empty value. This is discouraged for accessibility reasons and may be disallowed in the future by raising an exception. Please provide a non-empty label and hide it with label_visibility if needed.
Stack (most recent call last):
  File "C:\Users\A0496749\AppData\Local\Programs\Python\Python312\Lib\threading.py", line 1032, in _bootstrap
    self._bootstrap_inner()
  File "C:\Users\A0496749\AppData\Local\Programs\Python\Python312\Lib\threading.py", line 1075, in _bootstrap_inner
    self.run()
  File "C:\Users\A0496749\AppData\Local\Programs\Python\Python312\Lib\threading.py", line 1012, in run
    self._target(*self._args, **self._kwargs)
  File "C:\Users\A0496749\AppData\Local\Programs\Python\Python312\Lib\site-packages\streamlit\runtime\scriptrunner\script_runner.py", line 379, in _run_script_thread
    self._run_script(request.rerun_data)
  File "C:\Users\A0496749\AppData\Local\Programs\Python\Python312\Lib\site-packages\streamlit\runtime\scriptrunner\script_runner.py", line 705, in _run_script
    ) = exec_func_with_error_handling(code_to_exec, ctx)
  File "C:\Users\A0496749\AppData\Local\Programs\Python\Python312\Lib\site-packages\streamlit\runtime\scriptrunner\exec_code.py", line 129, in exec_func_with_error_handling
    result = func()
  File "C:\Users\A0496749\AppData\Local\Programs\Python\Python312\Lib\site-packages\streamlit\runtime\scriptrunner\script_runner.py", line 689, in code_to_exec
    exec(code, module.__dict__)  # noqa: S102
  File "C:\Capstone_Project\app.py", line 1643, in <module>
    main()
  File "C:\Capstone_Project\app.py", line 1636, in main
    with tab2: tab_eda(df)
  File "C:\Capstone_Project\app.py", line 466, in tab_eda
    view = st.radio("", EDA_VIEWS, key="eda_nav", label_visibility="collapsed")
  File "C:\Users\A0496749\AppData\Local\Programs\Python\Python312\Lib\site-packages\streamlit\runtime\metrics_util.py", line 532, in wrapped_func
    result = non_optional_func(*args, **kwargs)
  File "C:\Users\A0496749\AppData\Local\Programs\Python\Python312\Lib\site-packages\streamlit\elements\widgets\radio.py", line 402, in radio
    return self._radio(
  File "C:\Users\A0496749\AppData\Local\Programs\Python\Python312\Lib\site-packages\streamlit\elements\widgets\radio.py", line 449, in _radio
    maybe_raise_label_warnings(label, label_visibility)
  File "C:\Users\A0496749\AppData\Local\Programs\Python\Python312\Lib\site-packages\streamlit\elements\lib\policies.py", line 187, in maybe_raise_label_warnings
    _LOGGER.warning(
2026-03-26 22:20:10.344 Please replace `use_container_width` with `width`.

`use_container_width` will be removed after 2025-12-31.

For `use_container_width=True`, use `width='stretch'`. For `use_container_width=False`, use `width='content'`.
2026-03-26 22:20:10.439 Please replace `use_container_width` with `width`.

`use_container_width` will be removed after 2025-12-31.

For `use_container_width=True`, use `width='stretch'`. For `use_container_width=False`, use `width='content'`.
2026-03-26 22:20:10.484 Please replace `use_container_width` with `width`.

`use_container_width` will be removed after 2025-12-31.

For `use_container_width=True`, use `width='stretch'`. For `use_container_width=False`, use `width='content'`.
2026-03-26 22:20:10.581 Please replace `use_container_width` with `width`.

`use_container_width` will be removed after 2025-12-31.

For `use_container_width=True`, use `width='stretch'`. For `use_container_width=False`, use `width='content'`.
2026-03-26 22:20:10.628 Please replace `use_container_width` with `width`.

`use_container_width` will be removed after 2025-12-31.

For `use_container_width=True`, use `width='stretch'`. For `use_container_width=False`, use `width='content'`.
2026-03-26 22:24:07.481 Please replace `use_container_width` with `width`.

`use_container_width` will be removed after 2025-12-31.

For `use_container_width=True`, use `width='stretch'`. For `use_container_width=False`, use `width='content'`.
2026-03-26 22:24:07.497 Please replace `use_container_width` with `width`.

`use_container_width` will be removed after 2025-12-31.

For `use_container_width=True`, use `width='stretch'`. For `use_container_width=False`, use `width='content'`.
2026-03-26 22:24:07.530 `label` got an empty value. This is discouraged for accessibility reasons and may be disallowed in the future by raising an exception. Please provide a non-empty label and hide it with label_visibility if needed.
Stack (most recent call last):
  File "C:\Users\A0496749\AppData\Local\Programs\Python\Python312\Lib\threading.py", line 1032, in _bootstrap
    self._bootstrap_inner()
  File "C:\Users\A0496749\AppData\Local\Programs\Python\Python312\Lib\threading.py", line 1075, in _bootstrap_inner
    self.run()
  File "C:\Users\A0496749\AppData\Local\Programs\Python\Python312\Lib\threading.py", line 1012, in run
    self._target(*self._args, **self._kwargs)
  File "C:\Users\A0496749\AppData\Local\Programs\Python\Python312\Lib\site-packages\streamlit\runtime\scriptrunner\script_runner.py", line 379, in _run_script_thread
    self._run_script(request.rerun_data)
  File "C:\Users\A0496749\AppData\Local\Programs\Python\Python312\Lib\site-packages\streamlit\runtime\scriptrunner\script_runner.py", line 705, in _run_script
    ) = exec_func_with_error_handling(code_to_exec, ctx)
  File "C:\Users\A0496749\AppData\Local\Programs\Python\Python312\Lib\site-packages\streamlit\runtime\scriptrunner\exec_code.py", line 129, in exec_func_with_error_handling
    result = func()
  File "C:\Users\A0496749\AppData\Local\Programs\Python\Python312\Lib\site-packages\streamlit\runtime\scriptrunner\script_runner.py", line 689, in code_to_exec
    exec(code, module.__dict__)  # noqa: S102
  File "C:\Capstone_Project\app.py", line 1643, in <module>
    main()
  File "C:\Capstone_Project\app.py", line 1636, in main
    with tab2: tab_eda(df)
  File "C:\Capstone_Project\app.py", line 466, in tab_eda
    view = st.radio("", EDA_VIEWS, key="eda_nav", label_visibility="collapsed")
  File "C:\Users\A0496749\AppData\Local\Programs\Python\Python312\Lib\site-packages\streamlit\runtime\metrics_util.py", line 532, in wrapped_func
    result = non_optional_func(*args, **kwargs)
  File "C:\Users\A0496749\AppData\Local\Programs\Python\Python312\Lib\site-packages\streamlit\elements\widgets\radio.py", line 402, in radio
    return self._radio(
  File "C:\Users\A0496749\AppData\Local\Programs\Python\Python312\Lib\site-packages\streamlit\elements\widgets\radio.py", line 449, in _radio
    maybe_raise_label_warnings(label, label_visibility)
  File "C:\Users\A0496749\AppData\Local\Programs\Python\Python312\Lib\site-packages\streamlit\elements\lib\policies.py", line 187, in maybe_raise_label_warnings
    _LOGGER.warning(
2026-03-26 22:24:07.554 Please replace `use_container_width` with `width`.

`use_container_width` will be removed after 2025-12-31.

For `use_container_width=True`, use `width='stretch'`. For `use_container_width=False`, use `width='content'`.
2026-03-26 22:24:07.605 Please replace `use_container_width` with `width`.

`use_container_width` will be removed after 2025-12-31.

For `use_container_width=True`, use `width='stretch'`. For `use_container_width=False`, use `width='content'`.
2026-03-26 22:24:07.629 Please replace `use_container_width` with `width`.

`use_container_width` will be removed after 2025-12-31.

For `use_container_width=True`, use `width='stretch'`. For `use_container_width=False`, use `width='content'`.
2026-03-26 22:24:07.674 Please replace `use_container_width` with `width`.

`use_container_width` will be removed after 2025-12-31.

For `use_container_width=True`, use `width='stretch'`. For `use_container_width=False`, use `width='content'`.
2026-03-26 22:24:07.702 Please replace `use_container_width` with `width`.

`use_container_width` will be removed after 2025-12-31.

For `use_container_width=True`, use `width='stretch'`. For `use_container_width=False`, use `width='content'`.
2026-03-26 22:24:19.452 Please replace `use_container_width` with `width`.

`use_container_width` will be removed after 2025-12-31.

For `use_container_width=True`, use `width='stretch'`. For `use_container_width=False`, use `width='content'`.
2026-03-26 22:24:19.463 Please replace `use_container_width` with `width`.

`use_container_width` will be removed after 2025-12-31.

For `use_container_width=True`, use `width='stretch'`. For `use_container_width=False`, use `width='content'`.
2026-03-26 22:24:19.495 `label` got an empty value. This is discouraged for accessibility reasons and may be disallowed in the future by raising an exception. Please provide a non-empty label and hide it with label_visibility if needed.
Stack (most recent call last):
  File "C:\Users\A0496749\AppData\Local\Programs\Python\Python312\Lib\threading.py", line 1032, in _bootstrap
    self._bootstrap_inner()
  File "C:\Users\A0496749\AppData\Local\Programs\Python\Python312\Lib\threading.py", line 1075, in _bootstrap_inner
    self.run()
  File "C:\Users\A0496749\AppData\Local\Programs\Python\Python312\Lib\threading.py", line 1012, in run
    self._target(*self._args, **self._kwargs)
  File "C:\Users\A0496749\AppData\Local\Programs\Python\Python312\Lib\site-packages\streamlit\runtime\scriptrunner\script_runner.py", line 379, in _run_script_thread
    self._run_script(request.rerun_data)
  File "C:\Users\A0496749\AppData\Local\Programs\Python\Python312\Lib\site-packages\streamlit\runtime\scriptrunner\script_runner.py", line 705, in _run_script
    ) = exec_func_with_error_handling(code_to_exec, ctx)
  File "C:\Users\A0496749\AppData\Local\Programs\Python\Python312\Lib\site-packages\streamlit\runtime\scriptrunner\exec_code.py", line 129, in exec_func_with_error_handling
    result = func()
  File "C:\Users\A0496749\AppData\Local\Programs\Python\Python312\Lib\site-packages\streamlit\runtime\scriptrunner\script_runner.py", line 689, in code_to_exec
    exec(code, module.__dict__)  # noqa: S102
  File "C:\Capstone_Project\app.py", line 1643, in <module>
    main()
  File "C:\Capstone_Project\app.py", line 1636, in main
    with tab2: tab_eda(df)
  File "C:\Capstone_Project\app.py", line 466, in tab_eda
    view = st.radio("", EDA_VIEWS, key="eda_nav", label_visibility="collapsed")
  File "C:\Users\A0496749\AppData\Local\Programs\Python\Python312\Lib\site-packages\streamlit\runtime\metrics_util.py", line 532, in wrapped_func
    result = non_optional_func(*args, **kwargs)
  File "C:\Users\A0496749\AppData\Local\Programs\Python\Python312\Lib\site-packages\streamlit\elements\widgets\radio.py", line 402, in radio
    return self._radio(
  File "C:\Users\A0496749\AppData\Local\Programs\Python\Python312\Lib\site-packages\streamlit\elements\widgets\radio.py", line 449, in _radio
    maybe_raise_label_warnings(label, label_visibility)
  File "C:\Users\A0496749\AppData\Local\Programs\Python\Python312\Lib\site-packages\streamlit\elements\lib\policies.py", line 187, in maybe_raise_label_warnings
    _LOGGER.warning(
2026-03-26 22:24:19.532 Please replace `use_container_width` with `width`.

`use_container_width` will be removed after 2025-12-31.

For `use_container_width=True`, use `width='stretch'`. For `use_container_width=False`, use `width='content'`.
2026-03-26 22:24:19.577 Please replace `use_container_width` with `width`.

`use_container_width` will be removed after 2025-12-31.

For `use_container_width=True`, use `width='stretch'`. For `use_container_width=False`, use `width='content'`.
2026-03-26 22:24:19.598 Please replace `use_container_width` with `width`.

`use_container_width` will be removed after 2025-12-31.

For `use_container_width=True`, use `width='stretch'`. For `use_container_width=False`, use `width='content'`.
2026-03-26 22:24:19.639 Please replace `use_container_width` with `width`.

`use_container_width` will be removed after 2025-12-31.

For `use_container_width=True`, use `width='stretch'`. For `use_container_width=False`, use `width='content'`.
2026-03-26 22:24:19.665 Please replace `use_container_width` with `width`.

`use_container_width` will be removed after 2025-12-31.

For `use_container_width=True`, use `width='stretch'`. For `use_container_width=False`, use `width='content'`.
2026-03-26 22:26:07.466 Please replace `use_container_width` with `width`.

`use_container_width` will be removed after 2025-12-31.

For `use_container_width=True`, use `width='stretch'`. For `use_container_width=False`, use `width='content'`.
2026-03-26 22:26:07.478 Please replace `use_container_width` with `width`.

`use_container_width` will be removed after 2025-12-31.

For `use_container_width=True`, use `width='stretch'`. For `use_container_width=False`, use `width='content'`.
2026-03-26 22:26:07.523 `label` got an empty value. This is discouraged for accessibility reasons and may be disallowed in the future by raising an exception. Please provide a non-empty label and hide it with label_visibility if needed.
Stack (most recent call last):
  File "C:\Users\A0496749\AppData\Local\Programs\Python\Python312\Lib\threading.py", line 1032, in _bootstrap
    self._bootstrap_inner()
  File "C:\Users\A0496749\AppData\Local\Programs\Python\Python312\Lib\threading.py", line 1075, in _bootstrap_inner
    self.run()
  File "C:\Users\A0496749\AppData\Local\Programs\Python\Python312\Lib\threading.py", line 1012, in run
    self._target(*self._args, **self._kwargs)
  File "C:\Users\A0496749\AppData\Local\Programs\Python\Python312\Lib\site-packages\streamlit\runtime\scriptrunner\script_runner.py", line 379, in _run_script_thread
    self._run_script(request.rerun_data)
  File "C:\Users\A0496749\AppData\Local\Programs\Python\Python312\Lib\site-packages\streamlit\runtime\scriptrunner\script_runner.py", line 705, in _run_script
    ) = exec_func_with_error_handling(code_to_exec, ctx)
  File "C:\Users\A0496749\AppData\Local\Programs\Python\Python312\Lib\site-packages\streamlit\runtime\scriptrunner\exec_code.py", line 129, in exec_func_with_error_handling
    result = func()
  File "C:\Users\A0496749\AppData\Local\Programs\Python\Python312\Lib\site-packages\streamlit\runtime\scriptrunner\script_runner.py", line 689, in code_to_exec
    exec(code, module.__dict__)  # noqa: S102
  File "C:\Capstone_Project\app.py", line 1643, in <module>
    main()
  File "C:\Capstone_Project\app.py", line 1636, in main
    with tab2: tab_eda(df)
  File "C:\Capstone_Project\app.py", line 466, in tab_eda
    view = st.radio("", EDA_VIEWS, key="eda_nav", label_visibility="collapsed")
  File "C:\Users\A0496749\AppData\Local\Programs\Python\Python312\Lib\site-packages\streamlit\runtime\metrics_util.py", line 532, in wrapped_func
    result = non_optional_func(*args, **kwargs)
  File "C:\Users\A0496749\AppData\Local\Programs\Python\Python312\Lib\site-packages\streamlit\elements\widgets\radio.py", line 402, in radio
    return self._radio(
  File "C:\Users\A0496749\AppData\Local\Programs\Python\Python312\Lib\site-packages\streamlit\elements\widgets\radio.py", line 449, in _radio
    maybe_raise_label_warnings(label, label_visibility)
  File "C:\Users\A0496749\AppData\Local\Programs\Python\Python312\Lib\site-packages\streamlit\elements\lib\policies.py", line 187, in maybe_raise_label_warnings
    _LOGGER.warning(
2026-03-26 22:26:07.562 Please replace `use_container_width` with `width`.

`use_container_width` will be removed after 2025-12-31.

For `use_container_width=True`, use `width='stretch'`. For `use_container_width=False`, use `width='content'`.
2026-03-26 22:26:07.609 Please replace `use_container_width` with `width`.

`use_container_width` will be removed after 2025-12-31.

For `use_container_width=True`, use `width='stretch'`. For `use_container_width=False`, use `width='content'`.
2026-03-26 22:26:07.633 Please replace `use_container_width` with `width`.

`use_container_width` will be removed after 2025-12-31.

For `use_container_width=True`, use `width='stretch'`. For `use_container_width=False`, use `width='content'`.
2026-03-26 22:26:07.683 Please replace `use_container_width` with `width`.

`use_container_width` will be removed after 2025-12-31.

For `use_container_width=True`, use `width='stretch'`. For `use_container_width=False`, use `width='content'`.
2026-03-26 22:26:07.712 Please replace `use_container_width` with `width`.

`use_container_width` will be removed after 2025-12-31.

For `use_container_width=True`, use `width='stretch'`. For `use_container_width=False`, use `width='content'`.
2026-03-26 22:26:09.904 Please replace `use_container_width` with `width`.

`use_container_width` will be removed after 2025-12-31.

For `use_container_width=True`, use `width='stretch'`. For `use_container_width=False`, use `width='content'`.
2026-03-26 22:26:09.917 Please replace `use_container_width` with `width`.

`use_container_width` will be removed after 2025-12-31.

For `use_container_width=True`, use `width='stretch'`. For `use_container_width=False`, use `width='content'`.
2026-03-26 22:26:09.951 `label` got an empty value. This is discouraged for accessibility reasons and may be disallowed in the future by raising an exception. Please provide a non-empty label and hide it with label_visibility if needed.
Stack (most recent call last):
  File "C:\Users\A0496749\AppData\Local\Programs\Python\Python312\Lib\threading.py", line 1032, in _bootstrap
    self._bootstrap_inner()
  File "C:\Users\A0496749\AppData\Local\Programs\Python\Python312\Lib\threading.py", line 1075, in _bootstrap_inner
    self.run()
  File "C:\Users\A0496749\AppData\Local\Programs\Python\Python312\Lib\threading.py", line 1012, in run
    self._target(*self._args, **self._kwargs)
  File "C:\Users\A0496749\AppData\Local\Programs\Python\Python312\Lib\site-packages\streamlit\runtime\scriptrunner\script_runner.py", line 379, in _run_script_thread
    self._run_script(request.rerun_data)
  File "C:\Users\A0496749\AppData\Local\Programs\Python\Python312\Lib\site-packages\streamlit\runtime\scriptrunner\script_runner.py", line 705, in _run_script
    ) = exec_func_with_error_handling(code_to_exec, ctx)
  File "C:\Users\A0496749\AppData\Local\Programs\Python\Python312\Lib\site-packages\streamlit\runtime\scriptrunner\exec_code.py", line 129, in exec_func_with_error_handling
    result = func()
  File "C:\Users\A0496749\AppData\Local\Programs\Python\Python312\Lib\site-packages\streamlit\runtime\scriptrunner\script_runner.py", line 689, in code_to_exec
    exec(code, module.__dict__)  # noqa: S102
  File "C:\Capstone_Project\app.py", line 1643, in <module>
    main()
  File "C:\Capstone_Project\app.py", line 1636, in main
    with tab2: tab_eda(df)
  File "C:\Capstone_Project\app.py", line 466, in tab_eda
    view = st.radio("", EDA_VIEWS, key="eda_nav", label_visibility="collapsed")
  File "C:\Users\A0496749\AppData\Local\Programs\Python\Python312\Lib\site-packages\streamlit\runtime\metrics_util.py", line 532, in wrapped_func
    result = non_optional_func(*args, **kwargs)
  File "C:\Users\A0496749\AppData\Local\Programs\Python\Python312\Lib\site-packages\streamlit\elements\widgets\radio.py", line 402, in radio
    return self._radio(
  File "C:\Users\A0496749\AppData\Local\Programs\Python\Python312\Lib\site-packages\streamlit\elements\widgets\radio.py", line 449, in _radio
    maybe_raise_label_warnings(label, label_visibility)
  File "C:\Users\A0496749\AppData\Local\Programs\Python\Python312\Lib\site-packages\streamlit\elements\lib\policies.py", line 187, in maybe_raise_label_warnings
    _LOGGER.warning(
2026-03-26 22:26:09.992 Please replace `use_container_width` with `width`.

`use_container_width` will be removed after 2025-12-31.

For `use_container_width=True`, use `width='stretch'`. For `use_container_width=False`, use `width='content'`.
2026-03-26 22:26:10.040 Please replace `use_container_width` with `width`.

`use_container_width` will be removed after 2025-12-31.

For `use_container_width=True`, use `width='stretch'`. For `use_container_width=False`, use `width='content'`.
2026-03-26 22:26:10.060 Please replace `use_container_width` with `width`.

`use_container_width` will be removed after 2025-12-31.

For `use_container_width=True`, use `width='stretch'`. For `use_container_width=False`, use `width='content'`.
2026-03-26 22:26:10.106 Please replace `use_container_width` with `width`.

`use_container_width` will be removed after 2025-12-31.

For `use_container_width=True`, use `width='stretch'`. For `use_container_width=False`, use `width='content'`.
2026-03-26 22:26:10.134 Please replace `use_container_width` with `width`.

`use_container_width` will be removed after 2025-12-31.

For `use_container_width=True`, use `width='stretch'`. For `use_container_width=False`, use `width='content'`.
2026-03-26 22:28:09.530 Please replace `use_container_width` with `width`.

`use_container_width` will be removed after 2025-12-31.

For `use_container_width=True`, use `width='stretch'`. For `use_container_width=False`, use `width='content'`.
2026-03-26 22:28:09.552 Please replace `use_container_width` with `width`.

`use_container_width` will be removed after 2025-12-31.

For `use_container_width=True`, use `width='stretch'`. For `use_container_width=False`, use `width='content'`.
2026-03-26 22:28:09.614 `label` got an empty value. This is discouraged for accessibility reasons and may be disallowed in the future by raising an exception. Please provide a non-empty label and hide it with label_visibility if needed.
Stack (most recent call last):
  File "C:\Users\A0496749\AppData\Local\Programs\Python\Python312\Lib\threading.py", line 1032, in _bootstrap
    self._bootstrap_inner()
  File "C:\Users\A0496749\AppData\Local\Programs\Python\Python312\Lib\threading.py", line 1075, in _bootstrap_inner
    self.run()
  File "C:\Users\A0496749\AppData\Local\Programs\Python\Python312\Lib\threading.py", line 1012, in run
    self._target(*self._args, **self._kwargs)
  File "C:\Users\A0496749\AppData\Local\Programs\Python\Python312\Lib\site-packages\streamlit\runtime\scriptrunner\script_runner.py", line 379, in _run_script_thread
    self._run_script(request.rerun_data)
  File "C:\Users\A0496749\AppData\Local\Programs\Python\Python312\Lib\site-packages\streamlit\runtime\scriptrunner\script_runner.py", line 705, in _run_script
    ) = exec_func_with_error_handling(code_to_exec, ctx)
  File "C:\Users\A0496749\AppData\Local\Programs\Python\Python312\Lib\site-packages\streamlit\runtime\scriptrunner\exec_code.py", line 129, in exec_func_with_error_handling
    result = func()
  File "C:\Users\A0496749\AppData\Local\Programs\Python\Python312\Lib\site-packages\streamlit\runtime\scriptrunner\script_runner.py", line 689, in code_to_exec
    exec(code, module.__dict__)  # noqa: S102
  File "C:\Capstone_Project\app.py", line 1643, in <module>
    main()
  File "C:\Capstone_Project\app.py", line 1636, in main
    with tab2: tab_eda(df)
  File "C:\Capstone_Project\app.py", line 466, in tab_eda
    view = st.radio("", EDA_VIEWS, key="eda_nav", label_visibility="collapsed")
  File "C:\Users\A0496749\AppData\Local\Programs\Python\Python312\Lib\site-packages\streamlit\runtime\metrics_util.py", line 532, in wrapped_func
    result = non_optional_func(*args, **kwargs)
  File "C:\Users\A0496749\AppData\Local\Programs\Python\Python312\Lib\site-packages\streamlit\elements\widgets\radio.py", line 402, in radio
    return self._radio(
  File "C:\Users\A0496749\AppData\Local\Programs\Python\Python312\Lib\site-packages\streamlit\elements\widgets\radio.py", line 449, in _radio
    maybe_raise_label_warnings(label, label_visibility)
  File "C:\Users\A0496749\AppData\Local\Programs\Python\Python312\Lib\site-packages\streamlit\elements\lib\policies.py", line 187, in maybe_raise_label_warnings
    _LOGGER.warning(
2026-03-26 22:28:09.696 Please replace `use_container_width` with `width`.

`use_container_width` will be removed after 2025-12-31.

For `use_container_width=True`, use `width='stretch'`. For `use_container_width=False`, use `width='content'`.
2026-03-26 22:28:09.775 Please replace `use_container_width` with `width`.

`use_container_width` will be removed after 2025-12-31.

For `use_container_width=True`, use `width='stretch'`. For `use_container_width=False`, use `width='content'`.
2026-03-26 22:28:09.822 Please replace `use_container_width` with `width`.

`use_container_width` will be removed after 2025-12-31.

For `use_container_width=True`, use `width='stretch'`. For `use_container_width=False`, use `width='content'`.
2026-03-26 22:28:09.940 Please replace `use_container_width` with `width`.

`use_container_width` will be removed after 2025-12-31.

For `use_container_width=True`, use `width='stretch'`. For `use_container_width=False`, use `width='content'`.
2026-03-26 22:28:10.008 Please replace `use_container_width` with `width`.

`use_container_width` will be removed after 2025-12-31.

For `use_container_width=True`, use `width='stretch'`. For `use_container_width=False`, use `width='content'`.
2026-03-26 22:28:16.789 Please replace `use_container_width` with `width`.

`use_container_width` will be removed after 2025-12-31.

For `use_container_width=True`, use `width='stretch'`. For `use_container_width=False`, use `width='content'`.
2026-03-26 22:28:16.804 Please replace `use_container_width` with `width`.

`use_container_width` will be removed after 2025-12-31.

For `use_container_width=True`, use `width='stretch'`. For `use_container_width=False`, use `width='content'`.
2026-03-26 22:28:16.833 `label` got an empty value. This is discouraged for accessibility reasons and may be disallowed in the future by raising an exception. Please provide a non-empty label and hide it with label_visibility if needed.
Stack (most recent call last):
  File "C:\Users\A0496749\AppData\Local\Programs\Python\Python312\Lib\threading.py", line 1032, in _bootstrap
    self._bootstrap_inner()
  File "C:\Users\A0496749\AppData\Local\Programs\Python\Python312\Lib\threading.py", line 1075, in _bootstrap_inner
    self.run()
  File "C:\Users\A0496749\AppData\Local\Programs\Python\Python312\Lib\threading.py", line 1012, in run
    self._target(*self._args, **self._kwargs)
  File "C:\Users\A0496749\AppData\Local\Programs\Python\Python312\Lib\site-packages\streamlit\runtime\scriptrunner\script_runner.py", line 379, in _run_script_thread
    self._run_script(request.rerun_data)
  File "C:\Users\A0496749\AppData\Local\Programs\Python\Python312\Lib\site-packages\streamlit\runtime\scriptrunner\script_runner.py", line 705, in _run_script
    ) = exec_func_with_error_handling(code_to_exec, ctx)
  File "C:\Users\A0496749\AppData\Local\Programs\Python\Python312\Lib\site-packages\streamlit\runtime\scriptrunner\exec_code.py", line 129, in exec_func_with_error_handling
    result = func()
  File "C:\Users\A0496749\AppData\Local\Programs\Python\Python312\Lib\site-packages\streamlit\runtime\scriptrunner\script_runner.py", line 689, in code_to_exec
    exec(code, module.__dict__)  # noqa: S102
  File "C:\Capstone_Project\app.py", line 1643, in <module>
    main()
  File "C:\Capstone_Project\app.py", line 1636, in main
    with tab2: tab_eda(df)
  File "C:\Capstone_Project\app.py", line 466, in tab_eda
    view = st.radio("", EDA_VIEWS, key="eda_nav", label_visibility="collapsed")
  File "C:\Users\A0496749\AppData\Local\Programs\Python\Python312\Lib\site-packages\streamlit\runtime\metrics_util.py", line 532, in wrapped_func
    result = non_optional_func(*args, **kwargs)
  File "C:\Users\A0496749\AppData\Local\Programs\Python\Python312\Lib\site-packages\streamlit\elements\widgets\radio.py", line 402, in radio
    return self._radio(
  File "C:\Users\A0496749\AppData\Local\Programs\Python\Python312\Lib\site-packages\streamlit\elements\widgets\radio.py", line 449, in _radio
    maybe_raise_label_warnings(label, label_visibility)
  File "C:\Users\A0496749\AppData\Local\Programs\Python\Python312\Lib\site-packages\streamlit\elements\lib\policies.py", line 187, in maybe_raise_label_warnings
    _LOGGER.warning(
2026-03-26 22:28:16.870 Please replace `use_container_width` with `width`.

`use_container_width` will be removed after 2025-12-31.

For `use_container_width=True`, use `width='stretch'`. For `use_container_width=False`, use `width='content'`.
2026-03-26 22:28:16.912 Please replace `use_container_width` with `width`.

`use_container_width` will be removed after 2025-12-31.

For `use_container_width=True`, use `width='stretch'`. For `use_container_width=False`, use `width='content'`.
2026-03-26 22:28:16.939 Please replace `use_container_width` with `width`.

`use_container_width` will be removed after 2025-12-31.

For `use_container_width=True`, use `width='stretch'`. For `use_container_width=False`, use `width='content'`.
2026-03-26 22:28:16.985 Please replace `use_container_width` with `width`.

`use_container_width` will be removed after 2025-12-31.

For `use_container_width=True`, use `width='stretch'`. For `use_container_width=False`, use `width='content'`.
2026-03-26 22:28:17.014 Please replace `use_container_width` with `width`.

`use_container_width` will be removed after 2025-12-31.

For `use_container_width=True`, use `width='stretch'`. For `use_container_width=False`, use `width='content'`.
2026-03-26 22:29:46.790 Please replace `use_container_width` with `width`.

`use_container_width` will be removed after 2025-12-31.

For `use_container_width=True`, use `width='stretch'`. For `use_container_width=False`, use `width='content'`.
2026-03-26 22:29:46.812 Please replace `use_container_width` with `width`.

`use_container_width` will be removed after 2025-12-31.

For `use_container_width=True`, use `width='stretch'`. For `use_container_width=False`, use `width='content'`.
2026-03-26 22:29:46.890 `label` got an empty value. This is discouraged for accessibility reasons and may be disallowed in the future by raising an exception. Please provide a non-empty label and hide it with label_visibility if needed.
Stack (most recent call last):
  File "C:\Users\A0496749\AppData\Local\Programs\Python\Python312\Lib\threading.py", line 1032, in _bootstrap
    self._bootstrap_inner()
  File "C:\Users\A0496749\AppData\Local\Programs\Python\Python312\Lib\threading.py", line 1075, in _bootstrap_inner
    self.run()
  File "C:\Users\A0496749\AppData\Local\Programs\Python\Python312\Lib\threading.py", line 1012, in run
    self._target(*self._args, **self._kwargs)
  File "C:\Users\A0496749\AppData\Local\Programs\Python\Python312\Lib\site-packages\streamlit\runtime\scriptrunner\script_runner.py", line 379, in _run_script_thread
    self._run_script(request.rerun_data)
  File "C:\Users\A0496749\AppData\Local\Programs\Python\Python312\Lib\site-packages\streamlit\runtime\scriptrunner\script_runner.py", line 705, in _run_script
    ) = exec_func_with_error_handling(code_to_exec, ctx)
  File "C:\Users\A0496749\AppData\Local\Programs\Python\Python312\Lib\site-packages\streamlit\runtime\scriptrunner\exec_code.py", line 129, in exec_func_with_error_handling
    result = func()
  File "C:\Users\A0496749\AppData\Local\Programs\Python\Python312\Lib\site-packages\streamlit\runtime\scriptrunner\script_runner.py", line 689, in code_to_exec
    exec(code, module.__dict__)  # noqa: S102
  File "C:\Capstone_Project\app.py", line 1643, in <module>
    main()
  File "C:\Capstone_Project\app.py", line 1636, in main
    with tab2: tab_eda(df)
  File "C:\Capstone_Project\app.py", line 466, in tab_eda
    view = st.radio("", EDA_VIEWS, key="eda_nav", label_visibility="collapsed")
  File "C:\Users\A0496749\AppData\Local\Programs\Python\Python312\Lib\site-packages\streamlit\runtime\metrics_util.py", line 532, in wrapped_func
    result = non_optional_func(*args, **kwargs)
  File "C:\Users\A0496749\AppData\Local\Programs\Python\Python312\Lib\site-packages\streamlit\elements\widgets\radio.py", line 402, in radio
    return self._radio(
  File "C:\Users\A0496749\AppData\Local\Programs\Python\Python312\Lib\site-packages\streamlit\elements\widgets\radio.py", line 449, in _radio
    maybe_raise_label_warnings(label, label_visibility)
  File "C:\Users\A0496749\AppData\Local\Programs\Python\Python312\Lib\site-packages\streamlit\elements\lib\policies.py", line 187, in maybe_raise_label_warnings
    _LOGGER.warning(
2026-03-26 22:29:46.964 Please replace `use_container_width` with `width`.

`use_container_width` will be removed after 2025-12-31.

For `use_container_width=True`, use `width='stretch'`. For `use_container_width=False`, use `width='content'`.
2026-03-26 22:29:47.060 Please replace `use_container_width` with `width`.

`use_container_width` will be removed after 2025-12-31.

For `use_container_width=True`, use `width='stretch'`. For `use_container_width=False`, use `width='content'`.
2026-03-26 22:29:47.102 Please replace `use_container_width` with `width`.

`use_container_width` will be removed after 2025-12-31.

For `use_container_width=True`, use `width='stretch'`. For `use_container_width=False`, use `width='content'`.
2026-03-26 22:29:47.162 Please replace `use_container_width` with `width`.

`use_container_width` will be removed after 2025-12-31.

For `use_container_width=True`, use `width='stretch'`. For `use_container_width=False`, use `width='content'`.
2026-03-26 22:29:47.199 Please replace `use_container_width` with `width`.

`use_container_width` will be removed after 2025-12-31.

For `use_container_width=True`, use `width='stretch'`. For `use_container_width=False`, use `width='content'`.
2026-03-26 22:29:48.935 Please replace `use_container_width` with `width`.

`use_container_width` will be removed after 2025-12-31.

For `use_container_width=True`, use `width='stretch'`. For `use_container_width=False`, use `width='content'`.
2026-03-26 22:29:48.949 Please replace `use_container_width` with `width`.

`use_container_width` will be removed after 2025-12-31.

For `use_container_width=True`, use `width='stretch'`. For `use_container_width=False`, use `width='content'`.
2026-03-26 22:29:48.982 `label` got an empty value. This is discouraged for accessibility reasons and may be disallowed in the future by raising an exception. Please provide a non-empty label and hide it with label_visibility if needed.
Stack (most recent call last):
  File "C:\Users\A0496749\AppData\Local\Programs\Python\Python312\Lib\threading.py", line 1032, in _bootstrap
    self._bootstrap_inner()
  File "C:\Users\A0496749\AppData\Local\Programs\Python\Python312\Lib\threading.py", line 1075, in _bootstrap_inner
    self.run()
  File "C:\Users\A0496749\AppData\Local\Programs\Python\Python312\Lib\threading.py", line 1012, in run
    self._target(*self._args, **self._kwargs)
  File "C:\Users\A0496749\AppData\Local\Programs\Python\Python312\Lib\site-packages\streamlit\runtime\scriptrunner\script_runner.py", line 379, in _run_script_thread
    self._run_script(request.rerun_data)
  File "C:\Users\A0496749\AppData\Local\Programs\Python\Python312\Lib\site-packages\streamlit\runtime\scriptrunner\script_runner.py", line 705, in _run_script
    ) = exec_func_with_error_handling(code_to_exec, ctx)
  File "C:\Users\A0496749\AppData\Local\Programs\Python\Python312\Lib\site-packages\streamlit\runtime\scriptrunner\exec_code.py", line 129, in exec_func_with_error_handling
    result = func()
  File "C:\Users\A0496749\AppData\Local\Programs\Python\Python312\Lib\site-packages\streamlit\runtime\scriptrunner\script_runner.py", line 689, in code_to_exec
    exec(code, module.__dict__)  # noqa: S102
  File "C:\Capstone_Project\app.py", line 1643, in <module>
    main()
  File "C:\Capstone_Project\app.py", line 1636, in main
    with tab2: tab_eda(df)
  File "C:\Capstone_Project\app.py", line 466, in tab_eda
    view = st.radio("", EDA_VIEWS, key="eda_nav", label_visibility="collapsed")
  File "C:\Users\A0496749\AppData\Local\Programs\Python\Python312\Lib\site-packages\streamlit\runtime\metrics_util.py", line 532, in wrapped_func
    result = non_optional_func(*args, **kwargs)
  File "C:\Users\A0496749\AppData\Local\Programs\Python\Python312\Lib\site-packages\streamlit\elements\widgets\radio.py", line 402, in radio
    return self._radio(
  File "C:\Users\A0496749\AppData\Local\Programs\Python\Python312\Lib\site-packages\streamlit\elements\widgets\radio.py", line 449, in _radio
    maybe_raise_label_warnings(label, label_visibility)
  File "C:\Users\A0496749\AppData\Local\Programs\Python\Python312\Lib\site-packages\streamlit\elements\lib\policies.py", line 187, in maybe_raise_label_warnings
    _LOGGER.warning(
2026-03-26 22:29:49.032 Please replace `use_container_width` with `width`.

`use_container_width` will be removed after 2025-12-31.

For `use_container_width=True`, use `width='stretch'`. For `use_container_width=False`, use `width='content'`.
2026-03-26 22:29:49.094 Please replace `use_container_width` with `width`.

`use_container_width` will be removed after 2025-12-31.

For `use_container_width=True`, use `width='stretch'`. For `use_container_width=False`, use `width='content'`.
2026-03-26 22:29:49.125 Please replace `use_container_width` with `width`.

`use_container_width` will be removed after 2025-12-31.

For `use_container_width=True`, use `width='stretch'`. For `use_container_width=False`, use `width='content'`.
2026-03-26 22:29:49.181 Please replace `use_container_width` with `width`.

`use_container_width` will be removed after 2025-12-31.

For `use_container_width=True`, use `width='stretch'`. For `use_container_width=False`, use `width='content'`.
2026-03-26 22:29:49.212 Please replace `use_container_width` with `width`.

`use_container_width` will be removed after 2025-12-31.

For `use_container_width=True`, use `width='stretch'`. For `use_container_width=False`, use `width='content'`.
2026-03-26 22:30:27.957 Please replace `use_container_width` with `width`.

`use_container_width` will be removed after 2025-12-31.

For `use_container_width=True`, use `width='stretch'`. For `use_container_width=False`, use `width='content'`.
2026-03-26 22:30:27.968 Please replace `use_container_width` with `width`.

`use_container_width` will be removed after 2025-12-31.

For `use_container_width=True`, use `width='stretch'`. For `use_container_width=False`, use `width='content'`.
2026-03-26 22:30:28.007 `label` got an empty value. This is discouraged for accessibility reasons and may be disallowed in the future by raising an exception. Please provide a non-empty label and hide it with label_visibility if needed.
Stack (most recent call last):
  File "C:\Users\A0496749\AppData\Local\Programs\Python\Python312\Lib\threading.py", line 1032, in _bootstrap
    self._bootstrap_inner()
  File "C:\Users\A0496749\AppData\Local\Programs\Python\Python312\Lib\threading.py", line 1075, in _bootstrap_inner
    self.run()
  File "C:\Users\A0496749\AppData\Local\Programs\Python\Python312\Lib\threading.py", line 1012, in run
    self._target(*self._args, **self._kwargs)
  File "C:\Users\A0496749\AppData\Local\Programs\Python\Python312\Lib\site-packages\streamlit\runtime\scriptrunner\script_runner.py", line 379, in _run_script_thread
    self._run_script(request.rerun_data)
  File "C:\Users\A0496749\AppData\Local\Programs\Python\Python312\Lib\site-packages\streamlit\runtime\scriptrunner\script_runner.py", line 705, in _run_script
    ) = exec_func_with_error_handling(code_to_exec, ctx)
  File "C:\Users\A0496749\AppData\Local\Programs\Python\Python312\Lib\site-packages\streamlit\runtime\scriptrunner\exec_code.py", line 129, in exec_func_with_error_handling
    result = func()
  File "C:\Users\A0496749\AppData\Local\Programs\Python\Python312\Lib\site-packages\streamlit\runtime\scriptrunner\script_runner.py", line 689, in code_to_exec
    exec(code, module.__dict__)  # noqa: S102
  File "C:\Capstone_Project\app.py", line 1643, in <module>
    main()
  File "C:\Capstone_Project\app.py", line 1636, in main
    with tab2: tab_eda(df)
  File "C:\Capstone_Project\app.py", line 466, in tab_eda
    view = st.radio("", EDA_VIEWS, key="eda_nav", label_visibility="collapsed")
  File "C:\Users\A0496749\AppData\Local\Programs\Python\Python312\Lib\site-packages\streamlit\runtime\metrics_util.py", line 532, in wrapped_func
    result = non_optional_func(*args, **kwargs)
  File "C:\Users\A0496749\AppData\Local\Programs\Python\Python312\Lib\site-packages\streamlit\elements\widgets\radio.py", line 402, in radio
    return self._radio(
  File "C:\Users\A0496749\AppData\Local\Programs\Python\Python312\Lib\site-packages\streamlit\elements\widgets\radio.py", line 449, in _radio
    maybe_raise_label_warnings(label, label_visibility)
  File "C:\Users\A0496749\AppData\Local\Programs\Python\Python312\Lib\site-packages\streamlit\elements\lib\policies.py", line 187, in maybe_raise_label_warnings
    _LOGGER.warning(
2026-03-26 22:30:28.028 Please replace `use_container_width` with `width`.

`use_container_width` will be removed after 2025-12-31.

For `use_container_width=True`, use `width='stretch'`. For `use_container_width=False`, use `width='content'`.
2026-03-26 22:30:28.078 Please replace `use_container_width` with `width`.

`use_container_width` will be removed after 2025-12-31.

For `use_container_width=True`, use `width='stretch'`. For `use_container_width=False`, use `width='content'`.
2026-03-26 22:30:28.099 Please replace `use_container_width` with `width`.

`use_container_width` will be removed after 2025-12-31.

For `use_container_width=True`, use `width='stretch'`. For `use_container_width=False`, use `width='content'`.
2026-03-26 22:30:28.138 Please replace `use_container_width` with `width`.

`use_container_width` will be removed after 2025-12-31.

For `use_container_width=True`, use `width='stretch'`. For `use_container_width=False`, use `width='content'`.
2026-03-26 22:30:28.164 Please replace `use_container_width` with `width`.

`use_container_width` will be removed after 2025-12-31.

For `use_container_width=True`, use `width='stretch'`. For `use_container_width=False`, use `width='content'`.
2026-03-26 22:31:14.348 Please replace `use_container_width` with `width`.

`use_container_width` will be removed after 2025-12-31.

For `use_container_width=True`, use `width='stretch'`. For `use_container_width=False`, use `width='content'`.
2026-03-26 22:31:14.365 Please replace `use_container_width` with `width`.

`use_container_width` will be removed after 2025-12-31.

For `use_container_width=True`, use `width='stretch'`. For `use_container_width=False`, use `width='content'`.
2026-03-26 22:31:14.411 `label` got an empty value. This is discouraged for accessibility reasons and may be disallowed in the future by raising an exception. Please provide a non-empty label and hide it with label_visibility if needed.
Stack (most recent call last):
  File "C:\Users\A0496749\AppData\Local\Programs\Python\Python312\Lib\threading.py", line 1032, in _bootstrap
    self._bootstrap_inner()
  File "C:\Users\A0496749\AppData\Local\Programs\Python\Python312\Lib\threading.py", line 1075, in _bootstrap_inner
    self.run()
  File "C:\Users\A0496749\AppData\Local\Programs\Python\Python312\Lib\threading.py", line 1012, in run
    self._target(*self._args, **self._kwargs)
  File "C:\Users\A0496749\AppData\Local\Programs\Python\Python312\Lib\site-packages\streamlit\runtime\scriptrunner\script_runner.py", line 379, in _run_script_thread
    self._run_script(request.rerun_data)
  File "C:\Users\A0496749\AppData\Local\Programs\Python\Python312\Lib\site-packages\streamlit\runtime\scriptrunner\script_runner.py", line 705, in _run_script
    ) = exec_func_with_error_handling(code_to_exec, ctx)
  File "C:\Users\A0496749\AppData\Local\Programs\Python\Python312\Lib\site-packages\streamlit\runtime\scriptrunner\exec_code.py", line 129, in exec_func_with_error_handling
    result = func()
  File "C:\Users\A0496749\AppData\Local\Programs\Python\Python312\Lib\site-packages\streamlit\runtime\scriptrunner\script_runner.py", line 689, in code_to_exec
    exec(code, module.__dict__)  # noqa: S102
  File "C:\Capstone_Project\app.py", line 1643, in <module>
    main()
  File "C:\Capstone_Project\app.py", line 1636, in main
    with tab2: tab_eda(df)
  File "C:\Capstone_Project\app.py", line 466, in tab_eda
    view = st.radio("", EDA_VIEWS, key="eda_nav", label_visibility="collapsed")
  File "C:\Users\A0496749\AppData\Local\Programs\Python\Python312\Lib\site-packages\streamlit\runtime\metrics_util.py", line 532, in wrapped_func
    result = non_optional_func(*args, **kwargs)
  File "C:\Users\A0496749\AppData\Local\Programs\Python\Python312\Lib\site-packages\streamlit\elements\widgets\radio.py", line 402, in radio
    return self._radio(
  File "C:\Users\A0496749\AppData\Local\Programs\Python\Python312\Lib\site-packages\streamlit\elements\widgets\radio.py", line 449, in _radio
    maybe_raise_label_warnings(label, label_visibility)
  File "C:\Users\A0496749\AppData\Local\Programs\Python\Python312\Lib\site-packages\streamlit\elements\lib\policies.py", line 187, in maybe_raise_label_warnings
    _LOGGER.warning(
2026-03-26 22:31:14.564 Please replace `use_container_width` with `width`.

`use_container_width` will be removed after 2025-12-31.

For `use_container_width=True`, use `width='stretch'`. For `use_container_width=False`, use `width='content'`.
2026-03-26 22:31:14.649 Please replace `use_container_width` with `width`.

`use_container_width` will be removed after 2025-12-31.

For `use_container_width=True`, use `width='stretch'`. For `use_container_width=False`, use `width='content'`.
2026-03-26 22:31:14.675 Please replace `use_container_width` with `width`.

`use_container_width` will be removed after 2025-12-31.

For `use_container_width=True`, use `width='stretch'`. For `use_container_width=False`, use `width='content'`.
2026-03-26 22:31:14.727 Please replace `use_container_width` with `width`.

`use_container_width` will be removed after 2025-12-31.

For `use_container_width=True`, use `width='stretch'`. For `use_container_width=False`, use `width='content'`.
2026-03-26 22:31:14.755 Please replace `use_container_width` with `width`.

`use_container_width` will be removed after 2025-12-31.

For `use_container_width=True`, use `width='stretch'`. For `use_container_width=False`, use `width='content'`.
2026-03-26 22:31:49.613 Please replace `use_container_width` with `width`.

`use_container_width` will be removed after 2025-12-31.

For `use_container_width=True`, use `width='stretch'`. For `use_container_width=False`, use `width='content'`.
2026-03-26 22:31:49.624 Please replace `use_container_width` with `width`.

`use_container_width` will be removed after 2025-12-31.

For `use_container_width=True`, use `width='stretch'`. For `use_container_width=False`, use `width='content'`.
2026-03-26 22:31:49.664 `label` got an empty value. This is discouraged for accessibility reasons and may be disallowed in the future by raising an exception. Please provide a non-empty label and hide it with label_visibility if needed.
Stack (most recent call last):
  File "C:\Users\A0496749\AppData\Local\Programs\Python\Python312\Lib\threading.py", line 1032, in _bootstrap
    self._bootstrap_inner()
  File "C:\Users\A0496749\AppData\Local\Programs\Python\Python312\Lib\threading.py", line 1075, in _bootstrap_inner
    self.run()
  File "C:\Users\A0496749\AppData\Local\Programs\Python\Python312\Lib\threading.py", line 1012, in run
    self._target(*self._args, **self._kwargs)
  File "C:\Users\A0496749\AppData\Local\Programs\Python\Python312\Lib\site-packages\streamlit\runtime\scriptrunner\script_runner.py", line 379, in _run_script_thread
    self._run_script(request.rerun_data)
  File "C:\Users\A0496749\AppData\Local\Programs\Python\Python312\Lib\site-packages\streamlit\runtime\scriptrunner\script_runner.py", line 705, in _run_script
    ) = exec_func_with_error_handling(code_to_exec, ctx)
  File "C:\Users\A0496749\AppData\Local\Programs\Python\Python312\Lib\site-packages\streamlit\runtime\scriptrunner\exec_code.py", line 129, in exec_func_with_error_handling
    result = func()
  File "C:\Users\A0496749\AppData\Local\Programs\Python\Python312\Lib\site-packages\streamlit\runtime\scriptrunner\script_runner.py", line 689, in code_to_exec
    exec(code, module.__dict__)  # noqa: S102
  File "C:\Capstone_Project\app.py", line 1643, in <module>
    main()
  File "C:\Capstone_Project\app.py", line 1636, in main
    with tab2: tab_eda(df)
  File "C:\Capstone_Project\app.py", line 466, in tab_eda
    view = st.radio("", EDA_VIEWS, key="eda_nav", label_visibility="collapsed")
  File "C:\Users\A0496749\AppData\Local\Programs\Python\Python312\Lib\site-packages\streamlit\runtime\metrics_util.py", line 532, in wrapped_func
    result = non_optional_func(*args, **kwargs)
  File "C:\Users\A0496749\AppData\Local\Programs\Python\Python312\Lib\site-packages\streamlit\elements\widgets\radio.py", line 402, in radio
    return self._radio(
  File "C:\Users\A0496749\AppData\Local\Programs\Python\Python312\Lib\site-packages\streamlit\elements\widgets\radio.py", line 449, in _radio
    maybe_raise_label_warnings(label, label_visibility)
  File "C:\Users\A0496749\AppData\Local\Programs\Python\Python312\Lib\site-packages\streamlit\elements\lib\policies.py", line 187, in maybe_raise_label_warnings
    _LOGGER.warning(
2026-03-26 22:31:49.776 Please replace `use_container_width` with `width`.

`use_container_width` will be removed after 2025-12-31.

For `use_container_width=True`, use `width='stretch'`. For `use_container_width=False`, use `width='content'`.
2026-03-26 22:31:49.845 Please replace `use_container_width` with `width`.

`use_container_width` will be removed after 2025-12-31.

For `use_container_width=True`, use `width='stretch'`. For `use_container_width=False`, use `width='content'`.
2026-03-26 22:31:49.870 Please replace `use_container_width` with `width`.

`use_container_width` will be removed after 2025-12-31.

For `use_container_width=True`, use `width='stretch'`. For `use_container_width=False`, use `width='content'`.
2026-03-26 22:31:49.914 Please replace `use_container_width` with `width`.

`use_container_width` will be removed after 2025-12-31.

For `use_container_width=True`, use `width='stretch'`. For `use_container_width=False`, use `width='content'`.
2026-03-26 22:31:49.937 Please replace `use_container_width` with `width`.

`use_container_width` will be removed after 2025-12-31.

For `use_container_width=True`, use `width='stretch'`. For `use_container_width=False`, use `width='content'`.
2026-03-26 22:31:51.790 Please replace `use_container_width` with `width`.

`use_container_width` will be removed after 2025-12-31.

For `use_container_width=True`, use `width='stretch'`. For `use_container_width=False`, use `width='content'`.
2026-03-26 22:31:51.802 Please replace `use_container_width` with `width`.

`use_container_width` will be removed after 2025-12-31.

For `use_container_width=True`, use `width='stretch'`. For `use_container_width=False`, use `width='content'`.
2026-03-26 22:31:51.839 `label` got an empty value. This is discouraged for accessibility reasons and may be disallowed in the future by raising an exception. Please provide a non-empty label and hide it with label_visibility if needed.
Stack (most recent call last):
  File "C:\Users\A0496749\AppData\Local\Programs\Python\Python312\Lib\threading.py", line 1032, in _bootstrap
    self._bootstrap_inner()
  File "C:\Users\A0496749\AppData\Local\Programs\Python\Python312\Lib\threading.py", line 1075, in _bootstrap_inner
    self.run()
  File "C:\Users\A0496749\AppData\Local\Programs\Python\Python312\Lib\threading.py", line 1012, in run
    self._target(*self._args, **self._kwargs)
  File "C:\Users\A0496749\AppData\Local\Programs\Python\Python312\Lib\site-packages\streamlit\runtime\scriptrunner\script_runner.py", line 379, in _run_script_thread
    self._run_script(request.rerun_data)
  File "C:\Users\A0496749\AppData\Local\Programs\Python\Python312\Lib\site-packages\streamlit\runtime\scriptrunner\script_runner.py", line 705, in _run_script
    ) = exec_func_with_error_handling(code_to_exec, ctx)
  File "C:\Users\A0496749\AppData\Local\Programs\Python\Python312\Lib\site-packages\streamlit\runtime\scriptrunner\exec_code.py", line 129, in exec_func_with_error_handling
    result = func()
  File "C:\Users\A0496749\AppData\Local\Programs\Python\Python312\Lib\site-packages\streamlit\runtime\scriptrunner\script_runner.py", line 689, in code_to_exec
    exec(code, module.__dict__)  # noqa: S102
  File "C:\Capstone_Project\app.py", line 1643, in <module>
    main()
  File "C:\Capstone_Project\app.py", line 1636, in main
    with tab2: tab_eda(df)
  File "C:\Capstone_Project\app.py", line 466, in tab_eda
    view = st.radio("", EDA_VIEWS, key="eda_nav", label_visibility="collapsed")
  File "C:\Users\A0496749\AppData\Local\Programs\Python\Python312\Lib\site-packages\streamlit\runtime\metrics_util.py", line 532, in wrapped_func
    result = non_optional_func(*args, **kwargs)
  File "C:\Users\A0496749\AppData\Local\Programs\Python\Python312\Lib\site-packages\streamlit\elements\widgets\radio.py", line 402, in radio
    return self._radio(
  File "C:\Users\A0496749\AppData\Local\Programs\Python\Python312\Lib\site-packages\streamlit\elements\widgets\radio.py", line 449, in _radio
    maybe_raise_label_warnings(label, label_visibility)
  File "C:\Users\A0496749\AppData\Local\Programs\Python\Python312\Lib\site-packages\streamlit\elements\lib\policies.py", line 187, in maybe_raise_label_warnings
    _LOGGER.warning(
2026-03-26 22:31:51.979 Please replace `use_container_width` with `width`.

`use_container_width` will be removed after 2025-12-31.

For `use_container_width=True`, use `width='stretch'`. For `use_container_width=False`, use `width='content'`.
2026-03-26 22:31:52.046 Please replace `use_container_width` with `width`.

`use_container_width` will be removed after 2025-12-31.

For `use_container_width=True`, use `width='stretch'`. For `use_container_width=False`, use `width='content'`.
2026-03-26 22:31:52.071 Please replace `use_container_width` with `width`.

`use_container_width` will be removed after 2025-12-31.

For `use_container_width=True`, use `width='stretch'`. For `use_container_width=False`, use `width='content'`.
2026-03-26 22:31:52.111 Please replace `use_container_width` with `width`.

`use_container_width` will be removed after 2025-12-31.

For `use_container_width=True`, use `width='stretch'`. For `use_container_width=False`, use `width='content'`.
2026-03-26 22:31:52.138 Please replace `use_container_width` with `width`.

`use_container_width` will be removed after 2025-12-31.

For `use_container_width=True`, use `width='stretch'`. For `use_container_width=False`, use `width='content'`.
2026-03-26 22:36:00.469 Please replace `use_container_width` with `width`.

`use_container_width` will be removed after 2025-12-31.

For `use_container_width=True`, use `width='stretch'`. For `use_container_width=False`, use `width='content'`.
2026-03-26 22:36:00.480 Please replace `use_container_width` with `width`.

`use_container_width` will be removed after 2025-12-31.

For `use_container_width=True`, use `width='stretch'`. For `use_container_width=False`, use `width='content'`.
2026-03-26 22:36:00.521 `label` got an empty value. This is discouraged for accessibility reasons and may be disallowed in the future by raising an exception. Please provide a non-empty label and hide it with label_visibility if needed.
Stack (most recent call last):
  File "C:\Users\A0496749\AppData\Local\Programs\Python\Python312\Lib\threading.py", line 1032, in _bootstrap
    self._bootstrap_inner()
  File "C:\Users\A0496749\AppData\Local\Programs\Python\Python312\Lib\threading.py", line 1075, in _bootstrap_inner
    self.run()
  File "C:\Users\A0496749\AppData\Local\Programs\Python\Python312\Lib\threading.py", line 1012, in run
    self._target(*self._args, **self._kwargs)
  File "C:\Users\A0496749\AppData\Local\Programs\Python\Python312\Lib\site-packages\streamlit\runtime\scriptrunner\script_runner.py", line 379, in _run_script_thread
    self._run_script(request.rerun_data)
  File "C:\Users\A0496749\AppData\Local\Programs\Python\Python312\Lib\site-packages\streamlit\runtime\scriptrunner\script_runner.py", line 705, in _run_script
    ) = exec_func_with_error_handling(code_to_exec, ctx)
  File "C:\Users\A0496749\AppData\Local\Programs\Python\Python312\Lib\site-packages\streamlit\runtime\scriptrunner\exec_code.py", line 129, in exec_func_with_error_handling
    result = func()
  File "C:\Users\A0496749\AppData\Local\Programs\Python\Python312\Lib\site-packages\streamlit\runtime\scriptrunner\script_runner.py", line 689, in code_to_exec
    exec(code, module.__dict__)  # noqa: S102
  File "C:\Capstone_Project\app.py", line 1643, in <module>
    main()
  File "C:\Capstone_Project\app.py", line 1636, in main
    with tab2: tab_eda(df)
  File "C:\Capstone_Project\app.py", line 466, in tab_eda
    view = st.radio("", EDA_VIEWS, key="eda_nav", label_visibility="collapsed")
  File "C:\Users\A0496749\AppData\Local\Programs\Python\Python312\Lib\site-packages\streamlit\runtime\metrics_util.py", line 532, in wrapped_func
    result = non_optional_func(*args, **kwargs)
  File "C:\Users\A0496749\AppData\Local\Programs\Python\Python312\Lib\site-packages\streamlit\elements\widgets\radio.py", line 402, in radio
    return self._radio(
  File "C:\Users\A0496749\AppData\Local\Programs\Python\Python312\Lib\site-packages\streamlit\elements\widgets\radio.py", line 449, in _radio
    maybe_raise_label_warnings(label, label_visibility)
  File "C:\Users\A0496749\AppData\Local\Programs\Python\Python312\Lib\site-packages\streamlit\elements\lib\policies.py", line 187, in maybe_raise_label_warnings
    _LOGGER.warning(
2026-03-26 22:36:00.568 Please replace `use_container_width` with `width`.

`use_container_width` will be removed after 2025-12-31.

For `use_container_width=True`, use `width='stretch'`. For `use_container_width=False`, use `width='content'`.
2026-03-26 22:36:00.621 Please replace `use_container_width` with `width`.

`use_container_width` will be removed after 2025-12-31.

For `use_container_width=True`, use `width='stretch'`. For `use_container_width=False`, use `width='content'`.
2026-03-26 22:36:00.647 Please replace `use_container_width` with `width`.

`use_container_width` will be removed after 2025-12-31.

For `use_container_width=True`, use `width='stretch'`. For `use_container_width=False`, use `width='content'`.
2026-03-26 22:36:00.692 Please replace `use_container_width` with `width`.

`use_container_width` will be removed after 2025-12-31.

For `use_container_width=True`, use `width='stretch'`. For `use_container_width=False`, use `width='content'`.
2026-03-26 22:36:00.721 Please replace `use_container_width` with `width`.

`use_container_width` will be removed after 2025-12-31.

For `use_container_width=True`, use `width='stretch'`. For `use_container_width=False`, use `width='content'`.
2026-03-26 22:36:14.430 Please replace `use_container_width` with `width`.

`use_container_width` will be removed after 2025-12-31.

For `use_container_width=True`, use `width='stretch'`. For `use_container_width=False`, use `width='content'`.
2026-03-26 22:36:14.455 Please replace `use_container_width` with `width`.

`use_container_width` will be removed after 2025-12-31.

For `use_container_width=True`, use `width='stretch'`. For `use_container_width=False`, use `width='content'`.
2026-03-26 22:36:14.515 `label` got an empty value. This is discouraged for accessibility reasons and may be disallowed in the future by raising an exception. Please provide a non-empty label and hide it with label_visibility if needed.
Stack (most recent call last):
  File "C:\Users\A0496749\AppData\Local\Programs\Python\Python312\Lib\threading.py", line 1032, in _bootstrap
    self._bootstrap_inner()
  File "C:\Users\A0496749\AppData\Local\Programs\Python\Python312\Lib\threading.py", line 1075, in _bootstrap_inner
    self.run()
  File "C:\Users\A0496749\AppData\Local\Programs\Python\Python312\Lib\threading.py", line 1012, in run
    self._target(*self._args, **self._kwargs)
  File "C:\Users\A0496749\AppData\Local\Programs\Python\Python312\Lib\site-packages\streamlit\runtime\scriptrunner\script_runner.py", line 379, in _run_script_thread
    self._run_script(request.rerun_data)
  File "C:\Users\A0496749\AppData\Local\Programs\Python\Python312\Lib\site-packages\streamlit\runtime\scriptrunner\script_runner.py", line 705, in _run_script
    ) = exec_func_with_error_handling(code_to_exec, ctx)
  File "C:\Users\A0496749\AppData\Local\Programs\Python\Python312\Lib\site-packages\streamlit\runtime\scriptrunner\exec_code.py", line 129, in exec_func_with_error_handling
    result = func()
  File "C:\Users\A0496749\AppData\Local\Programs\Python\Python312\Lib\site-packages\streamlit\runtime\scriptrunner\script_runner.py", line 689, in code_to_exec
    exec(code, module.__dict__)  # noqa: S102
  File "C:\Capstone_Project\app.py", line 1643, in <module>
    main()
  File "C:\Capstone_Project\app.py", line 1636, in main
    with tab2: tab_eda(df)
  File "C:\Capstone_Project\app.py", line 466, in tab_eda
    view = st.radio("", EDA_VIEWS, key="eda_nav", label_visibility="collapsed")
  File "C:\Users\A0496749\AppData\Local\Programs\Python\Python312\Lib\site-packages\streamlit\runtime\metrics_util.py", line 532, in wrapped_func
    result = non_optional_func(*args, **kwargs)
  File "C:\Users\A0496749\AppData\Local\Programs\Python\Python312\Lib\site-packages\streamlit\elements\widgets\radio.py", line 402, in radio
    return self._radio(
  File "C:\Users\A0496749\AppData\Local\Programs\Python\Python312\Lib\site-packages\streamlit\elements\widgets\radio.py", line 449, in _radio
    maybe_raise_label_warnings(label, label_visibility)
  File "C:\Users\A0496749\AppData\Local\Programs\Python\Python312\Lib\site-packages\streamlit\elements\lib\policies.py", line 187, in maybe_raise_label_warnings
    _LOGGER.warning(
2026-03-26 22:36:14.580 Please replace `use_container_width` with `width`.

`use_container_width` will be removed after 2025-12-31.

For `use_container_width=True`, use `width='stretch'`. For `use_container_width=False`, use `width='content'`.
2026-03-26 22:36:14.672 Please replace `use_container_width` with `width`.

`use_container_width` will be removed after 2025-12-31.

For `use_container_width=True`, use `width='stretch'`. For `use_container_width=False`, use `width='content'`.
2026-03-26 22:36:14.698 Please replace `use_container_width` with `width`.

`use_container_width` will be removed after 2025-12-31.

For `use_container_width=True`, use `width='stretch'`. For `use_container_width=False`, use `width='content'`.
2026-03-26 22:36:14.742 Please replace `use_container_width` with `width`.

`use_container_width` will be removed after 2025-12-31.

For `use_container_width=True`, use `width='stretch'`. For `use_container_width=False`, use `width='content'`.
2026-03-26 22:36:14.766 Please replace `use_container_width` with `width`.

`use_container_width` will be removed after 2025-12-31.

For `use_container_width=True`, use `width='stretch'`. For `use_container_width=False`, use `width='content'`.
2026-03-26 22:37:18.453 Please replace `use_container_width` with `width`.

`use_container_width` will be removed after 2025-12-31.

For `use_container_width=True`, use `width='stretch'`. For `use_container_width=False`, use `width='content'`.
2026-03-26 22:37:18.474 Please replace `use_container_width` with `width`.

`use_container_width` will be removed after 2025-12-31.

For `use_container_width=True`, use `width='stretch'`. For `use_container_width=False`, use `width='content'`.
2026-03-26 22:37:18.540 `label` got an empty value. This is discouraged for accessibility reasons and may be disallowed in the future by raising an exception. Please provide a non-empty label and hide it with label_visibility if needed.
Stack (most recent call last):
  File "C:\Users\A0496749\AppData\Local\Programs\Python\Python312\Lib\threading.py", line 1032, in _bootstrap
    self._bootstrap_inner()
  File "C:\Users\A0496749\AppData\Local\Programs\Python\Python312\Lib\threading.py", line 1075, in _bootstrap_inner
    self.run()
  File "C:\Users\A0496749\AppData\Local\Programs\Python\Python312\Lib\threading.py", line 1012, in run
    self._target(*self._args, **self._kwargs)
  File "C:\Users\A0496749\AppData\Local\Programs\Python\Python312\Lib\site-packages\streamlit\runtime\scriptrunner\script_runner.py", line 379, in _run_script_thread
    self._run_script(request.rerun_data)
  File "C:\Users\A0496749\AppData\Local\Programs\Python\Python312\Lib\site-packages\streamlit\runtime\scriptrunner\script_runner.py", line 705, in _run_script
    ) = exec_func_with_error_handling(code_to_exec, ctx)
  File "C:\Users\A0496749\AppData\Local\Programs\Python\Python312\Lib\site-packages\streamlit\runtime\scriptrunner\exec_code.py", line 129, in exec_func_with_error_handling
    result = func()
  File "C:\Users\A0496749\AppData\Local\Programs\Python\Python312\Lib\site-packages\streamlit\runtime\scriptrunner\script_runner.py", line 689, in code_to_exec
    exec(code, module.__dict__)  # noqa: S102
  File "C:\Capstone_Project\app.py", line 1643, in <module>
    main()
  File "C:\Capstone_Project\app.py", line 1636, in main
    with tab2: tab_eda(df)
  File "C:\Capstone_Project\app.py", line 466, in tab_eda
    view = st.radio("", EDA_VIEWS, key="eda_nav", label_visibility="collapsed")
  File "C:\Users\A0496749\AppData\Local\Programs\Python\Python312\Lib\site-packages\streamlit\runtime\metrics_util.py", line 532, in wrapped_func
    result = non_optional_func(*args, **kwargs)
  File "C:\Users\A0496749\AppData\Local\Programs\Python\Python312\Lib\site-packages\streamlit\elements\widgets\radio.py", line 402, in radio
    return self._radio(
  File "C:\Users\A0496749\AppData\Local\Programs\Python\Python312\Lib\site-packages\streamlit\elements\widgets\radio.py", line 449, in _radio
    maybe_raise_label_warnings(label, label_visibility)
  File "C:\Users\A0496749\AppData\Local\Programs\Python\Python312\Lib\site-packages\streamlit\elements\lib\policies.py", line 187, in maybe_raise_label_warnings
    _LOGGER.warning(
2026-03-26 22:37:18.625 Please replace `use_container_width` with `width`.

`use_container_width` will be removed after 2025-12-31.

For `use_container_width=True`, use `width='stretch'`. For `use_container_width=False`, use `width='content'`.
2026-03-26 22:37:18.665 Please replace `use_container_width` with `width`.

`use_container_width` will be removed after 2025-12-31.

For `use_container_width=True`, use `width='stretch'`. For `use_container_width=False`, use `width='content'`.
2026-03-26 22:37:18.767 Please replace `use_container_width` with `width`.

`use_container_width` will be removed after 2025-12-31.

For `use_container_width=True`, use `width='stretch'`. For `use_container_width=False`, use `width='content'`.
2026-03-26 22:37:18.812 Please replace `use_container_width` with `width`.

`use_container_width` will be removed after 2025-12-31.

For `use_container_width=True`, use `width='stretch'`. For `use_container_width=False`, use `width='content'`.
2026-03-26 22:37:24.903 Please replace `use_container_width` with `width`.

`use_container_width` will be removed after 2025-12-31.

For `use_container_width=True`, use `width='stretch'`. For `use_container_width=False`, use `width='content'`.
2026-03-26 22:37:24.926 Please replace `use_container_width` with `width`.

`use_container_width` will be removed after 2025-12-31.

For `use_container_width=True`, use `width='stretch'`. For `use_container_width=False`, use `width='content'`.
2026-03-26 22:37:24.996 `label` got an empty value. This is discouraged for accessibility reasons and may be disallowed in the future by raising an exception. Please provide a non-empty label and hide it with label_visibility if needed.
Stack (most recent call last):
  File "C:\Users\A0496749\AppData\Local\Programs\Python\Python312\Lib\threading.py", line 1032, in _bootstrap
    self._bootstrap_inner()
  File "C:\Users\A0496749\AppData\Local\Programs\Python\Python312\Lib\threading.py", line 1075, in _bootstrap_inner
    self.run()
  File "C:\Users\A0496749\AppData\Local\Programs\Python\Python312\Lib\threading.py", line 1012, in run
    self._target(*self._args, **self._kwargs)
  File "C:\Users\A0496749\AppData\Local\Programs\Python\Python312\Lib\site-packages\streamlit\runtime\scriptrunner\script_runner.py", line 379, in _run_script_thread
    self._run_script(request.rerun_data)
  File "C:\Users\A0496749\AppData\Local\Programs\Python\Python312\Lib\site-packages\streamlit\runtime\scriptrunner\script_runner.py", line 705, in _run_script
    ) = exec_func_with_error_handling(code_to_exec, ctx)
  File "C:\Users\A0496749\AppData\Local\Programs\Python\Python312\Lib\site-packages\streamlit\runtime\scriptrunner\exec_code.py", line 129, in exec_func_with_error_handling
    result = func()
  File "C:\Users\A0496749\AppData\Local\Programs\Python\Python312\Lib\site-packages\streamlit\runtime\scriptrunner\script_runner.py", line 689, in code_to_exec
    exec(code, module.__dict__)  # noqa: S102
  File "C:\Capstone_Project\app.py", line 1643, in <module>
    main()
  File "C:\Capstone_Project\app.py", line 1636, in main
    with tab2: tab_eda(df)
  File "C:\Capstone_Project\app.py", line 466, in tab_eda
    view = st.radio("", EDA_VIEWS, key="eda_nav", label_visibility="collapsed")
  File "C:\Users\A0496749\AppData\Local\Programs\Python\Python312\Lib\site-packages\streamlit\runtime\metrics_util.py", line 532, in wrapped_func
    result = non_optional_func(*args, **kwargs)
  File "C:\Users\A0496749\AppData\Local\Programs\Python\Python312\Lib\site-packages\streamlit\elements\widgets\radio.py", line 402, in radio
    return self._radio(
  File "C:\Users\A0496749\AppData\Local\Programs\Python\Python312\Lib\site-packages\streamlit\elements\widgets\radio.py", line 449, in _radio
    maybe_raise_label_warnings(label, label_visibility)
  File "C:\Users\A0496749\AppData\Local\Programs\Python\Python312\Lib\site-packages\streamlit\elements\lib\policies.py", line 187, in maybe_raise_label_warnings
    _LOGGER.warning(
2026-03-26 22:37:25.040 Please replace `use_container_width` with `width`.

`use_container_width` will be removed after 2025-12-31.

For `use_container_width=True`, use `width='stretch'`. For `use_container_width=False`, use `width='content'`.
2026-03-26 22:37:25.133 Please replace `use_container_width` with `width`.

`use_container_width` will be removed after 2025-12-31.

For `use_container_width=True`, use `width='stretch'`. For `use_container_width=False`, use `width='content'`.
2026-03-26 22:37:25.185 Please replace `use_container_width` with `width`.

`use_container_width` will be removed after 2025-12-31.

For `use_container_width=True`, use `width='stretch'`. For `use_container_width=False`, use `width='content'`.
2026-03-26 22:37:25.248 Please replace `use_container_width` with `width`.

`use_container_width` will be removed after 2025-12-31.

For `use_container_width=True`, use `width='stretch'`. For `use_container_width=False`, use `width='content'`.
2026-03-26 22:37:25.279 Please replace `use_container_width` with `width`.

`use_container_width` will be removed after 2025-12-31.

For `use_container_width=True`, use `width='stretch'`. For `use_container_width=False`, use `width='content'`.
2026-03-26 22:37:39.707 Please replace `use_container_width` with `width`.

`use_container_width` will be removed after 2025-12-31.

For `use_container_width=True`, use `width='stretch'`. For `use_container_width=False`, use `width='content'`.
2026-03-26 22:37:39.727 Please replace `use_container_width` with `width`.

`use_container_width` will be removed after 2025-12-31.

For `use_container_width=True`, use `width='stretch'`. For `use_container_width=False`, use `width='content'`.
2026-03-26 22:37:39.791 `label` got an empty value. This is discouraged for accessibility reasons and may be disallowed in the future by raising an exception. Please provide a non-empty label and hide it with label_visibility if needed.
Stack (most recent call last):
  File "C:\Users\A0496749\AppData\Local\Programs\Python\Python312\Lib\threading.py", line 1032, in _bootstrap
    self._bootstrap_inner()
  File "C:\Users\A0496749\AppData\Local\Programs\Python\Python312\Lib\threading.py", line 1075, in _bootstrap_inner
    self.run()
  File "C:\Users\A0496749\AppData\Local\Programs\Python\Python312\Lib\threading.py", line 1012, in run
    self._target(*self._args, **self._kwargs)
  File "C:\Users\A0496749\AppData\Local\Programs\Python\Python312\Lib\site-packages\streamlit\runtime\scriptrunner\script_runner.py", line 379, in _run_script_thread
    self._run_script(request.rerun_data)
  File "C:\Users\A0496749\AppData\Local\Programs\Python\Python312\Lib\site-packages\streamlit\runtime\scriptrunner\script_runner.py", line 705, in _run_script
    ) = exec_func_with_error_handling(code_to_exec, ctx)
  File "C:\Users\A0496749\AppData\Local\Programs\Python\Python312\Lib\site-packages\streamlit\runtime\scriptrunner\exec_code.py", line 129, in exec_func_with_error_handling
    result = func()
  File "C:\Users\A0496749\AppData\Local\Programs\Python\Python312\Lib\site-packages\streamlit\runtime\scriptrunner\script_runner.py", line 689, in code_to_exec
    exec(code, module.__dict__)  # noqa: S102
  File "C:\Capstone_Project\app.py", line 1643, in <module>
    main()
  File "C:\Capstone_Project\app.py", line 1636, in main
    with tab2: tab_eda(df)
  File "C:\Capstone_Project\app.py", line 466, in tab_eda
    view = st.radio("", EDA_VIEWS, key="eda_nav", label_visibility="collapsed")
  File "C:\Users\A0496749\AppData\Local\Programs\Python\Python312\Lib\site-packages\streamlit\runtime\metrics_util.py", line 532, in wrapped_func
    result = non_optional_func(*args, **kwargs)
  File "C:\Users\A0496749\AppData\Local\Programs\Python\Python312\Lib\site-packages\streamlit\elements\widgets\radio.py", line 402, in radio
    return self._radio(
  File "C:\Users\A0496749\AppData\Local\Programs\Python\Python312\Lib\site-packages\streamlit\elements\widgets\radio.py", line 449, in _radio
    maybe_raise_label_warnings(label, label_visibility)
  File "C:\Users\A0496749\AppData\Local\Programs\Python\Python312\Lib\site-packages\streamlit\elements\lib\policies.py", line 187, in maybe_raise_label_warnings
    _LOGGER.warning(
2026-03-26 22:37:39.833 Please replace `use_container_width` with `width`.

`use_container_width` will be removed after 2025-12-31.

For `use_container_width=True`, use `width='stretch'`. For `use_container_width=False`, use `width='content'`.
2026-03-26 22:37:39.943 Please replace `use_container_width` with `width`.

`use_container_width` will be removed after 2025-12-31.

For `use_container_width=True`, use `width='stretch'`. For `use_container_width=False`, use `width='content'`.
2026-03-26 22:37:39.996 Please replace `use_container_width` with `width`.

`use_container_width` will be removed after 2025-12-31.

For `use_container_width=True`, use `width='stretch'`. For `use_container_width=False`, use `width='content'`.
2026-03-26 22:37:40.086 Please replace `use_container_width` with `width`.

`use_container_width` will be removed after 2025-12-31.

For `use_container_width=True`, use `width='stretch'`. For `use_container_width=False`, use `width='content'`.
2026-03-26 22:37:40.140 Please replace `use_container_width` with `width`.

`use_container_width` will be removed after 2025-12-31.

For `use_container_width=True`, use `width='stretch'`. For `use_container_width=False`, use `width='content'`.
2026-03-26 22:37:50.090 Please replace `use_container_width` with `width`.

`use_container_width` will be removed after 2025-12-31.

For `use_container_width=True`, use `width='stretch'`. For `use_container_width=False`, use `width='content'`.
2026-03-26 22:37:50.113 Please replace `use_container_width` with `width`.

`use_container_width` will be removed after 2025-12-31.

For `use_container_width=True`, use `width='stretch'`. For `use_container_width=False`, use `width='content'`.
2026-03-26 22:37:50.185 `label` got an empty value. This is discouraged for accessibility reasons and may be disallowed in the future by raising an exception. Please provide a non-empty label and hide it with label_visibility if needed.
Stack (most recent call last):
  File "C:\Users\A0496749\AppData\Local\Programs\Python\Python312\Lib\threading.py", line 1032, in _bootstrap
    self._bootstrap_inner()
  File "C:\Users\A0496749\AppData\Local\Programs\Python\Python312\Lib\threading.py", line 1075, in _bootstrap_inner
    self.run()
  File "C:\Users\A0496749\AppData\Local\Programs\Python\Python312\Lib\threading.py", line 1012, in run
    self._target(*self._args, **self._kwargs)
  File "C:\Users\A0496749\AppData\Local\Programs\Python\Python312\Lib\site-packages\streamlit\runtime\scriptrunner\script_runner.py", line 379, in _run_script_thread
    self._run_script(request.rerun_data)
  File "C:\Users\A0496749\AppData\Local\Programs\Python\Python312\Lib\site-packages\streamlit\runtime\scriptrunner\script_runner.py", line 705, in _run_script
    ) = exec_func_with_error_handling(code_to_exec, ctx)
  File "C:\Users\A0496749\AppData\Local\Programs\Python\Python312\Lib\site-packages\streamlit\runtime\scriptrunner\exec_code.py", line 129, in exec_func_with_error_handling
    result = func()
  File "C:\Users\A0496749\AppData\Local\Programs\Python\Python312\Lib\site-packages\streamlit\runtime\scriptrunner\script_runner.py", line 689, in code_to_exec
    exec(code, module.__dict__)  # noqa: S102
  File "C:\Capstone_Project\app.py", line 1643, in <module>
    main()
  File "C:\Capstone_Project\app.py", line 1636, in main
    with tab2: tab_eda(df)
  File "C:\Capstone_Project\app.py", line 466, in tab_eda
    view = st.radio("", EDA_VIEWS, key="eda_nav", label_visibility="collapsed")
  File "C:\Users\A0496749\AppData\Local\Programs\Python\Python312\Lib\site-packages\streamlit\runtime\metrics_util.py", line 532, in wrapped_func
    result = non_optional_func(*args, **kwargs)
  File "C:\Users\A0496749\AppData\Local\Programs\Python\Python312\Lib\site-packages\streamlit\elements\widgets\radio.py", line 402, in radio
    return self._radio(
  File "C:\Users\A0496749\AppData\Local\Programs\Python\Python312\Lib\site-packages\streamlit\elements\widgets\radio.py", line 449, in _radio
    maybe_raise_label_warnings(label, label_visibility)
  File "C:\Users\A0496749\AppData\Local\Programs\Python\Python312\Lib\site-packages\streamlit\elements\lib\policies.py", line 187, in maybe_raise_label_warnings
    _LOGGER.warning(
2026-03-26 22:37:50.241 Please replace `use_container_width` with `width`.

`use_container_width` will be removed after 2025-12-31.

For `use_container_width=True`, use `width='stretch'`. For `use_container_width=False`, use `width='content'`.
2026-03-26 22:37:50.344 Please replace `use_container_width` with `width`.

`use_container_width` will be removed after 2025-12-31.

For `use_container_width=True`, use `width='stretch'`. For `use_container_width=False`, use `width='content'`.
2026-03-26 22:37:50.393 Please replace `use_container_width` with `width`.

`use_container_width` will be removed after 2025-12-31.

For `use_container_width=True`, use `width='stretch'`. For `use_container_width=False`, use `width='content'`.
2026-03-26 22:37:50.453 Please replace `use_container_width` with `width`.

`use_container_width` will be removed after 2025-12-31.

For `use_container_width=True`, use `width='stretch'`. For `use_container_width=False`, use `width='content'`.
2026-03-26 22:37:50.481 Please replace `use_container_width` with `width`.

`use_container_width` will be removed after 2025-12-31.

For `use_container_width=True`, use `width='stretch'`. For `use_container_width=False`, use `width='content'`.
2026-03-26 22:38:59.074 Please replace `use_container_width` with `width`.

`use_container_width` will be removed after 2025-12-31.

For `use_container_width=True`, use `width='stretch'`. For `use_container_width=False`, use `width='content'`.
2026-03-26 22:38:59.084 Please replace `use_container_width` with `width`.

`use_container_width` will be removed after 2025-12-31.

For `use_container_width=True`, use `width='stretch'`. For `use_container_width=False`, use `width='content'`.
2026-03-26 22:38:59.118 `label` got an empty value. This is discouraged for accessibility reasons and may be disallowed in the future by raising an exception. Please provide a non-empty label and hide it with label_visibility if needed.
Stack (most recent call last):
  File "C:\Users\A0496749\AppData\Local\Programs\Python\Python312\Lib\threading.py", line 1032, in _bootstrap
    self._bootstrap_inner()
  File "C:\Users\A0496749\AppData\Local\Programs\Python\Python312\Lib\threading.py", line 1075, in _bootstrap_inner
    self.run()
  File "C:\Users\A0496749\AppData\Local\Programs\Python\Python312\Lib\threading.py", line 1012, in run
    self._target(*self._args, **self._kwargs)
  File "C:\Users\A0496749\AppData\Local\Programs\Python\Python312\Lib\site-packages\streamlit\runtime\scriptrunner\script_runner.py", line 379, in _run_script_thread
    self._run_script(request.rerun_data)
  File "C:\Users\A0496749\AppData\Local\Programs\Python\Python312\Lib\site-packages\streamlit\runtime\scriptrunner\script_runner.py", line 705, in _run_script
    ) = exec_func_with_error_handling(code_to_exec, ctx)
  File "C:\Users\A0496749\AppData\Local\Programs\Python\Python312\Lib\site-packages\streamlit\runtime\scriptrunner\exec_code.py", line 129, in exec_func_with_error_handling
    result = func()
  File "C:\Users\A0496749\AppData\Local\Programs\Python\Python312\Lib\site-packages\streamlit\runtime\scriptrunner\script_runner.py", line 689, in code_to_exec
    exec(code, module.__dict__)  # noqa: S102
  File "C:\Capstone_Project\app.py", line 1643, in <module>
    main()
  File "C:\Capstone_Project\app.py", line 1636, in main
    with tab2: tab_eda(df)
  File "C:\Capstone_Project\app.py", line 466, in tab_eda
    view = st.radio("", EDA_VIEWS, key="eda_nav", label_visibility="collapsed")
  File "C:\Users\A0496749\AppData\Local\Programs\Python\Python312\Lib\site-packages\streamlit\runtime\metrics_util.py", line 532, in wrapped_func
    result = non_optional_func(*args, **kwargs)
  File "C:\Users\A0496749\AppData\Local\Programs\Python\Python312\Lib\site-packages\streamlit\elements\widgets\radio.py", line 402, in radio
    return self._radio(
  File "C:\Users\A0496749\AppData\Local\Programs\Python\Python312\Lib\site-packages\streamlit\elements\widgets\radio.py", line 449, in _radio
    maybe_raise_label_warnings(label, label_visibility)
  File "C:\Users\A0496749\AppData\Local\Programs\Python\Python312\Lib\site-packages\streamlit\elements\lib\policies.py", line 187, in maybe_raise_label_warnings
    _LOGGER.warning(
2026-03-26 22:38:59.162 Please replace `use_container_width` with `width`.

`use_container_width` will be removed after 2025-12-31.

For `use_container_width=True`, use `width='stretch'`. For `use_container_width=False`, use `width='content'`.
2026-03-26 22:38:59.190 Please replace `use_container_width` with `width`.

`use_container_width` will be removed after 2025-12-31.

For `use_container_width=True`, use `width='stretch'`. For `use_container_width=False`, use `width='content'`.
2026-03-26 22:38:59.261 Please replace `use_container_width` with `width`.

`use_container_width` will be removed after 2025-12-31.

For `use_container_width=True`, use `width='stretch'`. For `use_container_width=False`, use `width='content'`.
2026-03-26 22:38:59.303 Please replace `use_container_width` with `width`.

`use_container_width` will be removed after 2025-12-31.

For `use_container_width=True`, use `width='stretch'`. For `use_container_width=False`, use `width='content'`.
2026-03-26 22:39:06.023 Please replace `use_container_width` with `width`.

`use_container_width` will be removed after 2025-12-31.

For `use_container_width=True`, use `width='stretch'`. For `use_container_width=False`, use `width='content'`.
2026-03-26 22:39:06.063 Please replace `use_container_width` with `width`.

`use_container_width` will be removed after 2025-12-31.

For `use_container_width=True`, use `width='stretch'`. For `use_container_width=False`, use `width='content'`.
2026-03-26 22:39:06.125 `label` got an empty value. This is discouraged for accessibility reasons and may be disallowed in the future by raising an exception. Please provide a non-empty label and hide it with label_visibility if needed.
Stack (most recent call last):
  File "C:\Users\A0496749\AppData\Local\Programs\Python\Python312\Lib\threading.py", line 1032, in _bootstrap
    self._bootstrap_inner()
  File "C:\Users\A0496749\AppData\Local\Programs\Python\Python312\Lib\threading.py", line 1075, in _bootstrap_inner
    self.run()
  File "C:\Users\A0496749\AppData\Local\Programs\Python\Python312\Lib\threading.py", line 1012, in run
    self._target(*self._args, **self._kwargs)
  File "C:\Users\A0496749\AppData\Local\Programs\Python\Python312\Lib\site-packages\streamlit\runtime\scriptrunner\script_runner.py", line 379, in _run_script_thread
    self._run_script(request.rerun_data)
  File "C:\Users\A0496749\AppData\Local\Programs\Python\Python312\Lib\site-packages\streamlit\runtime\scriptrunner\script_runner.py", line 705, in _run_script
    ) = exec_func_with_error_handling(code_to_exec, ctx)
  File "C:\Users\A0496749\AppData\Local\Programs\Python\Python312\Lib\site-packages\streamlit\runtime\scriptrunner\exec_code.py", line 129, in exec_func_with_error_handling
    result = func()
  File "C:\Users\A0496749\AppData\Local\Programs\Python\Python312\Lib\site-packages\streamlit\runtime\scriptrunner\script_runner.py", line 689, in code_to_exec
    exec(code, module.__dict__)  # noqa: S102
  File "C:\Capstone_Project\app.py", line 1643, in <module>
    main()
  File "C:\Capstone_Project\app.py", line 1636, in main
    with tab2: tab_eda(df)
  File "C:\Capstone_Project\app.py", line 466, in tab_eda
    view = st.radio("", EDA_VIEWS, key="eda_nav", label_visibility="collapsed")
  File "C:\Users\A0496749\AppData\Local\Programs\Python\Python312\Lib\site-packages\streamlit\runtime\metrics_util.py", line 532, in wrapped_func
    result = non_optional_func(*args, **kwargs)
  File "C:\Users\A0496749\AppData\Local\Programs\Python\Python312\Lib\site-packages\streamlit\elements\widgets\radio.py", line 402, in radio
    return self._radio(
  File "C:\Users\A0496749\AppData\Local\Programs\Python\Python312\Lib\site-packages\streamlit\elements\widgets\radio.py", line 449, in _radio
    maybe_raise_label_warnings(label, label_visibility)
  File "C:\Users\A0496749\AppData\Local\Programs\Python\Python312\Lib\site-packages\streamlit\elements\lib\policies.py", line 187, in maybe_raise_label_warnings
    _LOGGER.warning(
2026-03-26 22:39:06.216 Please replace `use_container_width` with `width`.

`use_container_width` will be removed after 2025-12-31.

For `use_container_width=True`, use `width='stretch'`. For `use_container_width=False`, use `width='content'`.
2026-03-26 22:39:06.318 Please replace `use_container_width` with `width`.

`use_container_width` will be removed after 2025-12-31.

For `use_container_width=True`, use `width='stretch'`. For `use_container_width=False`, use `width='content'`.
2026-03-26 22:39:06.355 Please replace `use_container_width` with `width`.

`use_container_width` will be removed after 2025-12-31.

For `use_container_width=True`, use `width='stretch'`. For `use_container_width=False`, use `width='content'`.
2026-03-26 22:39:06.402 Please replace `use_container_width` with `width`.

`use_container_width` will be removed after 2025-12-31.

For `use_container_width=True`, use `width='stretch'`. For `use_container_width=False`, use `width='content'`.
2026-03-26 22:39:06.427 Please replace `use_container_width` with `width`.

`use_container_width` will be removed after 2025-12-31.

For `use_container_width=True`, use `width='stretch'`. For `use_container_width=False`, use `width='content'`.
2026-03-26 22:39:58.807 Please replace `use_container_width` with `width`.

`use_container_width` will be removed after 2025-12-31.

For `use_container_width=True`, use `width='stretch'`. For `use_container_width=False`, use `width='content'`.
2026-03-26 22:39:58.820 Please replace `use_container_width` with `width`.

`use_container_width` will be removed after 2025-12-31.

For `use_container_width=True`, use `width='stretch'`. For `use_container_width=False`, use `width='content'`.
2026-03-26 22:39:58.859 `label` got an empty value. This is discouraged for accessibility reasons and may be disallowed in the future by raising an exception. Please provide a non-empty label and hide it with label_visibility if needed.
Stack (most recent call last):
  File "C:\Users\A0496749\AppData\Local\Programs\Python\Python312\Lib\threading.py", line 1032, in _bootstrap
    self._bootstrap_inner()
  File "C:\Users\A0496749\AppData\Local\Programs\Python\Python312\Lib\threading.py", line 1075, in _bootstrap_inner
    self.run()
  File "C:\Users\A0496749\AppData\Local\Programs\Python\Python312\Lib\threading.py", line 1012, in run
    self._target(*self._args, **self._kwargs)
  File "C:\Users\A0496749\AppData\Local\Programs\Python\Python312\Lib\site-packages\streamlit\runtime\scriptrunner\script_runner.py", line 379, in _run_script_thread
    self._run_script(request.rerun_data)
  File "C:\Users\A0496749\AppData\Local\Programs\Python\Python312\Lib\site-packages\streamlit\runtime\scriptrunner\script_runner.py", line 705, in _run_script
    ) = exec_func_with_error_handling(code_to_exec, ctx)
  File "C:\Users\A0496749\AppData\Local\Programs\Python\Python312\Lib\site-packages\streamlit\runtime\scriptrunner\exec_code.py", line 129, in exec_func_with_error_handling
    result = func()
  File "C:\Users\A0496749\AppData\Local\Programs\Python\Python312\Lib\site-packages\streamlit\runtime\scriptrunner\script_runner.py", line 689, in code_to_exec
    exec(code, module.__dict__)  # noqa: S102
  File "C:\Capstone_Project\app.py", line 1643, in <module>
    main()
  File "C:\Capstone_Project\app.py", line 1636, in main
    with tab2: tab_eda(df)
  File "C:\Capstone_Project\app.py", line 466, in tab_eda
    view = st.radio("", EDA_VIEWS, key="eda_nav", label_visibility="collapsed")
  File "C:\Users\A0496749\AppData\Local\Programs\Python\Python312\Lib\site-packages\streamlit\runtime\metrics_util.py", line 532, in wrapped_func
    result = non_optional_func(*args, **kwargs)
  File "C:\Users\A0496749\AppData\Local\Programs\Python\Python312\Lib\site-packages\streamlit\elements\widgets\radio.py", line 402, in radio
    return self._radio(
  File "C:\Users\A0496749\AppData\Local\Programs\Python\Python312\Lib\site-packages\streamlit\elements\widgets\radio.py", line 449, in _radio
    maybe_raise_label_warnings(label, label_visibility)
  File "C:\Users\A0496749\AppData\Local\Programs\Python\Python312\Lib\site-packages\streamlit\elements\lib\policies.py", line 187, in maybe_raise_label_warnings
    _LOGGER.warning(
2026-03-26 22:39:58.911 Please replace `use_container_width` with `width`.

`use_container_width` will be removed after 2025-12-31.

For `use_container_width=True`, use `width='stretch'`. For `use_container_width=False`, use `width='content'`.
2026-03-26 22:39:58.936 Please replace `use_container_width` with `width`.

`use_container_width` will be removed after 2025-12-31.

For `use_container_width=True`, use `width='stretch'`. For `use_container_width=False`, use `width='content'`.
2026-03-26 22:39:58.982 Please replace `use_container_width` with `width`.

`use_container_width` will be removed after 2025-12-31.

For `use_container_width=True`, use `width='stretch'`. For `use_container_width=False`, use `width='content'`.
2026-03-26 22:39:59.009 Please replace `use_container_width` with `width`.

`use_container_width` will be removed after 2025-12-31.

For `use_container_width=True`, use `width='stretch'`. For `use_container_width=False`, use `width='content'`.
2026-03-26 22:40:12.723 Please replace `use_container_width` with `width`.

`use_container_width` will be removed after 2025-12-31.

For `use_container_width=True`, use `width='stretch'`. For `use_container_width=False`, use `width='content'`.
2026-03-26 22:40:12.735 Please replace `use_container_width` with `width`.

`use_container_width` will be removed after 2025-12-31.

For `use_container_width=True`, use `width='stretch'`. For `use_container_width=False`, use `width='content'`.
2026-03-26 22:40:12.782 `label` got an empty value. This is discouraged for accessibility reasons and may be disallowed in the future by raising an exception. Please provide a non-empty label and hide it with label_visibility if needed.
Stack (most recent call last):
  File "C:\Users\A0496749\AppData\Local\Programs\Python\Python312\Lib\threading.py", line 1032, in _bootstrap
    self._bootstrap_inner()
  File "C:\Users\A0496749\AppData\Local\Programs\Python\Python312\Lib\threading.py", line 1075, in _bootstrap_inner
    self.run()
  File "C:\Users\A0496749\AppData\Local\Programs\Python\Python312\Lib\threading.py", line 1012, in run
    self._target(*self._args, **self._kwargs)
  File "C:\Users\A0496749\AppData\Local\Programs\Python\Python312\Lib\site-packages\streamlit\runtime\scriptrunner\script_runner.py", line 379, in _run_script_thread
    self._run_script(request.rerun_data)
  File "C:\Users\A0496749\AppData\Local\Programs\Python\Python312\Lib\site-packages\streamlit\runtime\scriptrunner\script_runner.py", line 705, in _run_script
    ) = exec_func_with_error_handling(code_to_exec, ctx)
  File "C:\Users\A0496749\AppData\Local\Programs\Python\Python312\Lib\site-packages\streamlit\runtime\scriptrunner\exec_code.py", line 129, in exec_func_with_error_handling
    result = func()
  File "C:\Users\A0496749\AppData\Local\Programs\Python\Python312\Lib\site-packages\streamlit\runtime\scriptrunner\script_runner.py", line 689, in code_to_exec
    exec(code, module.__dict__)  # noqa: S102
  File "C:\Capstone_Project\app.py", line 1643, in <module>
    main()
  File "C:\Capstone_Project\app.py", line 1636, in main
    with tab2: tab_eda(df)
  File "C:\Capstone_Project\app.py", line 466, in tab_eda
    view = st.radio("", EDA_VIEWS, key="eda_nav", label_visibility="collapsed")
  File "C:\Users\A0496749\AppData\Local\Programs\Python\Python312\Lib\site-packages\streamlit\runtime\metrics_util.py", line 532, in wrapped_func
    result = non_optional_func(*args, **kwargs)
  File "C:\Users\A0496749\AppData\Local\Programs\Python\Python312\Lib\site-packages\streamlit\elements\widgets\radio.py", line 402, in radio
    return self._radio(
  File "C:\Users\A0496749\AppData\Local\Programs\Python\Python312\Lib\site-packages\streamlit\elements\widgets\radio.py", line 449, in _radio
    maybe_raise_label_warnings(label, label_visibility)
  File "C:\Users\A0496749\AppData\Local\Programs\Python\Python312\Lib\site-packages\streamlit\elements\lib\policies.py", line 187, in maybe_raise_label_warnings
    _LOGGER.warning(
2026-03-26 22:40:12.837 Please replace `use_container_width` with `width`.

`use_container_width` will be removed after 2025-12-31.

For `use_container_width=True`, use `width='stretch'`. For `use_container_width=False`, use `width='content'`.
2026-03-26 22:40:12.895 Please replace `use_container_width` with `width`.

`use_container_width` will be removed after 2025-12-31.

For `use_container_width=True`, use `width='stretch'`. For `use_container_width=False`, use `width='content'`.
2026-03-26 22:40:12.918 Please replace `use_container_width` with `width`.

`use_container_width` will be removed after 2025-12-31.

For `use_container_width=True`, use `width='stretch'`. For `use_container_width=False`, use `width='content'`.
2026-03-26 22:40:12.958 Please replace `use_container_width` with `width`.

`use_container_width` will be removed after 2025-12-31.

For `use_container_width=True`, use `width='stretch'`. For `use_container_width=False`, use `width='content'`.
2026-03-26 22:40:12.981 Please replace `use_container_width` with `width`.

`use_container_width` will be removed after 2025-12-31.

For `use_container_width=True`, use `width='stretch'`. For `use_container_width=False`, use `width='content'`.
2026-03-26 22:42:06.587 Please replace `use_container_width` with `width`.

`use_container_width` will be removed after 2025-12-31.

For `use_container_width=True`, use `width='stretch'`. For `use_container_width=False`, use `width='content'`.
2026-03-26 22:42:06.600 Please replace `use_container_width` with `width`.

`use_container_width` will be removed after 2025-12-31.

For `use_container_width=True`, use `width='stretch'`. For `use_container_width=False`, use `width='content'`.
2026-03-26 22:42:06.634 `label` got an empty value. This is discouraged for accessibility reasons and may be disallowed in the future by raising an exception. Please provide a non-empty label and hide it with label_visibility if needed.
Stack (most recent call last):
  File "C:\Users\A0496749\AppData\Local\Programs\Python\Python312\Lib\threading.py", line 1032, in _bootstrap
    self._bootstrap_inner()
  File "C:\Users\A0496749\AppData\Local\Programs\Python\Python312\Lib\threading.py", line 1075, in _bootstrap_inner
    self.run()
  File "C:\Users\A0496749\AppData\Local\Programs\Python\Python312\Lib\threading.py", line 1012, in run
    self._target(*self._args, **self._kwargs)
  File "C:\Users\A0496749\AppData\Local\Programs\Python\Python312\Lib\site-packages\streamlit\runtime\scriptrunner\script_runner.py", line 379, in _run_script_thread
    self._run_script(request.rerun_data)
  File "C:\Users\A0496749\AppData\Local\Programs\Python\Python312\Lib\site-packages\streamlit\runtime\scriptrunner\script_runner.py", line 705, in _run_script
    ) = exec_func_with_error_handling(code_to_exec, ctx)
  File "C:\Users\A0496749\AppData\Local\Programs\Python\Python312\Lib\site-packages\streamlit\runtime\scriptrunner\exec_code.py", line 129, in exec_func_with_error_handling
    result = func()
  File "C:\Users\A0496749\AppData\Local\Programs\Python\Python312\Lib\site-packages\streamlit\runtime\scriptrunner\script_runner.py", line 689, in code_to_exec
    exec(code, module.__dict__)  # noqa: S102
  File "C:\Capstone_Project\app.py", line 1643, in <module>
    main()
  File "C:\Capstone_Project\app.py", line 1636, in main
    with tab2: tab_eda(df)
  File "C:\Capstone_Project\app.py", line 466, in tab_eda
    view = st.radio("", EDA_VIEWS, key="eda_nav", label_visibility="collapsed")
  File "C:\Users\A0496749\AppData\Local\Programs\Python\Python312\Lib\site-packages\streamlit\runtime\metrics_util.py", line 532, in wrapped_func
    result = non_optional_func(*args, **kwargs)
  File "C:\Users\A0496749\AppData\Local\Programs\Python\Python312\Lib\site-packages\streamlit\elements\widgets\radio.py", line 402, in radio
    return self._radio(
  File "C:\Users\A0496749\AppData\Local\Programs\Python\Python312\Lib\site-packages\streamlit\elements\widgets\radio.py", line 449, in _radio
    maybe_raise_label_warnings(label, label_visibility)
  File "C:\Users\A0496749\AppData\Local\Programs\Python\Python312\Lib\site-packages\streamlit\elements\lib\policies.py", line 187, in maybe_raise_label_warnings
    _LOGGER.warning(
2026-03-26 22:42:06.681 Please replace `use_container_width` with `width`.

`use_container_width` will be removed after 2025-12-31.

For `use_container_width=True`, use `width='stretch'`. For `use_container_width=False`, use `width='content'`.
2026-03-26 22:42:06.733 Please replace `use_container_width` with `width`.

`use_container_width` will be removed after 2025-12-31.

For `use_container_width=True`, use `width='stretch'`. For `use_container_width=False`, use `width='content'`.
2026-03-26 22:42:06.770 Please replace `use_container_width` with `width`.

`use_container_width` will be removed after 2025-12-31.

For `use_container_width=True`, use `width='stretch'`. For `use_container_width=False`, use `width='content'`.
2026-03-26 22:42:06.813 Please replace `use_container_width` with `width`.

`use_container_width` will be removed after 2025-12-31.

For `use_container_width=True`, use `width='stretch'`. For `use_container_width=False`, use `width='content'`.
2026-03-26 22:42:06.846 Please replace `use_container_width` with `width`.

`use_container_width` will be removed after 2025-12-31.

For `use_container_width=True`, use `width='stretch'`. For `use_container_width=False`, use `width='content'`.
2026-03-26 22:42:18.592 Please replace `use_container_width` with `width`.

`use_container_width` will be removed after 2025-12-31.

For `use_container_width=True`, use `width='stretch'`. For `use_container_width=False`, use `width='content'`.
2026-03-26 22:42:18.604 Please replace `use_container_width` with `width`.

`use_container_width` will be removed after 2025-12-31.

For `use_container_width=True`, use `width='stretch'`. For `use_container_width=False`, use `width='content'`.
2026-03-26 22:42:18.639 `label` got an empty value. This is discouraged for accessibility reasons and may be disallowed in the future by raising an exception. Please provide a non-empty label and hide it with label_visibility if needed.
Stack (most recent call last):
  File "C:\Users\A0496749\AppData\Local\Programs\Python\Python312\Lib\threading.py", line 1032, in _bootstrap
    self._bootstrap_inner()
  File "C:\Users\A0496749\AppData\Local\Programs\Python\Python312\Lib\threading.py", line 1075, in _bootstrap_inner
    self.run()
  File "C:\Users\A0496749\AppData\Local\Programs\Python\Python312\Lib\threading.py", line 1012, in run
    self._target(*self._args, **self._kwargs)
  File "C:\Users\A0496749\AppData\Local\Programs\Python\Python312\Lib\site-packages\streamlit\runtime\scriptrunner\script_runner.py", line 379, in _run_script_thread
    self._run_script(request.rerun_data)
  File "C:\Users\A0496749\AppData\Local\Programs\Python\Python312\Lib\site-packages\streamlit\runtime\scriptrunner\script_runner.py", line 705, in _run_script
    ) = exec_func_with_error_handling(code_to_exec, ctx)
  File "C:\Users\A0496749\AppData\Local\Programs\Python\Python312\Lib\site-packages\streamlit\runtime\scriptrunner\exec_code.py", line 129, in exec_func_with_error_handling
    result = func()
  File "C:\Users\A0496749\AppData\Local\Programs\Python\Python312\Lib\site-packages\streamlit\runtime\scriptrunner\script_runner.py", line 689, in code_to_exec
    exec(code, module.__dict__)  # noqa: S102
  File "C:\Capstone_Project\app.py", line 1643, in <module>
    main()
  File "C:\Capstone_Project\app.py", line 1636, in main
    with tab2: tab_eda(df)
  File "C:\Capstone_Project\app.py", line 466, in tab_eda
    view = st.radio("", EDA_VIEWS, key="eda_nav", label_visibility="collapsed")
  File "C:\Users\A0496749\AppData\Local\Programs\Python\Python312\Lib\site-packages\streamlit\runtime\metrics_util.py", line 532, in wrapped_func
    result = non_optional_func(*args, **kwargs)
  File "C:\Users\A0496749\AppData\Local\Programs\Python\Python312\Lib\site-packages\streamlit\elements\widgets\radio.py", line 402, in radio
    return self._radio(
  File "C:\Users\A0496749\AppData\Local\Programs\Python\Python312\Lib\site-packages\streamlit\elements\widgets\radio.py", line 449, in _radio
    maybe_raise_label_warnings(label, label_visibility)
  File "C:\Users\A0496749\AppData\Local\Programs\Python\Python312\Lib\site-packages\streamlit\elements\lib\policies.py", line 187, in maybe_raise_label_warnings
    _LOGGER.warning(
2026-03-26 22:42:18.705 Please replace `use_container_width` with `width`.

`use_container_width` will be removed after 2025-12-31.

For `use_container_width=True`, use `width='stretch'`. For `use_container_width=False`, use `width='content'`.
2026-03-26 22:42:18.763 Please replace `use_container_width` with `width`.

`use_container_width` will be removed after 2025-12-31.

For `use_container_width=True`, use `width='stretch'`. For `use_container_width=False`, use `width='content'`.
2026-03-26 22:42:18.783 Please replace `use_container_width` with `width`.

`use_container_width` will be removed after 2025-12-31.

For `use_container_width=True`, use `width='stretch'`. For `use_container_width=False`, use `width='content'`.
2026-03-26 22:42:18.825 Please replace `use_container_width` with `width`.

`use_container_width` will be removed after 2025-12-31.

For `use_container_width=True`, use `width='stretch'`. For `use_container_width=False`, use `width='content'`.
2026-03-26 22:42:18.854 Please replace `use_container_width` with `width`.

`use_container_width` will be removed after 2025-12-31.

For `use_container_width=True`, use `width='stretch'`. For `use_container_width=False`, use `width='content'`.
2026-03-26 22:42:48.132 Please replace `use_container_width` with `width`.

`use_container_width` will be removed after 2025-12-31.

For `use_container_width=True`, use `width='stretch'`. For `use_container_width=False`, use `width='content'`.
2026-03-26 22:42:48.152 Please replace `use_container_width` with `width`.

`use_container_width` will be removed after 2025-12-31.

For `use_container_width=True`, use `width='stretch'`. For `use_container_width=False`, use `width='content'`.
2026-03-26 22:42:48.216 `label` got an empty value. This is discouraged for accessibility reasons and may be disallowed in the future by raising an exception. Please provide a non-empty label and hide it with label_visibility if needed.
Stack (most recent call last):
  File "C:\Users\A0496749\AppData\Local\Programs\Python\Python312\Lib\threading.py", line 1032, in _bootstrap
    self._bootstrap_inner()
  File "C:\Users\A0496749\AppData\Local\Programs\Python\Python312\Lib\threading.py", line 1075, in _bootstrap_inner
    self.run()
  File "C:\Users\A0496749\AppData\Local\Programs\Python\Python312\Lib\threading.py", line 1012, in run
    self._target(*self._args, **self._kwargs)
  File "C:\Users\A0496749\AppData\Local\Programs\Python\Python312\Lib\site-packages\streamlit\runtime\scriptrunner\script_runner.py", line 379, in _run_script_thread
    self._run_script(request.rerun_data)
  File "C:\Users\A0496749\AppData\Local\Programs\Python\Python312\Lib\site-packages\streamlit\runtime\scriptrunner\script_runner.py", line 705, in _run_script
    ) = exec_func_with_error_handling(code_to_exec, ctx)
  File "C:\Users\A0496749\AppData\Local\Programs\Python\Python312\Lib\site-packages\streamlit\runtime\scriptrunner\exec_code.py", line 129, in exec_func_with_error_handling
    result = func()
  File "C:\Users\A0496749\AppData\Local\Programs\Python\Python312\Lib\site-packages\streamlit\runtime\scriptrunner\script_runner.py", line 689, in code_to_exec
    exec(code, module.__dict__)  # noqa: S102
  File "C:\Capstone_Project\app.py", line 1643, in <module>
    main()
  File "C:\Capstone_Project\app.py", line 1636, in main
    with tab2: tab_eda(df)
  File "C:\Capstone_Project\app.py", line 466, in tab_eda
    view = st.radio("", EDA_VIEWS, key="eda_nav", label_visibility="collapsed")
  File "C:\Users\A0496749\AppData\Local\Programs\Python\Python312\Lib\site-packages\streamlit\runtime\metrics_util.py", line 532, in wrapped_func
    result = non_optional_func(*args, **kwargs)
  File "C:\Users\A0496749\AppData\Local\Programs\Python\Python312\Lib\site-packages\streamlit\elements\widgets\radio.py", line 402, in radio
    return self._radio(
  File "C:\Users\A0496749\AppData\Local\Programs\Python\Python312\Lib\site-packages\streamlit\elements\widgets\radio.py", line 449, in _radio
    maybe_raise_label_warnings(label, label_visibility)
  File "C:\Users\A0496749\AppData\Local\Programs\Python\Python312\Lib\site-packages\streamlit\elements\lib\policies.py", line 187, in maybe_raise_label_warnings
    _LOGGER.warning(
2026-03-26 22:42:48.314 Please replace `use_container_width` with `width`.

`use_container_width` will be removed after 2025-12-31.

For `use_container_width=True`, use `width='stretch'`. For `use_container_width=False`, use `width='content'`.
2026-03-26 22:42:48.411 Please replace `use_container_width` with `width`.

`use_container_width` will be removed after 2025-12-31.

For `use_container_width=True`, use `width='stretch'`. For `use_container_width=False`, use `width='content'`.
2026-03-26 22:42:48.453 Please replace `use_container_width` with `width`.

`use_container_width` will be removed after 2025-12-31.

For `use_container_width=True`, use `width='stretch'`. For `use_container_width=False`, use `width='content'`.
2026-03-26 22:42:48.531 Please replace `use_container_width` with `width`.

`use_container_width` will be removed after 2025-12-31.

For `use_container_width=True`, use `width='stretch'`. For `use_container_width=False`, use `width='content'`.
2026-03-26 22:42:48.580 Please replace `use_container_width` with `width`.

`use_container_width` will be removed after 2025-12-31.

For `use_container_width=True`, use `width='stretch'`. For `use_container_width=False`, use `width='content'`.
2026-03-26 22:44:02.173 Please replace `use_container_width` with `width`.

`use_container_width` will be removed after 2025-12-31.

For `use_container_width=True`, use `width='stretch'`. For `use_container_width=False`, use `width='content'`.
2026-03-26 22:44:02.184 Please replace `use_container_width` with `width`.

`use_container_width` will be removed after 2025-12-31.

For `use_container_width=True`, use `width='stretch'`. For `use_container_width=False`, use `width='content'`.
2026-03-26 22:44:02.220 `label` got an empty value. This is discouraged for accessibility reasons and may be disallowed in the future by raising an exception. Please provide a non-empty label and hide it with label_visibility if needed.
Stack (most recent call last):
  File "C:\Users\A0496749\AppData\Local\Programs\Python\Python312\Lib\threading.py", line 1032, in _bootstrap
    self._bootstrap_inner()
  File "C:\Users\A0496749\AppData\Local\Programs\Python\Python312\Lib\threading.py", line 1075, in _bootstrap_inner
    self.run()
  File "C:\Users\A0496749\AppData\Local\Programs\Python\Python312\Lib\threading.py", line 1012, in run
    self._target(*self._args, **self._kwargs)
  File "C:\Users\A0496749\AppData\Local\Programs\Python\Python312\Lib\site-packages\streamlit\runtime\scriptrunner\script_runner.py", line 379, in _run_script_thread
    self._run_script(request.rerun_data)
  File "C:\Users\A0496749\AppData\Local\Programs\Python\Python312\Lib\site-packages\streamlit\runtime\scriptrunner\script_runner.py", line 705, in _run_script
    ) = exec_func_with_error_handling(code_to_exec, ctx)
  File "C:\Users\A0496749\AppData\Local\Programs\Python\Python312\Lib\site-packages\streamlit\runtime\scriptrunner\exec_code.py", line 129, in exec_func_with_error_handling
    result = func()
  File "C:\Users\A0496749\AppData\Local\Programs\Python\Python312\Lib\site-packages\streamlit\runtime\scriptrunner\script_runner.py", line 689, in code_to_exec
    exec(code, module.__dict__)  # noqa: S102
  File "C:\Capstone_Project\app.py", line 1643, in <module>
    main()
  File "C:\Capstone_Project\app.py", line 1636, in main
    with tab2: tab_eda(df)
  File "C:\Capstone_Project\app.py", line 466, in tab_eda
    view = st.radio("", EDA_VIEWS, key="eda_nav", label_visibility="collapsed")
  File "C:\Users\A0496749\AppData\Local\Programs\Python\Python312\Lib\site-packages\streamlit\runtime\metrics_util.py", line 532, in wrapped_func
    result = non_optional_func(*args, **kwargs)
  File "C:\Users\A0496749\AppData\Local\Programs\Python\Python312\Lib\site-packages\streamlit\elements\widgets\radio.py", line 402, in radio
    return self._radio(
  File "C:\Users\A0496749\AppData\Local\Programs\Python\Python312\Lib\site-packages\streamlit\elements\widgets\radio.py", line 449, in _radio
    maybe_raise_label_warnings(label, label_visibility)
  File "C:\Users\A0496749\AppData\Local\Programs\Python\Python312\Lib\site-packages\streamlit\elements\lib\policies.py", line 187, in maybe_raise_label_warnings
    _LOGGER.warning(
2026-03-26 22:44:02.241 Please replace `use_container_width` with `width`.

`use_container_width` will be removed after 2025-12-31.

For `use_container_width=True`, use `width='stretch'`. For `use_container_width=False`, use `width='content'`.
2026-03-26 22:44:02.289 Please replace `use_container_width` with `width`.

`use_container_width` will be removed after 2025-12-31.

For `use_container_width=True`, use `width='stretch'`. For `use_container_width=False`, use `width='content'`.
2026-03-26 22:44:02.313 Please replace `use_container_width` with `width`.

`use_container_width` will be removed after 2025-12-31.

For `use_container_width=True`, use `width='stretch'`. For `use_container_width=False`, use `width='content'`.
2026-03-26 22:44:02.354 Please replace `use_container_width` with `width`.

`use_container_width` will be removed after 2025-12-31.

For `use_container_width=True`, use `width='stretch'`. For `use_container_width=False`, use `width='content'`.
2026-03-26 22:44:02.378 Please replace `use_container_width` with `width`.

`use_container_width` will be removed after 2025-12-31.

For `use_container_width=True`, use `width='stretch'`. For `use_container_width=False`, use `width='content'`.
2026-03-26 22:44:17.686 Please replace `use_container_width` with `width`.

`use_container_width` will be removed after 2025-12-31.

For `use_container_width=True`, use `width='stretch'`. For `use_container_width=False`, use `width='content'`.
2026-03-26 22:44:17.735 Please replace `use_container_width` with `width`.

`use_container_width` will be removed after 2025-12-31.

For `use_container_width=True`, use `width='stretch'`. For `use_container_width=False`, use `width='content'`.
2026-03-26 22:44:17.810 `label` got an empty value. This is discouraged for accessibility reasons and may be disallowed in the future by raising an exception. Please provide a non-empty label and hide it with label_visibility if needed.
Stack (most recent call last):
  File "C:\Users\A0496749\AppData\Local\Programs\Python\Python312\Lib\threading.py", line 1032, in _bootstrap
    self._bootstrap_inner()
  File "C:\Users\A0496749\AppData\Local\Programs\Python\Python312\Lib\threading.py", line 1075, in _bootstrap_inner
    self.run()
  File "C:\Users\A0496749\AppData\Local\Programs\Python\Python312\Lib\threading.py", line 1012, in run
    self._target(*self._args, **self._kwargs)
  File "C:\Users\A0496749\AppData\Local\Programs\Python\Python312\Lib\site-packages\streamlit\runtime\scriptrunner\script_runner.py", line 379, in _run_script_thread
    self._run_script(request.rerun_data)
  File "C:\Users\A0496749\AppData\Local\Programs\Python\Python312\Lib\site-packages\streamlit\runtime\scriptrunner\script_runner.py", line 705, in _run_script
    ) = exec_func_with_error_handling(code_to_exec, ctx)
  File "C:\Users\A0496749\AppData\Local\Programs\Python\Python312\Lib\site-packages\streamlit\runtime\scriptrunner\exec_code.py", line 129, in exec_func_with_error_handling
    result = func()
  File "C:\Users\A0496749\AppData\Local\Programs\Python\Python312\Lib\site-packages\streamlit\runtime\scriptrunner\script_runner.py", line 689, in code_to_exec
    exec(code, module.__dict__)  # noqa: S102
  File "C:\Capstone_Project\app.py", line 1643, in <module>
    main()
  File "C:\Capstone_Project\app.py", line 1636, in main
    with tab2: tab_eda(df)
  File "C:\Capstone_Project\app.py", line 466, in tab_eda
    view = st.radio("", EDA_VIEWS, key="eda_nav", label_visibility="collapsed")
  File "C:\Users\A0496749\AppData\Local\Programs\Python\Python312\Lib\site-packages\streamlit\runtime\metrics_util.py", line 532, in wrapped_func
    result = non_optional_func(*args, **kwargs)
  File "C:\Users\A0496749\AppData\Local\Programs\Python\Python312\Lib\site-packages\streamlit\elements\widgets\radio.py", line 402, in radio
    return self._radio(
  File "C:\Users\A0496749\AppData\Local\Programs\Python\Python312\Lib\site-packages\streamlit\elements\widgets\radio.py", line 449, in _radio
    maybe_raise_label_warnings(label, label_visibility)
  File "C:\Users\A0496749\AppData\Local\Programs\Python\Python312\Lib\site-packages\streamlit\elements\lib\policies.py", line 187, in maybe_raise_label_warnings
    _LOGGER.warning(
2026-03-26 22:44:17.887 Please replace `use_container_width` with `width`.

`use_container_width` will be removed after 2025-12-31.

For `use_container_width=True`, use `width='stretch'`. For `use_container_width=False`, use `width='content'`.
2026-03-26 22:44:17.970 Please replace `use_container_width` with `width`.

`use_container_width` will be removed after 2025-12-31.

For `use_container_width=True`, use `width='stretch'`. For `use_container_width=False`, use `width='content'`.
2026-03-26 22:44:18.011 Please replace `use_container_width` with `width`.

`use_container_width` will be removed after 2025-12-31.

For `use_container_width=True`, use `width='stretch'`. For `use_container_width=False`, use `width='content'`.
2026-03-26 22:44:18.091 Please replace `use_container_width` with `width`.

`use_container_width` will be removed after 2025-12-31.

For `use_container_width=True`, use `width='stretch'`. For `use_container_width=False`, use `width='content'`.
2026-03-26 22:44:18.142 Please replace `use_container_width` with `width`.

`use_container_width` will be removed after 2025-12-31.

For `use_container_width=True`, use `width='stretch'`. For `use_container_width=False`, use `width='content'`.
2026-03-26 22:45:11.098 Please replace `use_container_width` with `width`.

`use_container_width` will be removed after 2025-12-31.

For `use_container_width=True`, use `width='stretch'`. For `use_container_width=False`, use `width='content'`.
2026-03-26 22:45:11.108 Please replace `use_container_width` with `width`.

`use_container_width` will be removed after 2025-12-31.

For `use_container_width=True`, use `width='stretch'`. For `use_container_width=False`, use `width='content'`.
2026-03-26 22:45:11.146 `label` got an empty value. This is discouraged for accessibility reasons and may be disallowed in the future by raising an exception. Please provide a non-empty label and hide it with label_visibility if needed.
Stack (most recent call last):
  File "C:\Users\A0496749\AppData\Local\Programs\Python\Python312\Lib\threading.py", line 1032, in _bootstrap
    self._bootstrap_inner()
  File "C:\Users\A0496749\AppData\Local\Programs\Python\Python312\Lib\threading.py", line 1075, in _bootstrap_inner
    self.run()
  File "C:\Users\A0496749\AppData\Local\Programs\Python\Python312\Lib\threading.py", line 1012, in run
    self._target(*self._args, **self._kwargs)
  File "C:\Users\A0496749\AppData\Local\Programs\Python\Python312\Lib\site-packages\streamlit\runtime\scriptrunner\script_runner.py", line 379, in _run_script_thread
    self._run_script(request.rerun_data)
  File "C:\Users\A0496749\AppData\Local\Programs\Python\Python312\Lib\site-packages\streamlit\runtime\scriptrunner\script_runner.py", line 705, in _run_script
    ) = exec_func_with_error_handling(code_to_exec, ctx)
  File "C:\Users\A0496749\AppData\Local\Programs\Python\Python312\Lib\site-packages\streamlit\runtime\scriptrunner\exec_code.py", line 129, in exec_func_with_error_handling
    result = func()
  File "C:\Users\A0496749\AppData\Local\Programs\Python\Python312\Lib\site-packages\streamlit\runtime\scriptrunner\script_runner.py", line 689, in code_to_exec
    exec(code, module.__dict__)  # noqa: S102
  File "C:\Capstone_Project\app.py", line 1643, in <module>
    main()
  File "C:\Capstone_Project\app.py", line 1636, in main
    with tab2: tab_eda(df)
  File "C:\Capstone_Project\app.py", line 466, in tab_eda
    view = st.radio("", EDA_VIEWS, key="eda_nav", label_visibility="collapsed")
  File "C:\Users\A0496749\AppData\Local\Programs\Python\Python312\Lib\site-packages\streamlit\runtime\metrics_util.py", line 532, in wrapped_func
    result = non_optional_func(*args, **kwargs)
  File "C:\Users\A0496749\AppData\Local\Programs\Python\Python312\Lib\site-packages\streamlit\elements\widgets\radio.py", line 402, in radio
    return self._radio(
  File "C:\Users\A0496749\AppData\Local\Programs\Python\Python312\Lib\site-packages\streamlit\elements\widgets\radio.py", line 449, in _radio
    maybe_raise_label_warnings(label, label_visibility)
  File "C:\Users\A0496749\AppData\Local\Programs\Python\Python312\Lib\site-packages\streamlit\elements\lib\policies.py", line 187, in maybe_raise_label_warnings
    _LOGGER.warning(
2026-03-26 22:45:11.190 Please replace `use_container_width` with `width`.

`use_container_width` will be removed after 2025-12-31.

For `use_container_width=True`, use `width='stretch'`. For `use_container_width=False`, use `width='content'`.
2026-03-26 22:45:11.233 Please replace `use_container_width` with `width`.

`use_container_width` will be removed after 2025-12-31.

For `use_container_width=True`, use `width='stretch'`. For `use_container_width=False`, use `width='content'`.
2026-03-26 22:45:11.280 Please replace `use_container_width` with `width`.

`use_container_width` will be removed after 2025-12-31.

For `use_container_width=True`, use `width='stretch'`. For `use_container_width=False`, use `width='content'`.
2026-03-26 22:45:11.309 Please replace `use_container_width` with `width`.

`use_container_width` will be removed after 2025-12-31.

For `use_container_width=True`, use `width='stretch'`. For `use_container_width=False`, use `width='content'`.
2026-03-26 22:45:11.362 Please replace `use_container_width` with `width`.

`use_container_width` will be removed after 2025-12-31.

For `use_container_width=True`, use `width='stretch'`. For `use_container_width=False`, use `width='content'`.
2026-03-26 22:45:11.393 Please replace `use_container_width` with `width`.

`use_container_width` will be removed after 2025-12-31.

For `use_container_width=True`, use `width='stretch'`. For `use_container_width=False`, use `width='content'`.
2026-03-26 22:45:11.809 Please replace `use_container_width` with `width`.

`use_container_width` will be removed after 2025-12-31.

For `use_container_width=True`, use `width='stretch'`. For `use_container_width=False`, use `width='content'`.
2026-03-26 22:45:11.824 Please replace `use_container_width` with `width`.

`use_container_width` will be removed after 2025-12-31.

For `use_container_width=True`, use `width='stretch'`. For `use_container_width=False`, use `width='content'`.
2026-03-26 22:45:11.867 `label` got an empty value. This is discouraged for accessibility reasons and may be disallowed in the future by raising an exception. Please provide a non-empty label and hide it with label_visibility if needed.
Stack (most recent call last):
  File "C:\Users\A0496749\AppData\Local\Programs\Python\Python312\Lib\threading.py", line 1032, in _bootstrap
    self._bootstrap_inner()
  File "C:\Users\A0496749\AppData\Local\Programs\Python\Python312\Lib\threading.py", line 1075, in _bootstrap_inner
    self.run()
  File "C:\Users\A0496749\AppData\Local\Programs\Python\Python312\Lib\threading.py", line 1012, in run
    self._target(*self._args, **self._kwargs)
  File "C:\Users\A0496749\AppData\Local\Programs\Python\Python312\Lib\site-packages\streamlit\runtime\scriptrunner\script_runner.py", line 379, in _run_script_thread
    self._run_script(request.rerun_data)
  File "C:\Users\A0496749\AppData\Local\Programs\Python\Python312\Lib\site-packages\streamlit\runtime\scriptrunner\script_runner.py", line 705, in _run_script
    ) = exec_func_with_error_handling(code_to_exec, ctx)
  File "C:\Users\A0496749\AppData\Local\Programs\Python\Python312\Lib\site-packages\streamlit\runtime\scriptrunner\exec_code.py", line 129, in exec_func_with_error_handling
    result = func()
  File "C:\Users\A0496749\AppData\Local\Programs\Python\Python312\Lib\site-packages\streamlit\runtime\scriptrunner\script_runner.py", line 689, in code_to_exec
    exec(code, module.__dict__)  # noqa: S102
  File "C:\Capstone_Project\app.py", line 1643, in <module>
    main()
  File "C:\Capstone_Project\app.py", line 1636, in main
    with tab2: tab_eda(df)
  File "C:\Capstone_Project\app.py", line 466, in tab_eda
    view = st.radio("", EDA_VIEWS, key="eda_nav", label_visibility="collapsed")
  File "C:\Users\A0496749\AppData\Local\Programs\Python\Python312\Lib\site-packages\streamlit\runtime\metrics_util.py", line 532, in wrapped_func
    result = non_optional_func(*args, **kwargs)
  File "C:\Users\A0496749\AppData\Local\Programs\Python\Python312\Lib\site-packages\streamlit\elements\widgets\radio.py", line 402, in radio
    return self._radio(
  File "C:\Users\A0496749\AppData\Local\Programs\Python\Python312\Lib\site-packages\streamlit\elements\widgets\radio.py", line 449, in _radio
    maybe_raise_label_warnings(label, label_visibility)
  File "C:\Users\A0496749\AppData\Local\Programs\Python\Python312\Lib\site-packages\streamlit\elements\lib\policies.py", line 187, in maybe_raise_label_warnings
    _LOGGER.warning(
2026-03-26 22:45:11.914 Please replace `use_container_width` with `width`.

`use_container_width` will be removed after 2025-12-31.

For `use_container_width=True`, use `width='stretch'`. For `use_container_width=False`, use `width='content'`.
2026-03-26 22:45:11.962 Please replace `use_container_width` with `width`.

`use_container_width` will be removed after 2025-12-31.

For `use_container_width=True`, use `width='stretch'`. For `use_container_width=False`, use `width='content'`.
2026-03-26 22:45:11.984 Please replace `use_container_width` with `width`.

`use_container_width` will be removed after 2025-12-31.

For `use_container_width=True`, use `width='stretch'`. For `use_container_width=False`, use `width='content'`.
2026-03-26 22:45:12.033 Please replace `use_container_width` with `width`.

`use_container_width` will be removed after 2025-12-31.

For `use_container_width=True`, use `width='stretch'`. For `use_container_width=False`, use `width='content'`.
2026-03-26 22:45:12.057 Please replace `use_container_width` with `width`.

`use_container_width` will be removed after 2025-12-31.

For `use_container_width=True`, use `width='stretch'`. For `use_container_width=False`, use `width='content'`.
2026-03-26 22:46:19.714 Please replace `use_container_width` with `width`.

`use_container_width` will be removed after 2025-12-31.

For `use_container_width=True`, use `width='stretch'`. For `use_container_width=False`, use `width='content'`.
2026-03-26 22:46:19.739 Please replace `use_container_width` with `width`.

`use_container_width` will be removed after 2025-12-31.

For `use_container_width=True`, use `width='stretch'`. For `use_container_width=False`, use `width='content'`.
2026-03-26 22:46:19.846 `label` got an empty value. This is discouraged for accessibility reasons and may be disallowed in the future by raising an exception. Please provide a non-empty label and hide it with label_visibility if needed.
Stack (most recent call last):
  File "C:\Users\A0496749\AppData\Local\Programs\Python\Python312\Lib\threading.py", line 1032, in _bootstrap
    self._bootstrap_inner()
  File "C:\Users\A0496749\AppData\Local\Programs\Python\Python312\Lib\threading.py", line 1075, in _bootstrap_inner
    self.run()
  File "C:\Users\A0496749\AppData\Local\Programs\Python\Python312\Lib\threading.py", line 1012, in run
    self._target(*self._args, **self._kwargs)
  File "C:\Users\A0496749\AppData\Local\Programs\Python\Python312\Lib\site-packages\streamlit\runtime\scriptrunner\script_runner.py", line 379, in _run_script_thread
    self._run_script(request.rerun_data)
  File "C:\Users\A0496749\AppData\Local\Programs\Python\Python312\Lib\site-packages\streamlit\runtime\scriptrunner\script_runner.py", line 705, in _run_script
    ) = exec_func_with_error_handling(code_to_exec, ctx)
  File "C:\Users\A0496749\AppData\Local\Programs\Python\Python312\Lib\site-packages\streamlit\runtime\scriptrunner\exec_code.py", line 129, in exec_func_with_error_handling
    result = func()
  File "C:\Users\A0496749\AppData\Local\Programs\Python\Python312\Lib\site-packages\streamlit\runtime\scriptrunner\script_runner.py", line 689, in code_to_exec
    exec(code, module.__dict__)  # noqa: S102
  File "C:\Capstone_Project\app.py", line 1643, in <module>
    main()
  File "C:\Capstone_Project\app.py", line 1636, in main
    with tab2: tab_eda(df)
  File "C:\Capstone_Project\app.py", line 466, in tab_eda
    view = st.radio("", EDA_VIEWS, key="eda_nav", label_visibility="collapsed")
  File "C:\Users\A0496749\AppData\Local\Programs\Python\Python312\Lib\site-packages\streamlit\runtime\metrics_util.py", line 532, in wrapped_func
    result = non_optional_func(*args, **kwargs)
  File "C:\Users\A0496749\AppData\Local\Programs\Python\Python312\Lib\site-packages\streamlit\elements\widgets\radio.py", line 402, in radio
    return self._radio(
  File "C:\Users\A0496749\AppData\Local\Programs\Python\Python312\Lib\site-packages\streamlit\elements\widgets\radio.py", line 449, in _radio
    maybe_raise_label_warnings(label, label_visibility)
  File "C:\Users\A0496749\AppData\Local\Programs\Python\Python312\Lib\site-packages\streamlit\elements\lib\policies.py", line 187, in maybe_raise_label_warnings
    _LOGGER.warning(
2026-03-26 22:46:19.920 Please replace `use_container_width` with `width`.

`use_container_width` will be removed after 2025-12-31.

For `use_container_width=True`, use `width='stretch'`. For `use_container_width=False`, use `width='content'`.
2026-03-26 22:46:20.002 Please replace `use_container_width` with `width`.

`use_container_width` will be removed after 2025-12-31.

For `use_container_width=True`, use `width='stretch'`. For `use_container_width=False`, use `width='content'`.
2026-03-26 22:46:20.041 Please replace `use_container_width` with `width`.

`use_container_width` will be removed after 2025-12-31.

For `use_container_width=True`, use `width='stretch'`. For `use_container_width=False`, use `width='content'`.
2026-03-26 22:46:20.116 Please replace `use_container_width` with `width`.

`use_container_width` will be removed after 2025-12-31.

For `use_container_width=True`, use `width='stretch'`. For `use_container_width=False`, use `width='content'`.
2026-03-26 22:46:20.160 Please replace `use_container_width` with `width`.

`use_container_width` will be removed after 2025-12-31.

For `use_container_width=True`, use `width='stretch'`. For `use_container_width=False`, use `width='content'`.
2026-03-26 22:51:16.160 Please replace `use_container_width` with `width`.

`use_container_width` will be removed after 2025-12-31.

For `use_container_width=True`, use `width='stretch'`. For `use_container_width=False`, use `width='content'`.
2026-03-26 22:51:16.174 Please replace `use_container_width` with `width`.

`use_container_width` will be removed after 2025-12-31.

For `use_container_width=True`, use `width='stretch'`. For `use_container_width=False`, use `width='content'`.
2026-03-26 22:51:16.208 `label` got an empty value. This is discouraged for accessibility reasons and may be disallowed in the future by raising an exception. Please provide a non-empty label and hide it with label_visibility if needed.
Stack (most recent call last):
  File "C:\Users\A0496749\AppData\Local\Programs\Python\Python312\Lib\threading.py", line 1032, in _bootstrap
    self._bootstrap_inner()
  File "C:\Users\A0496749\AppData\Local\Programs\Python\Python312\Lib\threading.py", line 1075, in _bootstrap_inner
    self.run()
  File "C:\Users\A0496749\AppData\Local\Programs\Python\Python312\Lib\threading.py", line 1012, in run
    self._target(*self._args, **self._kwargs)
  File "C:\Users\A0496749\AppData\Local\Programs\Python\Python312\Lib\site-packages\streamlit\runtime\scriptrunner\script_runner.py", line 379, in _run_script_thread
    self._run_script(request.rerun_data)
  File "C:\Users\A0496749\AppData\Local\Programs\Python\Python312\Lib\site-packages\streamlit\runtime\scriptrunner\script_runner.py", line 705, in _run_script
    ) = exec_func_with_error_handling(code_to_exec, ctx)
  File "C:\Users\A0496749\AppData\Local\Programs\Python\Python312\Lib\site-packages\streamlit\runtime\scriptrunner\exec_code.py", line 129, in exec_func_with_error_handling
    result = func()
  File "C:\Users\A0496749\AppData\Local\Programs\Python\Python312\Lib\site-packages\streamlit\runtime\scriptrunner\script_runner.py", line 689, in code_to_exec
    exec(code, module.__dict__)  # noqa: S102
  File "C:\Capstone_Project\app.py", line 1643, in <module>
    main()
  File "C:\Capstone_Project\app.py", line 1636, in main
    with tab2: tab_eda(df)
  File "C:\Capstone_Project\app.py", line 466, in tab_eda
    view = st.radio("", EDA_VIEWS, key="eda_nav", label_visibility="collapsed")
  File "C:\Users\A0496749\AppData\Local\Programs\Python\Python312\Lib\site-packages\streamlit\runtime\metrics_util.py", line 532, in wrapped_func
    result = non_optional_func(*args, **kwargs)
  File "C:\Users\A0496749\AppData\Local\Programs\Python\Python312\Lib\site-packages\streamlit\elements\widgets\radio.py", line 402, in radio
    return self._radio(
  File "C:\Users\A0496749\AppData\Local\Programs\Python\Python312\Lib\site-packages\streamlit\elements\widgets\radio.py", line 449, in _radio
    maybe_raise_label_warnings(label, label_visibility)
  File "C:\Users\A0496749\AppData\Local\Programs\Python\Python312\Lib\site-packages\streamlit\elements\lib\policies.py", line 187, in maybe_raise_label_warnings
    _LOGGER.warning(
2026-03-26 22:51:16.261 Please replace `use_container_width` with `width`.

`use_container_width` will be removed after 2025-12-31.

For `use_container_width=True`, use `width='stretch'`. For `use_container_width=False`, use `width='content'`.
2026-03-26 22:51:16.308 Please replace `use_container_width` with `width`.

`use_container_width` will be removed after 2025-12-31.

For `use_container_width=True`, use `width='stretch'`. For `use_container_width=False`, use `width='content'`.
2026-03-26 22:51:16.331 Please replace `use_container_width` with `width`.

`use_container_width` will be removed after 2025-12-31.

For `use_container_width=True`, use `width='stretch'`. For `use_container_width=False`, use `width='content'`.
2026-03-26 22:51:16.369 Please replace `use_container_width` with `width`.

`use_container_width` will be removed after 2025-12-31.

For `use_container_width=True`, use `width='stretch'`. For `use_container_width=False`, use `width='content'`.
2026-03-26 22:51:16.395 Please replace `use_container_width` with `width`.

`use_container_width` will be removed after 2025-12-31.

For `use_container_width=True`, use `width='stretch'`. For `use_container_width=False`, use `width='content'`.
2026-03-26 22:51:24.086 Please replace `use_container_width` with `width`.

`use_container_width` will be removed after 2025-12-31.

For `use_container_width=True`, use `width='stretch'`. For `use_container_width=False`, use `width='content'`.
2026-03-26 22:51:24.110 Please replace `use_container_width` with `width`.

`use_container_width` will be removed after 2025-12-31.

For `use_container_width=True`, use `width='stretch'`. For `use_container_width=False`, use `width='content'`.
2026-03-26 22:51:24.191 `label` got an empty value. This is discouraged for accessibility reasons and may be disallowed in the future by raising an exception. Please provide a non-empty label and hide it with label_visibility if needed.
Stack (most recent call last):
  File "C:\Users\A0496749\AppData\Local\Programs\Python\Python312\Lib\threading.py", line 1032, in _bootstrap
    self._bootstrap_inner()
  File "C:\Users\A0496749\AppData\Local\Programs\Python\Python312\Lib\threading.py", line 1075, in _bootstrap_inner
    self.run()
  File "C:\Users\A0496749\AppData\Local\Programs\Python\Python312\Lib\threading.py", line 1012, in run
    self._target(*self._args, **self._kwargs)
  File "C:\Users\A0496749\AppData\Local\Programs\Python\Python312\Lib\site-packages\streamlit\runtime\scriptrunner\script_runner.py", line 379, in _run_script_thread
    self._run_script(request.rerun_data)
  File "C:\Users\A0496749\AppData\Local\Programs\Python\Python312\Lib\site-packages\streamlit\runtime\scriptrunner\script_runner.py", line 705, in _run_script
    ) = exec_func_with_error_handling(code_to_exec, ctx)
  File "C:\Users\A0496749\AppData\Local\Programs\Python\Python312\Lib\site-packages\streamlit\runtime\scriptrunner\exec_code.py", line 129, in exec_func_with_error_handling
    result = func()
  File "C:\Users\A0496749\AppData\Local\Programs\Python\Python312\Lib\site-packages\streamlit\runtime\scriptrunner\script_runner.py", line 689, in code_to_exec
    exec(code, module.__dict__)  # noqa: S102
  File "C:\Capstone_Project\app.py", line 1643, in <module>
    main()
  File "C:\Capstone_Project\app.py", line 1636, in main
    with tab2: tab_eda(df)
  File "C:\Capstone_Project\app.py", line 466, in tab_eda
    view = st.radio("", EDA_VIEWS, key="eda_nav", label_visibility="collapsed")
  File "C:\Users\A0496749\AppData\Local\Programs\Python\Python312\Lib\site-packages\streamlit\runtime\metrics_util.py", line 532, in wrapped_func
    result = non_optional_func(*args, **kwargs)
  File "C:\Users\A0496749\AppData\Local\Programs\Python\Python312\Lib\site-packages\streamlit\elements\widgets\radio.py", line 402, in radio
    return self._radio(
  File "C:\Users\A0496749\AppData\Local\Programs\Python\Python312\Lib\site-packages\streamlit\elements\widgets\radio.py", line 449, in _radio
    maybe_raise_label_warnings(label, label_visibility)
  File "C:\Users\A0496749\AppData\Local\Programs\Python\Python312\Lib\site-packages\streamlit\elements\lib\policies.py", line 187, in maybe_raise_label_warnings
    _LOGGER.warning(
2026-03-26 22:51:24.237 Please replace `use_container_width` with `width`.

`use_container_width` will be removed after 2025-12-31.

For `use_container_width=True`, use `width='stretch'`. For `use_container_width=False`, use `width='content'`.
2026-03-26 22:51:24.284 Please replace `use_container_width` with `width`.

`use_container_width` will be removed after 2025-12-31.

For `use_container_width=True`, use `width='stretch'`. For `use_container_width=False`, use `width='content'`.
2026-03-26 22:51:24.305 Please replace `use_container_width` with `width`.

`use_container_width` will be removed after 2025-12-31.

For `use_container_width=True`, use `width='stretch'`. For `use_container_width=False`, use `width='content'`.
2026-03-26 22:51:24.380 Please replace `use_container_width` with `width`.

`use_container_width` will be removed after 2025-12-31.

For `use_container_width=True`, use `width='stretch'`. For `use_container_width=False`, use `width='content'`.
2026-03-26 22:51:24.406 Please replace `use_container_width` with `width`.

`use_container_width` will be removed after 2025-12-31.

For `use_container_width=True`, use `width='stretch'`. For `use_container_width=False`, use `width='content'`.
2026-03-26 22:51:38.618 Please replace `use_container_width` with `width`.

`use_container_width` will be removed after 2025-12-31.

For `use_container_width=True`, use `width='stretch'`. For `use_container_width=False`, use `width='content'`.
2026-03-26 22:51:38.641 Please replace `use_container_width` with `width`.

`use_container_width` will be removed after 2025-12-31.

For `use_container_width=True`, use `width='stretch'`. For `use_container_width=False`, use `width='content'`.
2026-03-26 22:51:38.708 `label` got an empty value. This is discouraged for accessibility reasons and may be disallowed in the future by raising an exception. Please provide a non-empty label and hide it with label_visibility if needed.
Stack (most recent call last):
  File "C:\Users\A0496749\AppData\Local\Programs\Python\Python312\Lib\threading.py", line 1032, in _bootstrap
    self._bootstrap_inner()
  File "C:\Users\A0496749\AppData\Local\Programs\Python\Python312\Lib\threading.py", line 1075, in _bootstrap_inner
    self.run()
  File "C:\Users\A0496749\AppData\Local\Programs\Python\Python312\Lib\threading.py", line 1012, in run
    self._target(*self._args, **self._kwargs)
  File "C:\Users\A0496749\AppData\Local\Programs\Python\Python312\Lib\site-packages\streamlit\runtime\scriptrunner\script_runner.py", line 379, in _run_script_thread
    self._run_script(request.rerun_data)
  File "C:\Users\A0496749\AppData\Local\Programs\Python\Python312\Lib\site-packages\streamlit\runtime\scriptrunner\script_runner.py", line 705, in _run_script
    ) = exec_func_with_error_handling(code_to_exec, ctx)
  File "C:\Users\A0496749\AppData\Local\Programs\Python\Python312\Lib\site-packages\streamlit\runtime\scriptrunner\exec_code.py", line 129, in exec_func_with_error_handling
    result = func()
  File "C:\Users\A0496749\AppData\Local\Programs\Python\Python312\Lib\site-packages\streamlit\runtime\scriptrunner\script_runner.py", line 689, in code_to_exec
    exec(code, module.__dict__)  # noqa: S102
  File "C:\Capstone_Project\app.py", line 1643, in <module>
    main()
  File "C:\Capstone_Project\app.py", line 1636, in main
    with tab2: tab_eda(df)
  File "C:\Capstone_Project\app.py", line 466, in tab_eda
    view = st.radio("", EDA_VIEWS, key="eda_nav", label_visibility="collapsed")
  File "C:\Users\A0496749\AppData\Local\Programs\Python\Python312\Lib\site-packages\streamlit\runtime\metrics_util.py", line 532, in wrapped_func
    result = non_optional_func(*args, **kwargs)
  File "C:\Users\A0496749\AppData\Local\Programs\Python\Python312\Lib\site-packages\streamlit\elements\widgets\radio.py", line 402, in radio
    return self._radio(
  File "C:\Users\A0496749\AppData\Local\Programs\Python\Python312\Lib\site-packages\streamlit\elements\widgets\radio.py", line 449, in _radio
    maybe_raise_label_warnings(label, label_visibility)
  File "C:\Users\A0496749\AppData\Local\Programs\Python\Python312\Lib\site-packages\streamlit\elements\lib\policies.py", line 187, in maybe_raise_label_warnings
    _LOGGER.warning(
2026-03-26 22:51:38.781 Please replace `use_container_width` with `width`.

`use_container_width` will be removed after 2025-12-31.

For `use_container_width=True`, use `width='stretch'`. For `use_container_width=False`, use `width='content'`.
2026-03-26 22:51:38.834 Please replace `use_container_width` with `width`.

`use_container_width` will be removed after 2025-12-31.

For `use_container_width=True`, use `width='stretch'`. For `use_container_width=False`, use `width='content'`.
2026-03-26 22:51:38.861 Please replace `use_container_width` with `width`.

`use_container_width` will be removed after 2025-12-31.

For `use_container_width=True`, use `width='stretch'`. For `use_container_width=False`, use `width='content'`.
2026-03-26 22:51:38.908 Please replace `use_container_width` with `width`.

`use_container_width` will be removed after 2025-12-31.

For `use_container_width=True`, use `width='stretch'`. For `use_container_width=False`, use `width='content'`.
2026-03-26 22:51:38.939 Please replace `use_container_width` with `width`.

`use_container_width` will be removed after 2025-12-31.

For `use_container_width=True`, use `width='stretch'`. For `use_container_width=False`, use `width='content'`.
2026-03-26 22:53:10.606 Please replace `use_container_width` with `width`.

`use_container_width` will be removed after 2025-12-31.

For `use_container_width=True`, use `width='stretch'`. For `use_container_width=False`, use `width='content'`.
2026-03-26 22:53:10.661 Please replace `use_container_width` with `width`.

`use_container_width` will be removed after 2025-12-31.

For `use_container_width=True`, use `width='stretch'`. For `use_container_width=False`, use `width='content'`.
2026-03-26 22:53:10.725 `label` got an empty value. This is discouraged for accessibility reasons and may be disallowed in the future by raising an exception. Please provide a non-empty label and hide it with label_visibility if needed.
Stack (most recent call last):
  File "C:\Users\A0496749\AppData\Local\Programs\Python\Python312\Lib\threading.py", line 1032, in _bootstrap
    self._bootstrap_inner()
  File "C:\Users\A0496749\AppData\Local\Programs\Python\Python312\Lib\threading.py", line 1075, in _bootstrap_inner
    self.run()
  File "C:\Users\A0496749\AppData\Local\Programs\Python\Python312\Lib\threading.py", line 1012, in run
    self._target(*self._args, **self._kwargs)
  File "C:\Users\A0496749\AppData\Local\Programs\Python\Python312\Lib\site-packages\streamlit\runtime\scriptrunner\script_runner.py", line 379, in _run_script_thread
    self._run_script(request.rerun_data)
  File "C:\Users\A0496749\AppData\Local\Programs\Python\Python312\Lib\site-packages\streamlit\runtime\scriptrunner\script_runner.py", line 705, in _run_script
    ) = exec_func_with_error_handling(code_to_exec, ctx)
  File "C:\Users\A0496749\AppData\Local\Programs\Python\Python312\Lib\site-packages\streamlit\runtime\scriptrunner\exec_code.py", line 129, in exec_func_with_error_handling
    result = func()
  File "C:\Users\A0496749\AppData\Local\Programs\Python\Python312\Lib\site-packages\streamlit\runtime\scriptrunner\script_runner.py", line 689, in code_to_exec
    exec(code, module.__dict__)  # noqa: S102
  File "C:\Capstone_Project\app.py", line 1643, in <module>
    main()
  File "C:\Capstone_Project\app.py", line 1636, in main
    with tab2: tab_eda(df)
  File "C:\Capstone_Project\app.py", line 466, in tab_eda
    view = st.radio("", EDA_VIEWS, key="eda_nav", label_visibility="collapsed")
  File "C:\Users\A0496749\AppData\Local\Programs\Python\Python312\Lib\site-packages\streamlit\runtime\metrics_util.py", line 532, in wrapped_func
    result = non_optional_func(*args, **kwargs)
  File "C:\Users\A0496749\AppData\Local\Programs\Python\Python312\Lib\site-packages\streamlit\elements\widgets\radio.py", line 402, in radio
    return self._radio(
  File "C:\Users\A0496749\AppData\Local\Programs\Python\Python312\Lib\site-packages\streamlit\elements\widgets\radio.py", line 449, in _radio
    maybe_raise_label_warnings(label, label_visibility)
  File "C:\Users\A0496749\AppData\Local\Programs\Python\Python312\Lib\site-packages\streamlit\elements\lib\policies.py", line 187, in maybe_raise_label_warnings
    _LOGGER.warning(
2026-03-26 22:53:10.791 Please replace `use_container_width` with `width`.

`use_container_width` will be removed after 2025-12-31.

For `use_container_width=True`, use `width='stretch'`. For `use_container_width=False`, use `width='content'`.
2026-03-26 22:53:10.842 Please replace `use_container_width` with `width`.

`use_container_width` will be removed after 2025-12-31.

For `use_container_width=True`, use `width='stretch'`. For `use_container_width=False`, use `width='content'`.
2026-03-26 22:53:10.894 Please replace `use_container_width` with `width`.

`use_container_width` will be removed after 2025-12-31.

For `use_container_width=True`, use `width='stretch'`. For `use_container_width=False`, use `width='content'`.
2026-03-26 22:53:10.919 Please replace `use_container_width` with `width`.

`use_container_width` will be removed after 2025-12-31.

For `use_container_width=True`, use `width='stretch'`. For `use_container_width=False`, use `width='content'`.
2026-03-26 22:53:10.963 Please replace `use_container_width` with `width`.

`use_container_width` will be removed after 2025-12-31.

For `use_container_width=True`, use `width='stretch'`. For `use_container_width=False`, use `width='content'`.
2026-03-26 22:53:10.990 Please replace `use_container_width` with `width`.

`use_container_width` will be removed after 2025-12-31.

For `use_container_width=True`, use `width='stretch'`. For `use_container_width=False`, use `width='content'`.
2026-03-26 22:53:42.118 Please replace `use_container_width` with `width`.

`use_container_width` will be removed after 2025-12-31.

For `use_container_width=True`, use `width='stretch'`. For `use_container_width=False`, use `width='content'`.
2026-03-26 22:53:42.130 Please replace `use_container_width` with `width`.

`use_container_width` will be removed after 2025-12-31.

For `use_container_width=True`, use `width='stretch'`. For `use_container_width=False`, use `width='content'`.
2026-03-26 22:53:42.163 `label` got an empty value. This is discouraged for accessibility reasons and may be disallowed in the future by raising an exception. Please provide a non-empty label and hide it with label_visibility if needed.
Stack (most recent call last):
  File "C:\Users\A0496749\AppData\Local\Programs\Python\Python312\Lib\threading.py", line 1032, in _bootstrap
    self._bootstrap_inner()
  File "C:\Users\A0496749\AppData\Local\Programs\Python\Python312\Lib\threading.py", line 1075, in _bootstrap_inner
    self.run()
  File "C:\Users\A0496749\AppData\Local\Programs\Python\Python312\Lib\threading.py", line 1012, in run
    self._target(*self._args, **self._kwargs)
  File "C:\Users\A0496749\AppData\Local\Programs\Python\Python312\Lib\site-packages\streamlit\runtime\scriptrunner\script_runner.py", line 379, in _run_script_thread
    self._run_script(request.rerun_data)
  File "C:\Users\A0496749\AppData\Local\Programs\Python\Python312\Lib\site-packages\streamlit\runtime\scriptrunner\script_runner.py", line 705, in _run_script
    ) = exec_func_with_error_handling(code_to_exec, ctx)
  File "C:\Users\A0496749\AppData\Local\Programs\Python\Python312\Lib\site-packages\streamlit\runtime\scriptrunner\exec_code.py", line 129, in exec_func_with_error_handling
    result = func()
  File "C:\Users\A0496749\AppData\Local\Programs\Python\Python312\Lib\site-packages\streamlit\runtime\scriptrunner\script_runner.py", line 689, in code_to_exec
    exec(code, module.__dict__)  # noqa: S102
  File "C:\Capstone_Project\app.py", line 1643, in <module>
    main()
  File "C:\Capstone_Project\app.py", line 1636, in main
    with tab2: tab_eda(df)
  File "C:\Capstone_Project\app.py", line 466, in tab_eda
    view = st.radio("", EDA_VIEWS, key="eda_nav", label_visibility="collapsed")
  File "C:\Users\A0496749\AppData\Local\Programs\Python\Python312\Lib\site-packages\streamlit\runtime\metrics_util.py", line 532, in wrapped_func
    result = non_optional_func(*args, **kwargs)
  File "C:\Users\A0496749\AppData\Local\Programs\Python\Python312\Lib\site-packages\streamlit\elements\widgets\radio.py", line 402, in radio
    return self._radio(
  File "C:\Users\A0496749\AppData\Local\Programs\Python\Python312\Lib\site-packages\streamlit\elements\widgets\radio.py", line 449, in _radio
    maybe_raise_label_warnings(label, label_visibility)
  File "C:\Users\A0496749\AppData\Local\Programs\Python\Python312\Lib\site-packages\streamlit\elements\lib\policies.py", line 187, in maybe_raise_label_warnings
    _LOGGER.warning(
2026-03-26 22:53:42.200 Please replace `use_container_width` with `width`.

`use_container_width` will be removed after 2025-12-31.

For `use_container_width=True`, use `width='stretch'`. For `use_container_width=False`, use `width='content'`.
2026-03-26 22:53:42.208 Please replace `use_container_width` with `width`.

`use_container_width` will be removed after 2025-12-31.

For `use_container_width=True`, use `width='stretch'`. For `use_container_width=False`, use `width='content'`.
2026-03-26 22:53:42.251 Please replace `use_container_width` with `width`.

`use_container_width` will be removed after 2025-12-31.

For `use_container_width=True`, use `width='stretch'`. For `use_container_width=False`, use `width='content'`.
2026-03-26 22:53:42.273 Please replace `use_container_width` with `width`.

`use_container_width` will be removed after 2025-12-31.

For `use_container_width=True`, use `width='stretch'`. For `use_container_width=False`, use `width='content'`.
2026-03-26 22:53:42.342 Please replace `use_container_width` with `width`.

`use_container_width` will be removed after 2025-12-31.

For `use_container_width=True`, use `width='stretch'`. For `use_container_width=False`, use `width='content'`.
2026-03-26 22:53:42.366 Please replace `use_container_width` with `width`.

`use_container_width` will be removed after 2025-12-31.

For `use_container_width=True`, use `width='stretch'`. For `use_container_width=False`, use `width='content'`.
2026-03-26 22:54:15.598 Please replace `use_container_width` with `width`.

`use_container_width` will be removed after 2025-12-31.

For `use_container_width=True`, use `width='stretch'`. For `use_container_width=False`, use `width='content'`.
2026-03-26 22:54:15.623 Please replace `use_container_width` with `width`.

`use_container_width` will be removed after 2025-12-31.

For `use_container_width=True`, use `width='stretch'`. For `use_container_width=False`, use `width='content'`.
2026-03-26 22:54:15.692 `label` got an empty value. This is discouraged for accessibility reasons and may be disallowed in the future by raising an exception. Please provide a non-empty label and hide it with label_visibility if needed.
Stack (most recent call last):
  File "C:\Users\A0496749\AppData\Local\Programs\Python\Python312\Lib\threading.py", line 1032, in _bootstrap
    self._bootstrap_inner()
  File "C:\Users\A0496749\AppData\Local\Programs\Python\Python312\Lib\threading.py", line 1075, in _bootstrap_inner
    self.run()
  File "C:\Users\A0496749\AppData\Local\Programs\Python\Python312\Lib\threading.py", line 1012, in run
    self._target(*self._args, **self._kwargs)
  File "C:\Users\A0496749\AppData\Local\Programs\Python\Python312\Lib\site-packages\streamlit\runtime\scriptrunner\script_runner.py", line 379, in _run_script_thread
    self._run_script(request.rerun_data)
  File "C:\Users\A0496749\AppData\Local\Programs\Python\Python312\Lib\site-packages\streamlit\runtime\scriptrunner\script_runner.py", line 705, in _run_script
    ) = exec_func_with_error_handling(code_to_exec, ctx)
  File "C:\Users\A0496749\AppData\Local\Programs\Python\Python312\Lib\site-packages\streamlit\runtime\scriptrunner\exec_code.py", line 129, in exec_func_with_error_handling
    result = func()
  File "C:\Users\A0496749\AppData\Local\Programs\Python\Python312\Lib\site-packages\streamlit\runtime\scriptrunner\script_runner.py", line 689, in code_to_exec
    exec(code, module.__dict__)  # noqa: S102
  File "C:\Capstone_Project\app.py", line 1643, in <module>
    main()
  File "C:\Capstone_Project\app.py", line 1636, in main
    with tab2: tab_eda(df)
  File "C:\Capstone_Project\app.py", line 466, in tab_eda
    view = st.radio("", EDA_VIEWS, key="eda_nav", label_visibility="collapsed")
  File "C:\Users\A0496749\AppData\Local\Programs\Python\Python312\Lib\site-packages\streamlit\runtime\metrics_util.py", line 532, in wrapped_func
    result = non_optional_func(*args, **kwargs)
  File "C:\Users\A0496749\AppData\Local\Programs\Python\Python312\Lib\site-packages\streamlit\elements\widgets\radio.py", line 402, in radio
    return self._radio(
  File "C:\Users\A0496749\AppData\Local\Programs\Python\Python312\Lib\site-packages\streamlit\elements\widgets\radio.py", line 449, in _radio
    maybe_raise_label_warnings(label, label_visibility)
  File "C:\Users\A0496749\AppData\Local\Programs\Python\Python312\Lib\site-packages\streamlit\elements\lib\policies.py", line 187, in maybe_raise_label_warnings
    _LOGGER.warning(
2026-03-26 22:54:15.758 Please replace `use_container_width` with `width`.

`use_container_width` will be removed after 2025-12-31.

For `use_container_width=True`, use `width='stretch'`. For `use_container_width=False`, use `width='content'`.
2026-03-26 22:54:15.824 Please replace `use_container_width` with `width`.

`use_container_width` will be removed after 2025-12-31.

For `use_container_width=True`, use `width='stretch'`. For `use_container_width=False`, use `width='content'`.
2026-03-26 22:54:15.901 Please replace `use_container_width` with `width`.

`use_container_width` will be removed after 2025-12-31.

For `use_container_width=True`, use `width='stretch'`. For `use_container_width=False`, use `width='content'`.
2026-03-26 22:54:15.943 Please replace `use_container_width` with `width`.

`use_container_width` will be removed after 2025-12-31.

For `use_container_width=True`, use `width='stretch'`. For `use_container_width=False`, use `width='content'`.
2026-03-26 22:54:16.012 Please replace `use_container_width` with `width`.

`use_container_width` will be removed after 2025-12-31.

For `use_container_width=True`, use `width='stretch'`. For `use_container_width=False`, use `width='content'`.
2026-03-26 22:54:16.047 Please replace `use_container_width` with `width`.

`use_container_width` will be removed after 2025-12-31.

For `use_container_width=True`, use `width='stretch'`. For `use_container_width=False`, use `width='content'`.
2026-03-26 22:55:39.727 Please replace `use_container_width` with `width`.

`use_container_width` will be removed after 2025-12-31.

For `use_container_width=True`, use `width='stretch'`. For `use_container_width=False`, use `width='content'`.
2026-03-26 22:55:39.750 Please replace `use_container_width` with `width`.

`use_container_width` will be removed after 2025-12-31.

For `use_container_width=True`, use `width='stretch'`. For `use_container_width=False`, use `width='content'`.
2026-03-26 22:55:39.833 `label` got an empty value. This is discouraged for accessibility reasons and may be disallowed in the future by raising an exception. Please provide a non-empty label and hide it with label_visibility if needed.
Stack (most recent call last):
  File "C:\Users\A0496749\AppData\Local\Programs\Python\Python312\Lib\threading.py", line 1032, in _bootstrap
    self._bootstrap_inner()
  File "C:\Users\A0496749\AppData\Local\Programs\Python\Python312\Lib\threading.py", line 1075, in _bootstrap_inner
    self.run()
  File "C:\Users\A0496749\AppData\Local\Programs\Python\Python312\Lib\threading.py", line 1012, in run
    self._target(*self._args, **self._kwargs)
  File "C:\Users\A0496749\AppData\Local\Programs\Python\Python312\Lib\site-packages\streamlit\runtime\scriptrunner\script_runner.py", line 379, in _run_script_thread
    self._run_script(request.rerun_data)
  File "C:\Users\A0496749\AppData\Local\Programs\Python\Python312\Lib\site-packages\streamlit\runtime\scriptrunner\script_runner.py", line 705, in _run_script
    ) = exec_func_with_error_handling(code_to_exec, ctx)
  File "C:\Users\A0496749\AppData\Local\Programs\Python\Python312\Lib\site-packages\streamlit\runtime\scriptrunner\exec_code.py", line 129, in exec_func_with_error_handling
    result = func()
  File "C:\Users\A0496749\AppData\Local\Programs\Python\Python312\Lib\site-packages\streamlit\runtime\scriptrunner\script_runner.py", line 689, in code_to_exec
    exec(code, module.__dict__)  # noqa: S102
  File "C:\Capstone_Project\app.py", line 1643, in <module>
    main()
  File "C:\Capstone_Project\app.py", line 1636, in main
    with tab2: tab_eda(df)
  File "C:\Capstone_Project\app.py", line 466, in tab_eda
    view = st.radio("", EDA_VIEWS, key="eda_nav", label_visibility="collapsed")
  File "C:\Users\A0496749\AppData\Local\Programs\Python\Python312\Lib\site-packages\streamlit\runtime\metrics_util.py", line 532, in wrapped_func
    result = non_optional_func(*args, **kwargs)
  File "C:\Users\A0496749\AppData\Local\Programs\Python\Python312\Lib\site-packages\streamlit\elements\widgets\radio.py", line 402, in radio
    return self._radio(
  File "C:\Users\A0496749\AppData\Local\Programs\Python\Python312\Lib\site-packages\streamlit\elements\widgets\radio.py", line 449, in _radio
    maybe_raise_label_warnings(label, label_visibility)
  File "C:\Users\A0496749\AppData\Local\Programs\Python\Python312\Lib\site-packages\streamlit\elements\lib\policies.py", line 187, in maybe_raise_label_warnings
    _LOGGER.warning(
2026-03-26 22:55:39.913 Please replace `use_container_width` with `width`.

`use_container_width` will be removed after 2025-12-31.

For `use_container_width=True`, use `width='stretch'`. For `use_container_width=False`, use `width='content'`.
2026-03-26 22:55:39.928 Please replace `use_container_width` with `width`.

`use_container_width` will be removed after 2025-12-31.

For `use_container_width=True`, use `width='stretch'`. For `use_container_width=False`, use `width='content'`.
2026-03-26 22:55:40.014 Please replace `use_container_width` with `width`.

`use_container_width` will be removed after 2025-12-31.

For `use_container_width=True`, use `width='stretch'`. For `use_container_width=False`, use `width='content'`.
2026-03-26 22:55:40.057 Please replace `use_container_width` with `width`.

`use_container_width` will be removed after 2025-12-31.

For `use_container_width=True`, use `width='stretch'`. For `use_container_width=False`, use `width='content'`.
2026-03-26 22:55:40.137 Please replace `use_container_width` with `width`.

`use_container_width` will be removed after 2025-12-31.

For `use_container_width=True`, use `width='stretch'`. For `use_container_width=False`, use `width='content'`.
2026-03-26 22:55:40.185 Please replace `use_container_width` with `width`.

`use_container_width` will be removed after 2025-12-31.

For `use_container_width=True`, use `width='stretch'`. For `use_container_width=False`, use `width='content'`.
2026-03-26 22:56:16.395 Please replace `use_container_width` with `width`.

`use_container_width` will be removed after 2025-12-31.

For `use_container_width=True`, use `width='stretch'`. For `use_container_width=False`, use `width='content'`.
2026-03-26 22:56:16.408 Please replace `use_container_width` with `width`.

`use_container_width` will be removed after 2025-12-31.

For `use_container_width=True`, use `width='stretch'`. For `use_container_width=False`, use `width='content'`.
2026-03-26 22:56:16.445 `label` got an empty value. This is discouraged for accessibility reasons and may be disallowed in the future by raising an exception. Please provide a non-empty label and hide it with label_visibility if needed.
Stack (most recent call last):
  File "C:\Users\A0496749\AppData\Local\Programs\Python\Python312\Lib\threading.py", line 1032, in _bootstrap
    self._bootstrap_inner()
  File "C:\Users\A0496749\AppData\Local\Programs\Python\Python312\Lib\threading.py", line 1075, in _bootstrap_inner
    self.run()
  File "C:\Users\A0496749\AppData\Local\Programs\Python\Python312\Lib\threading.py", line 1012, in run
    self._target(*self._args, **self._kwargs)
  File "C:\Users\A0496749\AppData\Local\Programs\Python\Python312\Lib\site-packages\streamlit\runtime\scriptrunner\script_runner.py", line 379, in _run_script_thread
    self._run_script(request.rerun_data)
  File "C:\Users\A0496749\AppData\Local\Programs\Python\Python312\Lib\site-packages\streamlit\runtime\scriptrunner\script_runner.py", line 705, in _run_script
    ) = exec_func_with_error_handling(code_to_exec, ctx)
  File "C:\Users\A0496749\AppData\Local\Programs\Python\Python312\Lib\site-packages\streamlit\runtime\scriptrunner\exec_code.py", line 129, in exec_func_with_error_handling
    result = func()
  File "C:\Users\A0496749\AppData\Local\Programs\Python\Python312\Lib\site-packages\streamlit\runtime\scriptrunner\script_runner.py", line 689, in code_to_exec
    exec(code, module.__dict__)  # noqa: S102
  File "C:\Capstone_Project\app.py", line 1643, in <module>
    main()
  File "C:\Capstone_Project\app.py", line 1636, in main
    with tab2: tab_eda(df)
  File "C:\Capstone_Project\app.py", line 466, in tab_eda
    view = st.radio("", EDA_VIEWS, key="eda_nav", label_visibility="collapsed")
  File "C:\Users\A0496749\AppData\Local\Programs\Python\Python312\Lib\site-packages\streamlit\runtime\metrics_util.py", line 532, in wrapped_func
    result = non_optional_func(*args, **kwargs)
  File "C:\Users\A0496749\AppData\Local\Programs\Python\Python312\Lib\site-packages\streamlit\elements\widgets\radio.py", line 402, in radio
    return self._radio(
  File "C:\Users\A0496749\AppData\Local\Programs\Python\Python312\Lib\site-packages\streamlit\elements\widgets\radio.py", line 449, in _radio
    maybe_raise_label_warnings(label, label_visibility)
  File "C:\Users\A0496749\AppData\Local\Programs\Python\Python312\Lib\site-packages\streamlit\elements\lib\policies.py", line 187, in maybe_raise_label_warnings
    _LOGGER.warning(
2026-03-26 22:56:16.465 Please replace `use_container_width` with `width`.

`use_container_width` will be removed after 2025-12-31.

For `use_container_width=True`, use `width='stretch'`. For `use_container_width=False`, use `width='content'`.
2026-03-26 22:56:16.510 Please replace `use_container_width` with `width`.

`use_container_width` will be removed after 2025-12-31.

For `use_container_width=True`, use `width='stretch'`. For `use_container_width=False`, use `width='content'`.
2026-03-26 22:56:16.536 Please replace `use_container_width` with `width`.

`use_container_width` will be removed after 2025-12-31.

For `use_container_width=True`, use `width='stretch'`. For `use_container_width=False`, use `width='content'`.
2026-03-26 22:56:16.577 Please replace `use_container_width` with `width`.

`use_container_width` will be removed after 2025-12-31.

For `use_container_width=True`, use `width='stretch'`. For `use_container_width=False`, use `width='content'`.
2026-03-26 22:56:16.628 Please replace `use_container_width` with `width`.

`use_container_width` will be removed after 2025-12-31.

For `use_container_width=True`, use `width='stretch'`. For `use_container_width=False`, use `width='content'`.
2026-03-26 22:57:23.638 Please replace `use_container_width` with `width`.

`use_container_width` will be removed after 2025-12-31.

For `use_container_width=True`, use `width='stretch'`. For `use_container_width=False`, use `width='content'`.
2026-03-26 22:57:23.664 Please replace `use_container_width` with `width`.

`use_container_width` will be removed after 2025-12-31.

For `use_container_width=True`, use `width='stretch'`. For `use_container_width=False`, use `width='content'`.
2026-03-26 22:57:23.740 `label` got an empty value. This is discouraged for accessibility reasons and may be disallowed in the future by raising an exception. Please provide a non-empty label and hide it with label_visibility if needed.
Stack (most recent call last):
  File "C:\Users\A0496749\AppData\Local\Programs\Python\Python312\Lib\threading.py", line 1032, in _bootstrap
    self._bootstrap_inner()
  File "C:\Users\A0496749\AppData\Local\Programs\Python\Python312\Lib\threading.py", line 1075, in _bootstrap_inner
    self.run()
  File "C:\Users\A0496749\AppData\Local\Programs\Python\Python312\Lib\threading.py", line 1012, in run
    self._target(*self._args, **self._kwargs)
  File "C:\Users\A0496749\AppData\Local\Programs\Python\Python312\Lib\site-packages\streamlit\runtime\scriptrunner\script_runner.py", line 379, in _run_script_thread
    self._run_script(request.rerun_data)
  File "C:\Users\A0496749\AppData\Local\Programs\Python\Python312\Lib\site-packages\streamlit\runtime\scriptrunner\script_runner.py", line 705, in _run_script
    ) = exec_func_with_error_handling(code_to_exec, ctx)
  File "C:\Users\A0496749\AppData\Local\Programs\Python\Python312\Lib\site-packages\streamlit\runtime\scriptrunner\exec_code.py", line 129, in exec_func_with_error_handling
    result = func()
  File "C:\Users\A0496749\AppData\Local\Programs\Python\Python312\Lib\site-packages\streamlit\runtime\scriptrunner\script_runner.py", line 689, in code_to_exec
    exec(code, module.__dict__)  # noqa: S102
  File "C:\Capstone_Project\app.py", line 1643, in <module>
    main()
  File "C:\Capstone_Project\app.py", line 1636, in main
    with tab2: tab_eda(df)
  File "C:\Capstone_Project\app.py", line 466, in tab_eda
    view = st.radio("", EDA_VIEWS, key="eda_nav", label_visibility="collapsed")
  File "C:\Users\A0496749\AppData\Local\Programs\Python\Python312\Lib\site-packages\streamlit\runtime\metrics_util.py", line 532, in wrapped_func
    result = non_optional_func(*args, **kwargs)
  File "C:\Users\A0496749\AppData\Local\Programs\Python\Python312\Lib\site-packages\streamlit\elements\widgets\radio.py", line 402, in radio
    return self._radio(
  File "C:\Users\A0496749\AppData\Local\Programs\Python\Python312\Lib\site-packages\streamlit\elements\widgets\radio.py", line 449, in _radio
    maybe_raise_label_warnings(label, label_visibility)
  File "C:\Users\A0496749\AppData\Local\Programs\Python\Python312\Lib\site-packages\streamlit\elements\lib\policies.py", line 187, in maybe_raise_label_warnings
    _LOGGER.warning(
2026-03-26 22:57:23.782 Please replace `use_container_width` with `width`.

`use_container_width` will be removed after 2025-12-31.

For `use_container_width=True`, use `width='stretch'`. For `use_container_width=False`, use `width='content'`.
2026-03-26 22:57:23.829 Please replace `use_container_width` with `width`.

`use_container_width` will be removed after 2025-12-31.

For `use_container_width=True`, use `width='stretch'`. For `use_container_width=False`, use `width='content'`.
2026-03-26 22:57:23.851 Please replace `use_container_width` with `width`.

`use_container_width` will be removed after 2025-12-31.

For `use_container_width=True`, use `width='stretch'`. For `use_container_width=False`, use `width='content'`.
2026-03-26 22:57:23.891 Please replace `use_container_width` with `width`.

`use_container_width` will be removed after 2025-12-31.

For `use_container_width=True`, use `width='stretch'`. For `use_container_width=False`, use `width='content'`.
2026-03-26 22:57:23.916 Please replace `use_container_width` with `width`.

`use_container_width` will be removed after 2025-12-31.

For `use_container_width=True`, use `width='stretch'`. For `use_container_width=False`, use `width='content'`.
2026-03-26 23:00:31.257 Please replace `use_container_width` with `width`.

`use_container_width` will be removed after 2025-12-31.

For `use_container_width=True`, use `width='stretch'`. For `use_container_width=False`, use `width='content'`.
2026-03-26 23:00:31.272 Please replace `use_container_width` with `width`.

`use_container_width` will be removed after 2025-12-31.

For `use_container_width=True`, use `width='stretch'`. For `use_container_width=False`, use `width='content'`.
2026-03-26 23:00:31.314 `label` got an empty value. This is discouraged for accessibility reasons and may be disallowed in the future by raising an exception. Please provide a non-empty label and hide it with label_visibility if needed.
Stack (most recent call last):
  File "C:\Users\A0496749\AppData\Local\Programs\Python\Python312\Lib\threading.py", line 1032, in _bootstrap
    self._bootstrap_inner()
  File "C:\Users\A0496749\AppData\Local\Programs\Python\Python312\Lib\threading.py", line 1075, in _bootstrap_inner
    self.run()
  File "C:\Users\A0496749\AppData\Local\Programs\Python\Python312\Lib\threading.py", line 1012, in run
    self._target(*self._args, **self._kwargs)
  File "C:\Users\A0496749\AppData\Local\Programs\Python\Python312\Lib\site-packages\streamlit\runtime\scriptrunner\script_runner.py", line 379, in _run_script_thread
    self._run_script(request.rerun_data)
  File "C:\Users\A0496749\AppData\Local\Programs\Python\Python312\Lib\site-packages\streamlit\runtime\scriptrunner\script_runner.py", line 705, in _run_script
    ) = exec_func_with_error_handling(code_to_exec, ctx)
  File "C:\Users\A0496749\AppData\Local\Programs\Python\Python312\Lib\site-packages\streamlit\runtime\scriptrunner\exec_code.py", line 129, in exec_func_with_error_handling
    result = func()
  File "C:\Users\A0496749\AppData\Local\Programs\Python\Python312\Lib\site-packages\streamlit\runtime\scriptrunner\script_runner.py", line 689, in code_to_exec
    exec(code, module.__dict__)  # noqa: S102
  File "C:\Capstone_Project\app.py", line 1643, in <module>
    main()
  File "C:\Capstone_Project\app.py", line 1636, in main
    with tab2: tab_eda(df)
  File "C:\Capstone_Project\app.py", line 466, in tab_eda
    view = st.radio("", EDA_VIEWS, key="eda_nav", label_visibility="collapsed")
  File "C:\Users\A0496749\AppData\Local\Programs\Python\Python312\Lib\site-packages\streamlit\runtime\metrics_util.py", line 532, in wrapped_func
    result = non_optional_func(*args, **kwargs)
  File "C:\Users\A0496749\AppData\Local\Programs\Python\Python312\Lib\site-packages\streamlit\elements\widgets\radio.py", line 402, in radio
    return self._radio(
  File "C:\Users\A0496749\AppData\Local\Programs\Python\Python312\Lib\site-packages\streamlit\elements\widgets\radio.py", line 449, in _radio
    maybe_raise_label_warnings(label, label_visibility)
  File "C:\Users\A0496749\AppData\Local\Programs\Python\Python312\Lib\site-packages\streamlit\elements\lib\policies.py", line 187, in maybe_raise_label_warnings
    _LOGGER.warning(
2026-03-26 23:00:31.347 Please replace `use_container_width` with `width`.

`use_container_width` will be removed after 2025-12-31.

For `use_container_width=True`, use `width='stretch'`. For `use_container_width=False`, use `width='content'`.
2026-03-26 23:00:31.421 Please replace `use_container_width` with `width`.

`use_container_width` will be removed after 2025-12-31.

For `use_container_width=True`, use `width='stretch'`. For `use_container_width=False`, use `width='content'`.
2026-03-26 23:00:31.526 Please replace `use_container_width` with `width`.

`use_container_width` will be removed after 2025-12-31.

For `use_container_width=True`, use `width='stretch'`. For `use_container_width=False`, use `width='content'`.
2026-03-26 23:00:31.595 Please replace `use_container_width` with `width`.

`use_container_width` will be removed after 2025-12-31.

For `use_container_width=True`, use `width='stretch'`. For `use_container_width=False`, use `width='content'`.
2026-03-26 23:00:31.642 Please replace `use_container_width` with `width`.

`use_container_width` will be removed after 2025-12-31.

For `use_container_width=True`, use `width='stretch'`. For `use_container_width=False`, use `width='content'`.
2026-03-26 23:00:49.596 Please replace `use_container_width` with `width`.

`use_container_width` will be removed after 2025-12-31.

For `use_container_width=True`, use `width='stretch'`. For `use_container_width=False`, use `width='content'`.
2026-03-26 23:00:49.610 Please replace `use_container_width` with `width`.

`use_container_width` will be removed after 2025-12-31.

For `use_container_width=True`, use `width='stretch'`. For `use_container_width=False`, use `width='content'`.
2026-03-26 23:00:49.643 `label` got an empty value. This is discouraged for accessibility reasons and may be disallowed in the future by raising an exception. Please provide a non-empty label and hide it with label_visibility if needed.
Stack (most recent call last):
  File "C:\Users\A0496749\AppData\Local\Programs\Python\Python312\Lib\threading.py", line 1032, in _bootstrap
    self._bootstrap_inner()
  File "C:\Users\A0496749\AppData\Local\Programs\Python\Python312\Lib\threading.py", line 1075, in _bootstrap_inner
    self.run()
  File "C:\Users\A0496749\AppData\Local\Programs\Python\Python312\Lib\threading.py", line 1012, in run
    self._target(*self._args, **self._kwargs)
  File "C:\Users\A0496749\AppData\Local\Programs\Python\Python312\Lib\site-packages\streamlit\runtime\scriptrunner\script_runner.py", line 379, in _run_script_thread
    self._run_script(request.rerun_data)
  File "C:\Users\A0496749\AppData\Local\Programs\Python\Python312\Lib\site-packages\streamlit\runtime\scriptrunner\script_runner.py", line 705, in _run_script
    ) = exec_func_with_error_handling(code_to_exec, ctx)
  File "C:\Users\A0496749\AppData\Local\Programs\Python\Python312\Lib\site-packages\streamlit\runtime\scriptrunner\exec_code.py", line 129, in exec_func_with_error_handling
    result = func()
  File "C:\Users\A0496749\AppData\Local\Programs\Python\Python312\Lib\site-packages\streamlit\runtime\scriptrunner\script_runner.py", line 689, in code_to_exec
    exec(code, module.__dict__)  # noqa: S102
  File "C:\Capstone_Project\app.py", line 1643, in <module>
    main()
  File "C:\Capstone_Project\app.py", line 1636, in main
    with tab2: tab_eda(df)
  File "C:\Capstone_Project\app.py", line 466, in tab_eda
    view = st.radio("", EDA_VIEWS, key="eda_nav", label_visibility="collapsed")
  File "C:\Users\A0496749\AppData\Local\Programs\Python\Python312\Lib\site-packages\streamlit\runtime\metrics_util.py", line 532, in wrapped_func
    result = non_optional_func(*args, **kwargs)
  File "C:\Users\A0496749\AppData\Local\Programs\Python\Python312\Lib\site-packages\streamlit\elements\widgets\radio.py", line 402, in radio
    return self._radio(
  File "C:\Users\A0496749\AppData\Local\Programs\Python\Python312\Lib\site-packages\streamlit\elements\widgets\radio.py", line 449, in _radio
    maybe_raise_label_warnings(label, label_visibility)
  File "C:\Users\A0496749\AppData\Local\Programs\Python\Python312\Lib\site-packages\streamlit\elements\lib\policies.py", line 187, in maybe_raise_label_warnings
    _LOGGER.warning(
2026-03-26 23:00:49.667 Please replace `use_container_width` with `width`.

`use_container_width` will be removed after 2025-12-31.

For `use_container_width=True`, use `width='stretch'`. For `use_container_width=False`, use `width='content'`.
2026-03-26 23:00:49.721 Please replace `use_container_width` with `width`.

`use_container_width` will be removed after 2025-12-31.

For `use_container_width=True`, use `width='stretch'`. For `use_container_width=False`, use `width='content'`.
2026-03-26 23:00:49.746 Please replace `use_container_width` with `width`.

`use_container_width` will be removed after 2025-12-31.

For `use_container_width=True`, use `width='stretch'`. For `use_container_width=False`, use `width='content'`.
2026-03-26 23:00:49.793 Please replace `use_container_width` with `width`.

`use_container_width` will be removed after 2025-12-31.

For `use_container_width=True`, use `width='stretch'`. For `use_container_width=False`, use `width='content'`.
2026-03-26 23:00:49.825 Please replace `use_container_width` with `width`.

`use_container_width` will be removed after 2025-12-31.

For `use_container_width=True`, use `width='stretch'`. For `use_container_width=False`, use `width='content'`.
2026-03-26 23:00:53.062 Please replace `use_container_width` with `width`.

`use_container_width` will be removed after 2025-12-31.

For `use_container_width=True`, use `width='stretch'`. For `use_container_width=False`, use `width='content'`.
2026-03-26 23:00:53.075 Please replace `use_container_width` with `width`.

`use_container_width` will be removed after 2025-12-31.

For `use_container_width=True`, use `width='stretch'`. For `use_container_width=False`, use `width='content'`.
2026-03-26 23:00:53.113 `label` got an empty value. This is discouraged for accessibility reasons and may be disallowed in the future by raising an exception. Please provide a non-empty label and hide it with label_visibility if needed.
Stack (most recent call last):
  File "C:\Users\A0496749\AppData\Local\Programs\Python\Python312\Lib\threading.py", line 1032, in _bootstrap
    self._bootstrap_inner()
  File "C:\Users\A0496749\AppData\Local\Programs\Python\Python312\Lib\threading.py", line 1075, in _bootstrap_inner
    self.run()
  File "C:\Users\A0496749\AppData\Local\Programs\Python\Python312\Lib\threading.py", line 1012, in run
    self._target(*self._args, **self._kwargs)
  File "C:\Users\A0496749\AppData\Local\Programs\Python\Python312\Lib\site-packages\streamlit\runtime\scriptrunner\script_runner.py", line 379, in _run_script_thread
    self._run_script(request.rerun_data)
  File "C:\Users\A0496749\AppData\Local\Programs\Python\Python312\Lib\site-packages\streamlit\runtime\scriptrunner\script_runner.py", line 705, in _run_script
    ) = exec_func_with_error_handling(code_to_exec, ctx)
  File "C:\Users\A0496749\AppData\Local\Programs\Python\Python312\Lib\site-packages\streamlit\runtime\scriptrunner\exec_code.py", line 129, in exec_func_with_error_handling
    result = func()
  File "C:\Users\A0496749\AppData\Local\Programs\Python\Python312\Lib\site-packages\streamlit\runtime\scriptrunner\script_runner.py", line 689, in code_to_exec
    exec(code, module.__dict__)  # noqa: S102
  File "C:\Capstone_Project\app.py", line 1643, in <module>
    main()
  File "C:\Capstone_Project\app.py", line 1636, in main
    with tab2: tab_eda(df)
  File "C:\Capstone_Project\app.py", line 466, in tab_eda
    view = st.radio("", EDA_VIEWS, key="eda_nav", label_visibility="collapsed")
  File "C:\Users\A0496749\AppData\Local\Programs\Python\Python312\Lib\site-packages\streamlit\runtime\metrics_util.py", line 532, in wrapped_func
    result = non_optional_func(*args, **kwargs)
  File "C:\Users\A0496749\AppData\Local\Programs\Python\Python312\Lib\site-packages\streamlit\elements\widgets\radio.py", line 402, in radio
    return self._radio(
  File "C:\Users\A0496749\AppData\Local\Programs\Python\Python312\Lib\site-packages\streamlit\elements\widgets\radio.py", line 449, in _radio
    maybe_raise_label_warnings(label, label_visibility)
  File "C:\Users\A0496749\AppData\Local\Programs\Python\Python312\Lib\site-packages\streamlit\elements\lib\policies.py", line 187, in maybe_raise_label_warnings
    _LOGGER.warning(
2026-03-26 23:00:53.142 Please replace `use_container_width` with `width`.

`use_container_width` will be removed after 2025-12-31.

For `use_container_width=True`, use `width='stretch'`. For `use_container_width=False`, use `width='content'`.
2026-03-26 23:00:53.213 Please replace `use_container_width` with `width`.

`use_container_width` will be removed after 2025-12-31.

For `use_container_width=True`, use `width='stretch'`. For `use_container_width=False`, use `width='content'`.
2026-03-26 23:00:53.240 Please replace `use_container_width` with `width`.

`use_container_width` will be removed after 2025-12-31.

For `use_container_width=True`, use `width='stretch'`. For `use_container_width=False`, use `width='content'`.
2026-03-26 23:00:53.287 Please replace `use_container_width` with `width`.

`use_container_width` will be removed after 2025-12-31.

For `use_container_width=True`, use `width='stretch'`. For `use_container_width=False`, use `width='content'`.
2026-03-26 23:00:53.318 Please replace `use_container_width` with `width`.

`use_container_width` will be removed after 2025-12-31.

For `use_container_width=True`, use `width='stretch'`. For `use_container_width=False`, use `width='content'`.
2026-03-26 23:01:06.128 Please replace `use_container_width` with `width`.

`use_container_width` will be removed after 2025-12-31.

For `use_container_width=True`, use `width='stretch'`. For `use_container_width=False`, use `width='content'`.
2026-03-26 23:01:06.151 Please replace `use_container_width` with `width`.

`use_container_width` will be removed after 2025-12-31.

For `use_container_width=True`, use `width='stretch'`. For `use_container_width=False`, use `width='content'`.
2026-03-26 23:01:06.219 `label` got an empty value. This is discouraged for accessibility reasons and may be disallowed in the future by raising an exception. Please provide a non-empty label and hide it with label_visibility if needed.
Stack (most recent call last):
  File "C:\Users\A0496749\AppData\Local\Programs\Python\Python312\Lib\threading.py", line 1032, in _bootstrap
    self._bootstrap_inner()
  File "C:\Users\A0496749\AppData\Local\Programs\Python\Python312\Lib\threading.py", line 1075, in _bootstrap_inner
    self.run()
  File "C:\Users\A0496749\AppData\Local\Programs\Python\Python312\Lib\threading.py", line 1012, in run
    self._target(*self._args, **self._kwargs)
  File "C:\Users\A0496749\AppData\Local\Programs\Python\Python312\Lib\site-packages\streamlit\runtime\scriptrunner\script_runner.py", line 379, in _run_script_thread
    self._run_script(request.rerun_data)
  File "C:\Users\A0496749\AppData\Local\Programs\Python\Python312\Lib\site-packages\streamlit\runtime\scriptrunner\script_runner.py", line 705, in _run_script
    ) = exec_func_with_error_handling(code_to_exec, ctx)
  File "C:\Users\A0496749\AppData\Local\Programs\Python\Python312\Lib\site-packages\streamlit\runtime\scriptrunner\exec_code.py", line 129, in exec_func_with_error_handling
    result = func()
  File "C:\Users\A0496749\AppData\Local\Programs\Python\Python312\Lib\site-packages\streamlit\runtime\scriptrunner\script_runner.py", line 689, in code_to_exec
    exec(code, module.__dict__)  # noqa: S102
  File "C:\Capstone_Project\app.py", line 1643, in <module>
    main()
  File "C:\Capstone_Project\app.py", line 1636, in main
    with tab2: tab_eda(df)
  File "C:\Capstone_Project\app.py", line 466, in tab_eda
    view = st.radio("", EDA_VIEWS, key="eda_nav", label_visibility="collapsed")
  File "C:\Users\A0496749\AppData\Local\Programs\Python\Python312\Lib\site-packages\streamlit\runtime\metrics_util.py", line 532, in wrapped_func
    result = non_optional_func(*args, **kwargs)
  File "C:\Users\A0496749\AppData\Local\Programs\Python\Python312\Lib\site-packages\streamlit\elements\widgets\radio.py", line 402, in radio
    return self._radio(
  File "C:\Users\A0496749\AppData\Local\Programs\Python\Python312\Lib\site-packages\streamlit\elements\widgets\radio.py", line 449, in _radio
    maybe_raise_label_warnings(label, label_visibility)
  File "C:\Users\A0496749\AppData\Local\Programs\Python\Python312\Lib\site-packages\streamlit\elements\lib\policies.py", line 187, in maybe_raise_label_warnings
    _LOGGER.warning(
2026-03-26 23:01:06.261 Please replace `use_container_width` with `width`.

`use_container_width` will be removed after 2025-12-31.

For `use_container_width=True`, use `width='stretch'`. For `use_container_width=False`, use `width='content'`.
2026-03-26 23:01:06.350 Please replace `use_container_width` with `width`.

`use_container_width` will be removed after 2025-12-31.

For `use_container_width=True`, use `width='stretch'`. For `use_container_width=False`, use `width='content'`.
2026-03-26 23:01:06.388 Please replace `use_container_width` with `width`.

`use_container_width` will be removed after 2025-12-31.

For `use_container_width=True`, use `width='stretch'`. For `use_container_width=False`, use `width='content'`.
2026-03-26 23:01:06.475 Please replace `use_container_width` with `width`.

`use_container_width` will be removed after 2025-12-31.

For `use_container_width=True`, use `width='stretch'`. For `use_container_width=False`, use `width='content'`.
2026-03-26 23:01:06.563 Please replace `use_container_width` with `width`.

`use_container_width` will be removed after 2025-12-31.

For `use_container_width=True`, use `width='stretch'`. For `use_container_width=False`, use `width='content'`.
2026-03-26 23:01:14.991 Please replace `use_container_width` with `width`.

`use_container_width` will be removed after 2025-12-31.

For `use_container_width=True`, use `width='stretch'`. For `use_container_width=False`, use `width='content'`.
2026-03-26 23:01:15.017 Please replace `use_container_width` with `width`.

`use_container_width` will be removed after 2025-12-31.

For `use_container_width=True`, use `width='stretch'`. For `use_container_width=False`, use `width='content'`.
2026-03-26 23:01:15.092 `label` got an empty value. This is discouraged for accessibility reasons and may be disallowed in the future by raising an exception. Please provide a non-empty label and hide it with label_visibility if needed.
Stack (most recent call last):
  File "C:\Users\A0496749\AppData\Local\Programs\Python\Python312\Lib\threading.py", line 1032, in _bootstrap
    self._bootstrap_inner()
  File "C:\Users\A0496749\AppData\Local\Programs\Python\Python312\Lib\threading.py", line 1075, in _bootstrap_inner
    self.run()
  File "C:\Users\A0496749\AppData\Local\Programs\Python\Python312\Lib\threading.py", line 1012, in run
    self._target(*self._args, **self._kwargs)
  File "C:\Users\A0496749\AppData\Local\Programs\Python\Python312\Lib\site-packages\streamlit\runtime\scriptrunner\script_runner.py", line 379, in _run_script_thread
    self._run_script(request.rerun_data)
  File "C:\Users\A0496749\AppData\Local\Programs\Python\Python312\Lib\site-packages\streamlit\runtime\scriptrunner\script_runner.py", line 705, in _run_script
    ) = exec_func_with_error_handling(code_to_exec, ctx)
  File "C:\Users\A0496749\AppData\Local\Programs\Python\Python312\Lib\site-packages\streamlit\runtime\scriptrunner\exec_code.py", line 129, in exec_func_with_error_handling
    result = func()
  File "C:\Users\A0496749\AppData\Local\Programs\Python\Python312\Lib\site-packages\streamlit\runtime\scriptrunner\script_runner.py", line 689, in code_to_exec
    exec(code, module.__dict__)  # noqa: S102
  File "C:\Capstone_Project\app.py", line 1643, in <module>
    main()
  File "C:\Capstone_Project\app.py", line 1636, in main
    with tab2: tab_eda(df)
  File "C:\Capstone_Project\app.py", line 466, in tab_eda
    view = st.radio("", EDA_VIEWS, key="eda_nav", label_visibility="collapsed")
  File "C:\Users\A0496749\AppData\Local\Programs\Python\Python312\Lib\site-packages\streamlit\runtime\metrics_util.py", line 532, in wrapped_func
    result = non_optional_func(*args, **kwargs)
  File "C:\Users\A0496749\AppData\Local\Programs\Python\Python312\Lib\site-packages\streamlit\elements\widgets\radio.py", line 402, in radio
    return self._radio(
  File "C:\Users\A0496749\AppData\Local\Programs\Python\Python312\Lib\site-packages\streamlit\elements\widgets\radio.py", line 449, in _radio
    maybe_raise_label_warnings(label, label_visibility)
  File "C:\Users\A0496749\AppData\Local\Programs\Python\Python312\Lib\site-packages\streamlit\elements\lib\policies.py", line 187, in maybe_raise_label_warnings
    _LOGGER.warning(
2026-03-26 23:01:15.159 Please replace `use_container_width` with `width`.

`use_container_width` will be removed after 2025-12-31.

For `use_container_width=True`, use `width='stretch'`. For `use_container_width=False`, use `width='content'`.
2026-03-26 23:01:15.215 Please replace `use_container_width` with `width`.

`use_container_width` will be removed after 2025-12-31.

For `use_container_width=True`, use `width='stretch'`. For `use_container_width=False`, use `width='content'`.
2026-03-26 23:01:15.242 Please replace `use_container_width` with `width`.

`use_container_width` will be removed after 2025-12-31.

For `use_container_width=True`, use `width='stretch'`. For `use_container_width=False`, use `width='content'`.
2026-03-26 23:01:15.291 Please replace `use_container_width` with `width`.

`use_container_width` will be removed after 2025-12-31.

For `use_container_width=True`, use `width='stretch'`. For `use_container_width=False`, use `width='content'`.
2026-03-26 23:01:15.319 Please replace `use_container_width` with `width`.

`use_container_width` will be removed after 2025-12-31.

For `use_container_width=True`, use `width='stretch'`. For `use_container_width=False`, use `width='content'`.
2026-03-26 23:01:16.629 Please replace `use_container_width` with `width`.

`use_container_width` will be removed after 2025-12-31.

For `use_container_width=True`, use `width='stretch'`. For `use_container_width=False`, use `width='content'`.
2026-03-26 23:01:16.648 Please replace `use_container_width` with `width`.

`use_container_width` will be removed after 2025-12-31.

For `use_container_width=True`, use `width='stretch'`. For `use_container_width=False`, use `width='content'`.
2026-03-26 23:01:16.718 `label` got an empty value. This is discouraged for accessibility reasons and may be disallowed in the future by raising an exception. Please provide a non-empty label and hide it with label_visibility if needed.
Stack (most recent call last):
  File "C:\Users\A0496749\AppData\Local\Programs\Python\Python312\Lib\threading.py", line 1032, in _bootstrap
    self._bootstrap_inner()
  File "C:\Users\A0496749\AppData\Local\Programs\Python\Python312\Lib\threading.py", line 1075, in _bootstrap_inner
    self.run()
  File "C:\Users\A0496749\AppData\Local\Programs\Python\Python312\Lib\threading.py", line 1012, in run
    self._target(*self._args, **self._kwargs)
  File "C:\Users\A0496749\AppData\Local\Programs\Python\Python312\Lib\site-packages\streamlit\runtime\scriptrunner\script_runner.py", line 379, in _run_script_thread
    self._run_script(request.rerun_data)
  File "C:\Users\A0496749\AppData\Local\Programs\Python\Python312\Lib\site-packages\streamlit\runtime\scriptrunner\script_runner.py", line 705, in _run_script
    ) = exec_func_with_error_handling(code_to_exec, ctx)
  File "C:\Users\A0496749\AppData\Local\Programs\Python\Python312\Lib\site-packages\streamlit\runtime\scriptrunner\exec_code.py", line 129, in exec_func_with_error_handling
    result = func()
  File "C:\Users\A0496749\AppData\Local\Programs\Python\Python312\Lib\site-packages\streamlit\runtime\scriptrunner\script_runner.py", line 689, in code_to_exec
    exec(code, module.__dict__)  # noqa: S102
  File "C:\Capstone_Project\app.py", line 1643, in <module>
    main()
  File "C:\Capstone_Project\app.py", line 1636, in main
    with tab2: tab_eda(df)
  File "C:\Capstone_Project\app.py", line 466, in tab_eda
    view = st.radio("", EDA_VIEWS, key="eda_nav", label_visibility="collapsed")
  File "C:\Users\A0496749\AppData\Local\Programs\Python\Python312\Lib\site-packages\streamlit\runtime\metrics_util.py", line 532, in wrapped_func
    result = non_optional_func(*args, **kwargs)
  File "C:\Users\A0496749\AppData\Local\Programs\Python\Python312\Lib\site-packages\streamlit\elements\widgets\radio.py", line 402, in radio
    return self._radio(
  File "C:\Users\A0496749\AppData\Local\Programs\Python\Python312\Lib\site-packages\streamlit\elements\widgets\radio.py", line 449, in _radio
    maybe_raise_label_warnings(label, label_visibility)
  File "C:\Users\A0496749\AppData\Local\Programs\Python\Python312\Lib\site-packages\streamlit\elements\lib\policies.py", line 187, in maybe_raise_label_warnings
    _LOGGER.warning(
2026-03-26 23:01:16.757 Please replace `use_container_width` with `width`.

`use_container_width` will be removed after 2025-12-31.

For `use_container_width=True`, use `width='stretch'`. For `use_container_width=False`, use `width='content'`.
2026-03-26 23:01:16.858 Please replace `use_container_width` with `width`.

`use_container_width` will be removed after 2025-12-31.

For `use_container_width=True`, use `width='stretch'`. For `use_container_width=False`, use `width='content'`.
2026-03-26 23:01:16.904 Please replace `use_container_width` with `width`.

`use_container_width` will be removed after 2025-12-31.

For `use_container_width=True`, use `width='stretch'`. For `use_container_width=False`, use `width='content'`.
2026-03-26 23:01:16.994 Please replace `use_container_width` with `width`.

`use_container_width` will be removed after 2025-12-31.

For `use_container_width=True`, use `width='stretch'`. For `use_container_width=False`, use `width='content'`.
2026-03-26 23:01:17.050 Please replace `use_container_width` with `width`.

`use_container_width` will be removed after 2025-12-31.

For `use_container_width=True`, use `width='stretch'`. For `use_container_width=False`, use `width='content'`.
2026-03-26 23:01:18.591 Please replace `use_container_width` with `width`.

`use_container_width` will be removed after 2025-12-31.

For `use_container_width=True`, use `width='stretch'`. For `use_container_width=False`, use `width='content'`.
2026-03-26 23:01:18.621 Please replace `use_container_width` with `width`.

`use_container_width` will be removed after 2025-12-31.

For `use_container_width=True`, use `width='stretch'`. For `use_container_width=False`, use `width='content'`.
2026-03-26 23:01:18.695 `label` got an empty value. This is discouraged for accessibility reasons and may be disallowed in the future by raising an exception. Please provide a non-empty label and hide it with label_visibility if needed.
Stack (most recent call last):
  File "C:\Users\A0496749\AppData\Local\Programs\Python\Python312\Lib\threading.py", line 1032, in _bootstrap
    self._bootstrap_inner()
  File "C:\Users\A0496749\AppData\Local\Programs\Python\Python312\Lib\threading.py", line 1075, in _bootstrap_inner
    self.run()
  File "C:\Users\A0496749\AppData\Local\Programs\Python\Python312\Lib\threading.py", line 1012, in run
    self._target(*self._args, **self._kwargs)
  File "C:\Users\A0496749\AppData\Local\Programs\Python\Python312\Lib\site-packages\streamlit\runtime\scriptrunner\script_runner.py", line 379, in _run_script_thread
    self._run_script(request.rerun_data)
  File "C:\Users\A0496749\AppData\Local\Programs\Python\Python312\Lib\site-packages\streamlit\runtime\scriptrunner\script_runner.py", line 705, in _run_script
    ) = exec_func_with_error_handling(code_to_exec, ctx)
  File "C:\Users\A0496749\AppData\Local\Programs\Python\Python312\Lib\site-packages\streamlit\runtime\scriptrunner\exec_code.py", line 129, in exec_func_with_error_handling
    result = func()
  File "C:\Users\A0496749\AppData\Local\Programs\Python\Python312\Lib\site-packages\streamlit\runtime\scriptrunner\script_runner.py", line 689, in code_to_exec
    exec(code, module.__dict__)  # noqa: S102
  File "C:\Capstone_Project\app.py", line 1643, in <module>
    main()
  File "C:\Capstone_Project\app.py", line 1636, in main
    with tab2: tab_eda(df)
  File "C:\Capstone_Project\app.py", line 466, in tab_eda
    view = st.radio("", EDA_VIEWS, key="eda_nav", label_visibility="collapsed")
  File "C:\Users\A0496749\AppData\Local\Programs\Python\Python312\Lib\site-packages\streamlit\runtime\metrics_util.py", line 532, in wrapped_func
    result = non_optional_func(*args, **kwargs)
  File "C:\Users\A0496749\AppData\Local\Programs\Python\Python312\Lib\site-packages\streamlit\elements\widgets\radio.py", line 402, in radio
    return self._radio(
  File "C:\Users\A0496749\AppData\Local\Programs\Python\Python312\Lib\site-packages\streamlit\elements\widgets\radio.py", line 449, in _radio
    maybe_raise_label_warnings(label, label_visibility)
  File "C:\Users\A0496749\AppData\Local\Programs\Python\Python312\Lib\site-packages\streamlit\elements\lib\policies.py", line 187, in maybe_raise_label_warnings
    _LOGGER.warning(
2026-03-26 23:01:18.732 Please replace `use_container_width` with `width`.

`use_container_width` will be removed after 2025-12-31.

For `use_container_width=True`, use `width='stretch'`. For `use_container_width=False`, use `width='content'`.
2026-03-26 23:01:18.827 Please replace `use_container_width` with `width`.

`use_container_width` will be removed after 2025-12-31.

For `use_container_width=True`, use `width='stretch'`. For `use_container_width=False`, use `width='content'`.
2026-03-26 23:01:18.880 Please replace `use_container_width` with `width`.

`use_container_width` will be removed after 2025-12-31.

For `use_container_width=True`, use `width='stretch'`. For `use_container_width=False`, use `width='content'`.
2026-03-26 23:01:18.963 Please replace `use_container_width` with `width`.

`use_container_width` will be removed after 2025-12-31.

For `use_container_width=True`, use `width='stretch'`. For `use_container_width=False`, use `width='content'`.
2026-03-26 23:01:19.026 Please replace `use_container_width` with `width`.

`use_container_width` will be removed after 2025-12-31.

For `use_container_width=True`, use `width='stretch'`. For `use_container_width=False`, use `width='content'`.
2026-03-26 23:01:26.912 Please replace `use_container_width` with `width`.

`use_container_width` will be removed after 2025-12-31.

For `use_container_width=True`, use `width='stretch'`. For `use_container_width=False`, use `width='content'`.
2026-03-26 23:01:26.938 Please replace `use_container_width` with `width`.

`use_container_width` will be removed after 2025-12-31.

For `use_container_width=True`, use `width='stretch'`. For `use_container_width=False`, use `width='content'`.
2026-03-26 23:01:27.018 `label` got an empty value. This is discouraged for accessibility reasons and may be disallowed in the future by raising an exception. Please provide a non-empty label and hide it with label_visibility if needed.
Stack (most recent call last):
  File "C:\Users\A0496749\AppData\Local\Programs\Python\Python312\Lib\threading.py", line 1032, in _bootstrap
    self._bootstrap_inner()
  File "C:\Users\A0496749\AppData\Local\Programs\Python\Python312\Lib\threading.py", line 1075, in _bootstrap_inner
    self.run()
  File "C:\Users\A0496749\AppData\Local\Programs\Python\Python312\Lib\threading.py", line 1012, in run
    self._target(*self._args, **self._kwargs)
  File "C:\Users\A0496749\AppData\Local\Programs\Python\Python312\Lib\site-packages\streamlit\runtime\scriptrunner\script_runner.py", line 379, in _run_script_thread
    self._run_script(request.rerun_data)
  File "C:\Users\A0496749\AppData\Local\Programs\Python\Python312\Lib\site-packages\streamlit\runtime\scriptrunner\script_runner.py", line 705, in _run_script
    ) = exec_func_with_error_handling(code_to_exec, ctx)
  File "C:\Users\A0496749\AppData\Local\Programs\Python\Python312\Lib\site-packages\streamlit\runtime\scriptrunner\exec_code.py", line 129, in exec_func_with_error_handling
    result = func()
  File "C:\Users\A0496749\AppData\Local\Programs\Python\Python312\Lib\site-packages\streamlit\runtime\scriptrunner\script_runner.py", line 689, in code_to_exec
    exec(code, module.__dict__)  # noqa: S102
  File "C:\Capstone_Project\app.py", line 1643, in <module>
    main()
  File "C:\Capstone_Project\app.py", line 1636, in main
    with tab2: tab_eda(df)
  File "C:\Capstone_Project\app.py", line 466, in tab_eda
    view = st.radio("", EDA_VIEWS, key="eda_nav", label_visibility="collapsed")
  File "C:\Users\A0496749\AppData\Local\Programs\Python\Python312\Lib\site-packages\streamlit\runtime\metrics_util.py", line 532, in wrapped_func
    result = non_optional_func(*args, **kwargs)
  File "C:\Users\A0496749\AppData\Local\Programs\Python\Python312\Lib\site-packages\streamlit\elements\widgets\radio.py", line 402, in radio
    return self._radio(
  File "C:\Users\A0496749\AppData\Local\Programs\Python\Python312\Lib\site-packages\streamlit\elements\widgets\radio.py", line 449, in _radio
    maybe_raise_label_warnings(label, label_visibility)
  File "C:\Users\A0496749\AppData\Local\Programs\Python\Python312\Lib\site-packages\streamlit\elements\lib\policies.py", line 187, in maybe_raise_label_warnings
    _LOGGER.warning(
2026-03-26 23:01:27.058 Please replace `use_container_width` with `width`.

`use_container_width` will be removed after 2025-12-31.

For `use_container_width=True`, use `width='stretch'`. For `use_container_width=False`, use `width='content'`.
2026-03-26 23:01:27.169 Please replace `use_container_width` with `width`.

`use_container_width` will be removed after 2025-12-31.

For `use_container_width=True`, use `width='stretch'`. For `use_container_width=False`, use `width='content'`.
2026-03-26 23:01:27.220 Please replace `use_container_width` with `width`.

`use_container_width` will be removed after 2025-12-31.

For `use_container_width=True`, use `width='stretch'`. For `use_container_width=False`, use `width='content'`.
2026-03-26 23:01:27.301 Please replace `use_container_width` with `width`.

`use_container_width` will be removed after 2025-12-31.

For `use_container_width=True`, use `width='stretch'`. For `use_container_width=False`, use `width='content'`.
2026-03-26 23:01:27.355 Please replace `use_container_width` with `width`.

`use_container_width` will be removed after 2025-12-31.

For `use_container_width=True`, use `width='stretch'`. For `use_container_width=False`, use `width='content'`.
2026-03-26 23:05:51.504 Please replace `use_container_width` with `width`.

`use_container_width` will be removed after 2025-12-31.

For `use_container_width=True`, use `width='stretch'`. For `use_container_width=False`, use `width='content'`.
2026-03-26 23:05:51.525 Please replace `use_container_width` with `width`.

`use_container_width` will be removed after 2025-12-31.

For `use_container_width=True`, use `width='stretch'`. For `use_container_width=False`, use `width='content'`.
2026-03-26 23:05:51.595 `label` got an empty value. This is discouraged for accessibility reasons and may be disallowed in the future by raising an exception. Please provide a non-empty label and hide it with label_visibility if needed.
Stack (most recent call last):
  File "C:\Users\A0496749\AppData\Local\Programs\Python\Python312\Lib\threading.py", line 1032, in _bootstrap
    self._bootstrap_inner()
  File "C:\Users\A0496749\AppData\Local\Programs\Python\Python312\Lib\threading.py", line 1075, in _bootstrap_inner
    self.run()
  File "C:\Users\A0496749\AppData\Local\Programs\Python\Python312\Lib\threading.py", line 1012, in run
    self._target(*self._args, **self._kwargs)
  File "C:\Users\A0496749\AppData\Local\Programs\Python\Python312\Lib\site-packages\streamlit\runtime\scriptrunner\script_runner.py", line 379, in _run_script_thread
    self._run_script(request.rerun_data)
  File "C:\Users\A0496749\AppData\Local\Programs\Python\Python312\Lib\site-packages\streamlit\runtime\scriptrunner\script_runner.py", line 705, in _run_script
    ) = exec_func_with_error_handling(code_to_exec, ctx)
  File "C:\Users\A0496749\AppData\Local\Programs\Python\Python312\Lib\site-packages\streamlit\runtime\scriptrunner\exec_code.py", line 129, in exec_func_with_error_handling
    result = func()
  File "C:\Users\A0496749\AppData\Local\Programs\Python\Python312\Lib\site-packages\streamlit\runtime\scriptrunner\script_runner.py", line 689, in code_to_exec
    exec(code, module.__dict__)  # noqa: S102
  File "C:\Capstone_Project\app.py", line 1643, in <module>
    main()
  File "C:\Capstone_Project\app.py", line 1636, in main
    with tab2: tab_eda(df)
  File "C:\Capstone_Project\app.py", line 466, in tab_eda
    view = st.radio("", EDA_VIEWS, key="eda_nav", label_visibility="collapsed")
  File "C:\Users\A0496749\AppData\Local\Programs\Python\Python312\Lib\site-packages\streamlit\runtime\metrics_util.py", line 532, in wrapped_func
    result = non_optional_func(*args, **kwargs)
  File "C:\Users\A0496749\AppData\Local\Programs\Python\Python312\Lib\site-packages\streamlit\elements\widgets\radio.py", line 402, in radio
    return self._radio(
  File "C:\Users\A0496749\AppData\Local\Programs\Python\Python312\Lib\site-packages\streamlit\elements\widgets\radio.py", line 449, in _radio
    maybe_raise_label_warnings(label, label_visibility)
  File "C:\Users\A0496749\AppData\Local\Programs\Python\Python312\Lib\site-packages\streamlit\elements\lib\policies.py", line 187, in maybe_raise_label_warnings
    _LOGGER.warning(
2026-03-26 23:05:51.686 Please replace `use_container_width` with `width`.

`use_container_width` will be removed after 2025-12-31.

For `use_container_width=True`, use `width='stretch'`. For `use_container_width=False`, use `width='content'`.
2026-03-26 23:05:51.774 Please replace `use_container_width` with `width`.

`use_container_width` will be removed after 2025-12-31.

For `use_container_width=True`, use `width='stretch'`. For `use_container_width=False`, use `width='content'`.
2026-03-26 23:05:51.814 Please replace `use_container_width` with `width`.

`use_container_width` will be removed after 2025-12-31.

For `use_container_width=True`, use `width='stretch'`. For `use_container_width=False`, use `width='content'`.
2026-03-26 23:05:51.894 Please replace `use_container_width` with `width`.

`use_container_width` will be removed after 2025-12-31.

For `use_container_width=True`, use `width='stretch'`. For `use_container_width=False`, use `width='content'`.
2026-03-26 23:05:51.948 Please replace `use_container_width` with `width`.

`use_container_width` will be removed after 2025-12-31.

For `use_container_width=True`, use `width='stretch'`. For `use_container_width=False`, use `width='content'`.
2026-03-26 23:06:29.651 Please replace `use_container_width` with `width`.

`use_container_width` will be removed after 2025-12-31.

For `use_container_width=True`, use `width='stretch'`. For `use_container_width=False`, use `width='content'`.
2026-03-26 23:06:29.672 Please replace `use_container_width` with `width`.

`use_container_width` will be removed after 2025-12-31.

For `use_container_width=True`, use `width='stretch'`. For `use_container_width=False`, use `width='content'`.
2026-03-26 23:06:29.787 `label` got an empty value. This is discouraged for accessibility reasons and may be disallowed in the future by raising an exception. Please provide a non-empty label and hide it with label_visibility if needed.
Stack (most recent call last):
  File "C:\Users\A0496749\AppData\Local\Programs\Python\Python312\Lib\threading.py", line 1032, in _bootstrap
    self._bootstrap_inner()
  File "C:\Users\A0496749\AppData\Local\Programs\Python\Python312\Lib\threading.py", line 1075, in _bootstrap_inner
    self.run()
  File "C:\Users\A0496749\AppData\Local\Programs\Python\Python312\Lib\threading.py", line 1012, in run
    self._target(*self._args, **self._kwargs)
  File "C:\Users\A0496749\AppData\Local\Programs\Python\Python312\Lib\site-packages\streamlit\runtime\scriptrunner\script_runner.py", line 379, in _run_script_thread
    self._run_script(request.rerun_data)
  File "C:\Users\A0496749\AppData\Local\Programs\Python\Python312\Lib\site-packages\streamlit\runtime\scriptrunner\script_runner.py", line 705, in _run_script
    ) = exec_func_with_error_handling(code_to_exec, ctx)
  File "C:\Users\A0496749\AppData\Local\Programs\Python\Python312\Lib\site-packages\streamlit\runtime\scriptrunner\exec_code.py", line 129, in exec_func_with_error_handling
    result = func()
  File "C:\Users\A0496749\AppData\Local\Programs\Python\Python312\Lib\site-packages\streamlit\runtime\scriptrunner\script_runner.py", line 689, in code_to_exec
    exec(code, module.__dict__)  # noqa: S102
  File "C:\Capstone_Project\app.py", line 1643, in <module>
    main()
  File "C:\Capstone_Project\app.py", line 1636, in main
    with tab2: tab_eda(df)
  File "C:\Capstone_Project\app.py", line 466, in tab_eda
    view = st.radio("", EDA_VIEWS, key="eda_nav", label_visibility="collapsed")
  File "C:\Users\A0496749\AppData\Local\Programs\Python\Python312\Lib\site-packages\streamlit\runtime\metrics_util.py", line 532, in wrapped_func
    result = non_optional_func(*args, **kwargs)
  File "C:\Users\A0496749\AppData\Local\Programs\Python\Python312\Lib\site-packages\streamlit\elements\widgets\radio.py", line 402, in radio
    return self._radio(
  File "C:\Users\A0496749\AppData\Local\Programs\Python\Python312\Lib\site-packages\streamlit\elements\widgets\radio.py", line 449, in _radio
    maybe_raise_label_warnings(label, label_visibility)
  File "C:\Users\A0496749\AppData\Local\Programs\Python\Python312\Lib\site-packages\streamlit\elements\lib\policies.py", line 187, in maybe_raise_label_warnings
    _LOGGER.warning(
2026-03-26 23:06:29.853 Please replace `use_container_width` with `width`.

`use_container_width` will be removed after 2025-12-31.

For `use_container_width=True`, use `width='stretch'`. For `use_container_width=False`, use `width='content'`.
2026-03-26 23:06:29.867 Please replace `use_container_width` with `width`.

`use_container_width` will be removed after 2025-12-31.

For `use_container_width=True`, use `width='stretch'`. For `use_container_width=False`, use `width='content'`.
2026-03-26 23:06:29.948 Please replace `use_container_width` with `width`.

`use_container_width` will be removed after 2025-12-31.

For `use_container_width=True`, use `width='stretch'`. For `use_container_width=False`, use `width='content'`.
2026-03-26 23:06:29.995 Please replace `use_container_width` with `width`.

`use_container_width` will be removed after 2025-12-31.

For `use_container_width=True`, use `width='stretch'`. For `use_container_width=False`, use `width='content'`.
2026-03-26 23:06:30.072 Please replace `use_container_width` with `width`.

`use_container_width` will be removed after 2025-12-31.

For `use_container_width=True`, use `width='stretch'`. For `use_container_width=False`, use `width='content'`.
2026-03-26 23:06:30.117 Please replace `use_container_width` with `width`.

`use_container_width` will be removed after 2025-12-31.

For `use_container_width=True`, use `width='stretch'`. For `use_container_width=False`, use `width='content'`.
2026-03-26 23:07:00.538 Please replace `use_container_width` with `width`.

`use_container_width` will be removed after 2025-12-31.

For `use_container_width=True`, use `width='stretch'`. For `use_container_width=False`, use `width='content'`.
2026-03-26 23:07:00.548 Please replace `use_container_width` with `width`.

`use_container_width` will be removed after 2025-12-31.

For `use_container_width=True`, use `width='stretch'`. For `use_container_width=False`, use `width='content'`.
2026-03-26 23:07:00.587 `label` got an empty value. This is discouraged for accessibility reasons and may be disallowed in the future by raising an exception. Please provide a non-empty label and hide it with label_visibility if needed.
Stack (most recent call last):
  File "C:\Users\A0496749\AppData\Local\Programs\Python\Python312\Lib\threading.py", line 1032, in _bootstrap
    self._bootstrap_inner()
  File "C:\Users\A0496749\AppData\Local\Programs\Python\Python312\Lib\threading.py", line 1075, in _bootstrap_inner
    self.run()
  File "C:\Users\A0496749\AppData\Local\Programs\Python\Python312\Lib\threading.py", line 1012, in run
    self._target(*self._args, **self._kwargs)
  File "C:\Users\A0496749\AppData\Local\Programs\Python\Python312\Lib\site-packages\streamlit\runtime\scriptrunner\script_runner.py", line 379, in _run_script_thread
    self._run_script(request.rerun_data)
  File "C:\Users\A0496749\AppData\Local\Programs\Python\Python312\Lib\site-packages\streamlit\runtime\scriptrunner\script_runner.py", line 705, in _run_script
    ) = exec_func_with_error_handling(code_to_exec, ctx)
  File "C:\Users\A0496749\AppData\Local\Programs\Python\Python312\Lib\site-packages\streamlit\runtime\scriptrunner\exec_code.py", line 129, in exec_func_with_error_handling
    result = func()
  File "C:\Users\A0496749\AppData\Local\Programs\Python\Python312\Lib\site-packages\streamlit\runtime\scriptrunner\script_runner.py", line 689, in code_to_exec
    exec(code, module.__dict__)  # noqa: S102
  File "C:\Capstone_Project\app.py", line 1643, in <module>
    main()
  File "C:\Capstone_Project\app.py", line 1636, in main
    with tab2: tab_eda(df)
  File "C:\Capstone_Project\app.py", line 466, in tab_eda
    view = st.radio("", EDA_VIEWS, key="eda_nav", label_visibility="collapsed")
  File "C:\Users\A0496749\AppData\Local\Programs\Python\Python312\Lib\site-packages\streamlit\runtime\metrics_util.py", line 532, in wrapped_func
    result = non_optional_func(*args, **kwargs)
  File "C:\Users\A0496749\AppData\Local\Programs\Python\Python312\Lib\site-packages\streamlit\elements\widgets\radio.py", line 402, in radio
    return self._radio(
  File "C:\Users\A0496749\AppData\Local\Programs\Python\Python312\Lib\site-packages\streamlit\elements\widgets\radio.py", line 449, in _radio
    maybe_raise_label_warnings(label, label_visibility)
  File "C:\Users\A0496749\AppData\Local\Programs\Python\Python312\Lib\site-packages\streamlit\elements\lib\policies.py", line 187, in maybe_raise_label_warnings
    _LOGGER.warning(
2026-03-26 23:07:00.627 Please replace `use_container_width` with `width`.

`use_container_width` will be removed after 2025-12-31.

For `use_container_width=True`, use `width='stretch'`. For `use_container_width=False`, use `width='content'`.
2026-03-26 23:07:00.653 Please replace `use_container_width` with `width`.

`use_container_width` will be removed after 2025-12-31.

For `use_container_width=True`, use `width='stretch'`. For `use_container_width=False`, use `width='content'`.
2026-03-26 23:07:00.696 Please replace `use_container_width` with `width`.

`use_container_width` will be removed after 2025-12-31.

For `use_container_width=True`, use `width='stretch'`. For `use_container_width=False`, use `width='content'`.
2026-03-26 23:07:00.715 Please replace `use_container_width` with `width`.

`use_container_width` will be removed after 2025-12-31.

For `use_container_width=True`, use `width='stretch'`. For `use_container_width=False`, use `width='content'`.
2026-03-26 23:07:00.753 Please replace `use_container_width` with `width`.

`use_container_width` will be removed after 2025-12-31.

For `use_container_width=True`, use `width='stretch'`. For `use_container_width=False`, use `width='content'`.
2026-03-26 23:07:00.804 Please replace `use_container_width` with `width`.

`use_container_width` will be removed after 2025-12-31.

For `use_container_width=True`, use `width='stretch'`. For `use_container_width=False`, use `width='content'`.
2026-03-26 23:09:19.952 Please replace `use_container_width` with `width`.

`use_container_width` will be removed after 2025-12-31.

For `use_container_width=True`, use `width='stretch'`. For `use_container_width=False`, use `width='content'`.
2026-03-26 23:09:19.976 Please replace `use_container_width` with `width`.

`use_container_width` will be removed after 2025-12-31.

For `use_container_width=True`, use `width='stretch'`. For `use_container_width=False`, use `width='content'`.
2026-03-26 23:09:20.026 `label` got an empty value. This is discouraged for accessibility reasons and may be disallowed in the future by raising an exception. Please provide a non-empty label and hide it with label_visibility if needed.
Stack (most recent call last):
  File "C:\Users\A0496749\AppData\Local\Programs\Python\Python312\Lib\threading.py", line 1032, in _bootstrap
    self._bootstrap_inner()
  File "C:\Users\A0496749\AppData\Local\Programs\Python\Python312\Lib\threading.py", line 1075, in _bootstrap_inner
    self.run()
  File "C:\Users\A0496749\AppData\Local\Programs\Python\Python312\Lib\threading.py", line 1012, in run
    self._target(*self._args, **self._kwargs)
  File "C:\Users\A0496749\AppData\Local\Programs\Python\Python312\Lib\site-packages\streamlit\runtime\scriptrunner\script_runner.py", line 379, in _run_script_thread
    self._run_script(request.rerun_data)
  File "C:\Users\A0496749\AppData\Local\Programs\Python\Python312\Lib\site-packages\streamlit\runtime\scriptrunner\script_runner.py", line 705, in _run_script
    ) = exec_func_with_error_handling(code_to_exec, ctx)
  File "C:\Users\A0496749\AppData\Local\Programs\Python\Python312\Lib\site-packages\streamlit\runtime\scriptrunner\exec_code.py", line 129, in exec_func_with_error_handling
    result = func()
  File "C:\Users\A0496749\AppData\Local\Programs\Python\Python312\Lib\site-packages\streamlit\runtime\scriptrunner\script_runner.py", line 689, in code_to_exec
    exec(code, module.__dict__)  # noqa: S102
  File "C:\Capstone_Project\app.py", line 1643, in <module>
    main()
  File "C:\Capstone_Project\app.py", line 1636, in main
    with tab2: tab_eda(df)
  File "C:\Capstone_Project\app.py", line 466, in tab_eda
    view = st.radio("", EDA_VIEWS, key="eda_nav", label_visibility="collapsed")
  File "C:\Users\A0496749\AppData\Local\Programs\Python\Python312\Lib\site-packages\streamlit\runtime\metrics_util.py", line 532, in wrapped_func
    result = non_optional_func(*args, **kwargs)
  File "C:\Users\A0496749\AppData\Local\Programs\Python\Python312\Lib\site-packages\streamlit\elements\widgets\radio.py", line 402, in radio
    return self._radio(
  File "C:\Users\A0496749\AppData\Local\Programs\Python\Python312\Lib\site-packages\streamlit\elements\widgets\radio.py", line 449, in _radio
    maybe_raise_label_warnings(label, label_visibility)
  File "C:\Users\A0496749\AppData\Local\Programs\Python\Python312\Lib\site-packages\streamlit\elements\lib\policies.py", line 187, in maybe_raise_label_warnings
    _LOGGER.warning(
2026-03-26 23:09:20.054 Please replace `use_container_width` with `width`.

`use_container_width` will be removed after 2025-12-31.

For `use_container_width=True`, use `width='stretch'`. For `use_container_width=False`, use `width='content'`.
2026-03-26 23:09:20.089 Please replace `use_container_width` with `width`.

`use_container_width` will be removed after 2025-12-31.

For `use_container_width=True`, use `width='stretch'`. For `use_container_width=False`, use `width='content'`.
2026-03-26 23:09:20.129 Please replace `use_container_width` with `width`.

`use_container_width` will be removed after 2025-12-31.

For `use_container_width=True`, use `width='stretch'`. For `use_container_width=False`, use `width='content'`.
2026-03-26 23:09:20.151 Please replace `use_container_width` with `width`.

`use_container_width` will be removed after 2025-12-31.

For `use_container_width=True`, use `width='stretch'`. For `use_container_width=False`, use `width='content'`.
2026-03-26 23:09:20.192 Please replace `use_container_width` with `width`.

`use_container_width` will be removed after 2025-12-31.

For `use_container_width=True`, use `width='stretch'`. For `use_container_width=False`, use `width='content'`.
2026-03-26 23:09:20.220 Please replace `use_container_width` with `width`.

`use_container_width` will be removed after 2025-12-31.

For `use_container_width=True`, use `width='stretch'`. For `use_container_width=False`, use `width='content'`.
2026-03-26 23:09:31.072 Please replace `use_container_width` with `width`.

`use_container_width` will be removed after 2025-12-31.

For `use_container_width=True`, use `width='stretch'`. For `use_container_width=False`, use `width='content'`.
2026-03-26 23:09:31.083 Please replace `use_container_width` with `width`.

`use_container_width` will be removed after 2025-12-31.

For `use_container_width=True`, use `width='stretch'`. For `use_container_width=False`, use `width='content'`.
2026-03-26 23:09:31.113 `label` got an empty value. This is discouraged for accessibility reasons and may be disallowed in the future by raising an exception. Please provide a non-empty label and hide it with label_visibility if needed.
Stack (most recent call last):
  File "C:\Users\A0496749\AppData\Local\Programs\Python\Python312\Lib\threading.py", line 1032, in _bootstrap
    self._bootstrap_inner()
  File "C:\Users\A0496749\AppData\Local\Programs\Python\Python312\Lib\threading.py", line 1075, in _bootstrap_inner
    self.run()
  File "C:\Users\A0496749\AppData\Local\Programs\Python\Python312\Lib\threading.py", line 1012, in run
    self._target(*self._args, **self._kwargs)
  File "C:\Users\A0496749\AppData\Local\Programs\Python\Python312\Lib\site-packages\streamlit\runtime\scriptrunner\script_runner.py", line 379, in _run_script_thread
    self._run_script(request.rerun_data)
  File "C:\Users\A0496749\AppData\Local\Programs\Python\Python312\Lib\site-packages\streamlit\runtime\scriptrunner\script_runner.py", line 705, in _run_script
    ) = exec_func_with_error_handling(code_to_exec, ctx)
  File "C:\Users\A0496749\AppData\Local\Programs\Python\Python312\Lib\site-packages\streamlit\runtime\scriptrunner\exec_code.py", line 129, in exec_func_with_error_handling
    result = func()
  File "C:\Users\A0496749\AppData\Local\Programs\Python\Python312\Lib\site-packages\streamlit\runtime\scriptrunner\script_runner.py", line 689, in code_to_exec
    exec(code, module.__dict__)  # noqa: S102
  File "C:\Capstone_Project\app.py", line 1643, in <module>
    main()
  File "C:\Capstone_Project\app.py", line 1636, in main
    with tab2: tab_eda(df)
  File "C:\Capstone_Project\app.py", line 466, in tab_eda
    view = st.radio("", EDA_VIEWS, key="eda_nav", label_visibility="collapsed")
  File "C:\Users\A0496749\AppData\Local\Programs\Python\Python312\Lib\site-packages\streamlit\runtime\metrics_util.py", line 532, in wrapped_func
    result = non_optional_func(*args, **kwargs)
  File "C:\Users\A0496749\AppData\Local\Programs\Python\Python312\Lib\site-packages\streamlit\elements\widgets\radio.py", line 402, in radio
    return self._radio(
  File "C:\Users\A0496749\AppData\Local\Programs\Python\Python312\Lib\site-packages\streamlit\elements\widgets\radio.py", line 449, in _radio
    maybe_raise_label_warnings(label, label_visibility)
  File "C:\Users\A0496749\AppData\Local\Programs\Python\Python312\Lib\site-packages\streamlit\elements\lib\policies.py", line 187, in maybe_raise_label_warnings
    _LOGGER.warning(
2026-03-26 23:09:31.136 Please replace `use_container_width` with `width`.

`use_container_width` will be removed after 2025-12-31.

For `use_container_width=True`, use `width='stretch'`. For `use_container_width=False`, use `width='content'`.
2026-03-26 23:09:31.163 Please replace `use_container_width` with `width`.

`use_container_width` will be removed after 2025-12-31.

For `use_container_width=True`, use `width='stretch'`. For `use_container_width=False`, use `width='content'`.
2026-03-26 23:09:31.234 Please replace `use_container_width` with `width`.

`use_container_width` will be removed after 2025-12-31.

For `use_container_width=True`, use `width='stretch'`. For `use_container_width=False`, use `width='content'`.
2026-03-26 23:09:31.259 Please replace `use_container_width` with `width`.

`use_container_width` will be removed after 2025-12-31.

For `use_container_width=True`, use `width='stretch'`. For `use_container_width=False`, use `width='content'`.
2026-03-26 23:09:31.304 Please replace `use_container_width` with `width`.

`use_container_width` will be removed after 2025-12-31.

For `use_container_width=True`, use `width='stretch'`. For `use_container_width=False`, use `width='content'`.
2026-03-26 23:09:31.324 Please replace `use_container_width` with `width`.

`use_container_width` will be removed after 2025-12-31.

For `use_container_width=True`, use `width='stretch'`. For `use_container_width=False`, use `width='content'`.
2026-03-26 23:12:59.477 Please replace `use_container_width` with `width`.

`use_container_width` will be removed after 2025-12-31.

For `use_container_width=True`, use `width='stretch'`. For `use_container_width=False`, use `width='content'`.
2026-03-26 23:12:59.491 Please replace `use_container_width` with `width`.

`use_container_width` will be removed after 2025-12-31.

For `use_container_width=True`, use `width='stretch'`. For `use_container_width=False`, use `width='content'`.
2026-03-26 23:12:59.527 `label` got an empty value. This is discouraged for accessibility reasons and may be disallowed in the future by raising an exception. Please provide a non-empty label and hide it with label_visibility if needed.
Stack (most recent call last):
  File "C:\Users\A0496749\AppData\Local\Programs\Python\Python312\Lib\threading.py", line 1032, in _bootstrap
    self._bootstrap_inner()
  File "C:\Users\A0496749\AppData\Local\Programs\Python\Python312\Lib\threading.py", line 1075, in _bootstrap_inner
    self.run()
  File "C:\Users\A0496749\AppData\Local\Programs\Python\Python312\Lib\threading.py", line 1012, in run
    self._target(*self._args, **self._kwargs)
  File "C:\Users\A0496749\AppData\Local\Programs\Python\Python312\Lib\site-packages\streamlit\runtime\scriptrunner\script_runner.py", line 379, in _run_script_thread
    self._run_script(request.rerun_data)
  File "C:\Users\A0496749\AppData\Local\Programs\Python\Python312\Lib\site-packages\streamlit\runtime\scriptrunner\script_runner.py", line 705, in _run_script
    ) = exec_func_with_error_handling(code_to_exec, ctx)
  File "C:\Users\A0496749\AppData\Local\Programs\Python\Python312\Lib\site-packages\streamlit\runtime\scriptrunner\exec_code.py", line 129, in exec_func_with_error_handling
    result = func()
  File "C:\Users\A0496749\AppData\Local\Programs\Python\Python312\Lib\site-packages\streamlit\runtime\scriptrunner\script_runner.py", line 689, in code_to_exec
    exec(code, module.__dict__)  # noqa: S102
  File "C:\Capstone_Project\app.py", line 1643, in <module>
    main()
  File "C:\Capstone_Project\app.py", line 1636, in main
    with tab2: tab_eda(df)
  File "C:\Capstone_Project\app.py", line 466, in tab_eda
    view = st.radio("", EDA_VIEWS, key="eda_nav", label_visibility="collapsed")
  File "C:\Users\A0496749\AppData\Local\Programs\Python\Python312\Lib\site-packages\streamlit\runtime\metrics_util.py", line 532, in wrapped_func
    result = non_optional_func(*args, **kwargs)
  File "C:\Users\A0496749\AppData\Local\Programs\Python\Python312\Lib\site-packages\streamlit\elements\widgets\radio.py", line 402, in radio
    return self._radio(
  File "C:\Users\A0496749\AppData\Local\Programs\Python\Python312\Lib\site-packages\streamlit\elements\widgets\radio.py", line 449, in _radio
    maybe_raise_label_warnings(label, label_visibility)
  File "C:\Users\A0496749\AppData\Local\Programs\Python\Python312\Lib\site-packages\streamlit\elements\lib\policies.py", line 187, in maybe_raise_label_warnings
    _LOGGER.warning(
2026-03-26 23:12:59.585 Please replace `use_container_width` with `width`.

`use_container_width` will be removed after 2025-12-31.

For `use_container_width=True`, use `width='stretch'`. For `use_container_width=False`, use `width='content'`.
2026-03-26 23:12:59.597 Please replace `use_container_width` with `width`.

`use_container_width` will be removed after 2025-12-31.

For `use_container_width=True`, use `width='stretch'`. For `use_container_width=False`, use `width='content'`.
2026-03-26 23:12:59.647 Please replace `use_container_width` with `width`.

`use_container_width` will be removed after 2025-12-31.

For `use_container_width=True`, use `width='stretch'`. For `use_container_width=False`, use `width='content'`.
2026-03-26 23:12:59.706 Please replace `use_container_width` with `width`.

`use_container_width` will be removed after 2025-12-31.

For `use_container_width=True`, use `width='stretch'`. For `use_container_width=False`, use `width='content'`.
2026-03-26 23:12:59.732 Please replace `use_container_width` with `width`.

`use_container_width` will be removed after 2025-12-31.

For `use_container_width=True`, use `width='stretch'`. For `use_container_width=False`, use `width='content'`.
2026-03-26 23:12:59.768 Please replace `use_container_width` with `width`.

`use_container_width` will be removed after 2025-12-31.

For `use_container_width=True`, use `width='stretch'`. For `use_container_width=False`, use `width='content'`.
2026-03-26 23:12:59.790 Please replace `use_container_width` with `width`.

`use_container_width` will be removed after 2025-12-31.

For `use_container_width=True`, use `width='stretch'`. For `use_container_width=False`, use `width='content'`.
